activeCount,avgRho,condition,entropy,mass,maxFluxAbs,maxRho,param_c_press,param_damping,param_dt,param_rng_seed,rep,rhoMaxId,step,t,totalFlux,vortNorm_global,vortNorm_global_ema
1,0.3555897468913161,dt=0.08,0.013802906973560217,49.78256456478426,0.23251271694971593,49.38698240095843,0.1,0.2,0.08,42,0,1,10,0.7999999999999999,2.080801432744886,0.0,0.0
4,0.35446155158491427,dt=0.08,0.04142593811567572,49.624617221887995,0.33374966502419817,48.42272742344015,0.1,0.2,0.08,42,0,1,20,1.6000000000000003,3.9952241863512623,0.0,0.0
4,0.3532514712189352,dt=0.08,0.0735420732802453,49.45520597065093,0.38137540423361566,47.28172705324818,0.1,0.2,0.08,42,0,1,30,2.400000000000001,4.923663347017818,0.0,0.0
4,0.3519569063536887,dt=0.08,0.10609010866873433,49.273966889516416,0.4049568794582643,46.06193298073063,0.1,0.2,0.08,42,0,1,40,3.2000000000000015,5.314596201038643,0.0,0.0
4,0.3499068136090623,dt=0.08,0.13558907657270536,48.98695390526872,0.4172764812872209,44.80503367636384,0.1,0.2,0.08,42,0,1,50,4.000000000000002,5.710295787293568,0.0,0.0
5,0.347547354817305,dt=0.08,0.1639945755411458,48.656629674422696,0.42522054686532673,43.528702257349515,0.1,0.2,0.08,42,0,1,60,4.8000000000000025,5.996026260945918,0.0,0.0
5,0.3456818595322834,dt=0.08,0.19448660269117932,48.395460334519676,0.43124688213288503,42.24001502527379,0.1,0.2,0.08,42,0,1,70,5.600000000000003,6.125405870696751,0.0,0.0
6,0.3440243715227985,dt=0.08,0.22545185581304336,48.163412013191795,0.43599940523979036,40.94235318807601,0.1,0.2,0.08,42,0,1,80,6.400000000000004,6.2145248683838545,0.0,0.0
11,0.3422717743421702,dt=0.08,0.25575420552033556,47.91804840790383,0.44012079989460473,39.63772043139521,0.1,0.2,0.08,42,0,1,90,7.200000000000005,6.327645316057586,0.0,0.0
15,0.33973974969663445,dt=0.08,0.2831748968056353,47.563564957528826,0.4439292204290396,38.327271482321365,0.1,0.2,0.08,42,0,1,100,8.000000000000005,6.402899178385009,0.0,0.0
21,0.33667882595911314,dt=0.08,0.308863654744594,47.13503563427584,0.447422678223487,37.011809601183636,0.1,0.2,0.08,42,0,1,110,8.800000000000006,6.4985398423732805,0.0,0.0
28,0.33389453820226106,dt=0.08,0.33563812995460385,46.74523534831655,0.4506617604101615,35.69199763413358,0.1,0.2,0.08,42,0,1,120,9.600000000000007,6.610739660057389,0.0,0.0
40,0.3318118610851246,dt=0.08,0.36460290329617456,46.453660551917444,0.4536461145064377,34.36843608463098,0.1,0.2,0.08,42,0,1,130,10.400000000000007,6.642916680784175,0.0,0.0
55,0.32963624699709315,dt=0.08,0.39309020031731257,46.14907457959304,0.45628544915086905,33.041851426132155,0.1,0.2,0.08,42,0,1,140,11.200000000000008,6.6883482838821635,0.0,0.0
78,0.3267945729812704,dt=0.08,0.4195967673082887,45.751240217377855,0.45860785356928435,31.713075324580487,0.1,0.2,0.08,42,0,1,150,12.000000000000009,6.728624651405988,0.0,0.0
88,0.3231986443313171,dt=0.08,0.44411901982126695,45.24781020638439,0.46067127194051144,30.382893835470114,0.1,0.2,0.08,42,0,1,160,12.80000000000001,6.784731164645669,0.0,0.0
97,0.31965051334355327,dt=0.08,0.46896616512626554,44.751071868097455,0.4624819335280875,29.052025879919157,0.1,0.2,0.08,42,0,1,170,13.60000000000001,6.8541653625428465,0.0,0.0
98,0.317177733832244,dt=0.08,0.496639527589517,44.40488273651416,0.4639708929669249,27.721232290564707,0.1,0.2,0.08,42,0,1,180,14.400000000000011,6.868650485120844,0.0,0.0
105,0.31461513241099587,dt=0.08,0.5239179245298652,44.04611853753942,0.46504562327935867,26.39144070479994,0.1,0.2,0.08,42,0,1,190,15.200000000000012,6.878300431838086,0.0,0.0
106,0.311726425304679,dt=0.08,0.5503192976020279,43.641699542655054,0.46571801244022126,25.063699566592792,0.1,0.2,0.08,42,0,1,200,16.00000000000001,6.885830702289075,0.0,0.0
107,0.30769868909159515,dt=0.08,0.5742292035586007,43.07781647282332,0.466021543697852,23.73904599343019,0.1,0.2,0.08,42,0,1,210,16.799999999999994,6.905890747537564,0.0,0.0
111,0.30345039878276964,dt=0.08,0.5978108341402819,42.48305582958775,0.46596530756408305,22.418490825126394,0.1,0.2,0.08,42,0,1,220,17.599999999999977,6.941178517004357,0.0,0.0
114,0.3006281210151259,dt=0.08,0.6243343592098306,42.08793694211763,0.4654898344505062,21.10308594978741,0.1,0.2,0.08,42,0,1,230,18.39999999999996,6.941166918723464,0.0,0.0
120,0.2977141056947971,dt=0.08,0.6504305196986572,41.6799747972716,0.4644700870248011,19.794066214235077,0.1,0.2,0.08,42,0,1,240,19.199999999999942,6.9146177608330195,0.0,0.0
122,0.2947330280913111,dt=0.08,0.6761463132243005,41.26262393278355,0.46286997338076635,18.49287015103509,0.1,0.2,0.08,42,0,1,250,19.999999999999925,6.890595458984814,0.0,0.0
125,0.29035231035117204,dt=0.08,0.6993648515090494,40.649323449164086,0.46070881204842223,17.201004173842744,0.1,0.2,0.08,42,0,1,260,20.79999999999991,6.870608513446583,0.0,0.0
125,0.28579979457487775,dt=0.08,0.7222788114000638,40.011971240482886,0.4579726107256178,15.920016826527613,0.1,0.2,0.08,42,0,1,270,21.59999999999989,6.864405830664275,0.0,0.0
126,0.2821834024896744,dt=0.08,0.7464997927338889,39.50567634855442,0.45458027650930677,14.651566344329758,0.1,0.2,0.08,42,0,1,280,22.399999999999874,6.842104418834531,0.0,0.0
127,0.2789651180697977,dt=0.08,0.770891497658662,39.055116529771674,0.4503733319336915,13.397569368497006,0.1,0.2,0.08,42,0,1,290,23.199999999999857,6.768407758899674,0.0,0.0
128,0.27568265331769776,dt=0.08,0.7946774035922163,38.595571464477686,0.44522212750916845,12.160299451585951,0.1,0.2,0.08,42,0,1,300,23.99999999999984,6.6958745856607695,0.0,0.0
128,0.2712928079992198,dt=0.08,0.8166784808369615,37.98099311989077,0.4390729210512078,10.942306680755722,0.1,0.2,0.08,42,0,1,310,24.799999999999823,6.618666953739566,0.0,0.0
128,0.2665190984085134,dt=0.08,0.8378320190881305,37.312673777191876,0.43183619458267974,9.74639610669809,0.1,0.2,0.08,42,0,1,320,25.599999999999806,6.5490593081112545,0.0,0.0
128,0.2623565562553815,dt=0.08,0.8590760589847591,36.729917875753415,0.42332877623221093,8.575738552358898,0.1,0.2,0.08,42,0,1,330,26.39999999999979,6.465216924755472,0.0,0.0
128,0.2588951305373917,dt=0.08,0.8801137136616213,36.24531827523484,0.41324554253693957,7.434105932804636,0.1,0.2,0.08,42,0,1,340,27.199999999999772,6.320044255010821,0.0,0.0
128,0.25538212051626935,dt=0.08,0.8999935121789805,35.75349687227771,0.4010836230246144,6.326189100684879,0.1,0.2,0.08,42,0,1,350,27.999999999999755,6.155990806381373,0.0,0.0
128,0.2512151924859626,dt=0.08,0.918142418270043,35.17012694803476,0.3845557058483121,5.26084225480019,0.1,0.2,0.08,42,0,1,360,28.799999999999738,5.9512661727579905,0.0,0.0
128,0.24636851483732808,dt=0.08,0.9344074273309878,34.49159207722593,0.3638896698550502,4.250073080512861,0.1,0.2,0.08,42,0,1,370,29.59999999999972,5.715426746820064,0.0,0.0
128,0.24183880375364636,dt=0.08,0.9491341840608359,33.85743252551049,0.33930854810425265,3.3043932020635953,0.1,0.2,0.08,42,0,1,380,30.399999999999704,5.4349842692764385,0.0,0.0
128,0.23823465179313782,dt=0.08,0.9621508485929203,33.3528512510393,0.31020175320185084,2.4349191180907113,0.1,0.2,0.08,42,0,1,390,31.199999999999687,5.065777690887803,0.0,0.0
128,0.23460909693581483,dt=0.08,0.9725897332287871,32.845273571014076,0.2752896033629646,1.6553585299343725,0.1,0.2,0.08,42,0,1,400,31.99999999999967,4.624441977640622,0.0,0.0
128,0.2306763810648378,dt=0.08,0.9800454443674403,32.29469334907729,0.23251358127969005,0.9840327554977997,0.1,0.2,0.08,42,0,1,410,32.799999999999656,4.096054373814612,0.0,0.0
128,0.2260782238724139,dt=0.08,0.9841309658841746,31.650951342137947,0.1784846264332994,0.6094954037428034,0.1,0.2,0.08,42,0,132,420,33.59999999999964,3.461417166311547,0.0,0.0
127,0.2215298672828585,dt=0.08,0.984792987533634,31.01418141960019,0.10853088535317637,0.548531482693921,0.1,0.2,0.08,42,0,132,430,34.39999999999962,2.6718884413925035,0.0,0.0
127,0.2185578005210839,dt=0.08,0.9846483312068378,30.598092072951747,0.03545110199273987,0.4724942655981919,0.1,0.2,0.08,42,0,132,440,35.199999999999605,1.8049150103681524,0.0,0.0
127,0.21524742299179245,dt=0.08,0.9855355028495273,30.134639218850943,0.020605181994886396,0.3941370035663219,0.1,0.2,0.08,42,0,132,450,35.99999999999959,1.3211380689293004,0.0,0.0
127,0.21177367255365706,dt=0.08,0.9867362483502857,29.648314157511987,0.025021706246457078,0.3276688933500311,0.1,0.2,0.08,42,0,132,460,36.79999999999957,1.160788672869269,0.0,0.0
127,0.20794055034678993,dt=0.08,0.9874652260664564,29.11167704855059,0.016463741203766195,0.2799500178913996,0.1,0.2,0.08,42,0,132,470,37.599999999999554,0.9857337436973445,0.0,0.0
127,0.20422336575914996,dt=0.08,0.9878688896338803,28.591271206280993,0.016100860883965187,0.2589448659340021,0.1,0.2,0.08,42,0,43,480,38.39999999999954,0.8187705123383703,0.0,0.0
127,0.20090416582937484,dt=0.08,0.9881796573172983,28.12658321611248,0.015706745325541775,0.24880271089973668,0.1,0.2,0.08,42,0,43,490,39.19999999999952,0.7184320612427291,0.0,0.0
127,0.19771294796116193,dt=0.08,0.9884178448789682,27.67981271456267,0.015382331298827353,0.23933876938934806,0.1,0.2,0.08,42,0,43,500,39.9999999999995,0.627540192410013,0.0,0.0
1,0.3555897468913161,dt=0.08,0.013802906973560217,49.78256456478426,0.23251271694971593,49.38698240095843,0.1,0.2,0.08,42,1,1,10,0.7999999999999999,2.080801432744886,0.0,0.0
4,0.35446155158491427,dt=0.08,0.04142593811567572,49.624617221887995,0.33374966502419817,48.42272742344015,0.1,0.2,0.08,42,1,1,20,1.6000000000000003,3.9952241863512623,0.0,0.0
4,0.3532514712189352,dt=0.08,0.0735420732802453,49.45520597065093,0.38137540423361566,47.28172705324818,0.1,0.2,0.08,42,1,1,30,2.400000000000001,4.923663347017818,0.0,0.0
4,0.3519569063536887,dt=0.08,0.10609010866873433,49.273966889516416,0.4049568794582643,46.06193298073063,0.1,0.2,0.08,42,1,1,40,3.2000000000000015,5.314596201038643,0.0,0.0
4,0.3499068136090623,dt=0.08,0.13558907657270536,48.98695390526872,0.4172764812872209,44.80503367636384,0.1,0.2,0.08,42,1,1,50,4.000000000000002,5.710295787293568,0.0,0.0
5,0.347547354817305,dt=0.08,0.1639945755411458,48.656629674422696,0.42522054686532673,43.528702257349515,0.1,0.2,0.08,42,1,1,60,4.8000000000000025,5.996026260945918,0.0,0.0
5,0.3456818595322834,dt=0.08,0.19448660269117932,48.395460334519676,0.43124688213288503,42.24001502527379,0.1,0.2,0.08,42,1,1,70,5.600000000000003,6.125405870696751,0.0,0.0
6,0.3440243715227985,dt=0.08,0.22545185581304336,48.163412013191795,0.43599940523979036,40.94235318807601,0.1,0.2,0.08,42,1,1,80,6.400000000000004,6.2145248683838545,0.0,0.0
11,0.3422717743421702,dt=0.08,0.25575420552033556,47.91804840790383,0.44012079989460473,39.63772043139521,0.1,0.2,0.08,42,1,1,90,7.200000000000005,6.327645316057586,0.0,0.0
15,0.33973974969663445,dt=0.08,0.2831748968056353,47.563564957528826,0.4439292204290396,38.327271482321365,0.1,0.2,0.08,42,1,1,100,8.000000000000005,6.402899178385009,0.0,0.0
21,0.33667882595911314,dt=0.08,0.308863654744594,47.13503563427584,0.447422678223487,37.011809601183636,0.1,0.2,0.08,42,1,1,110,8.800000000000006,6.4985398423732805,0.0,0.0
28,0.33389453820226106,dt=0.08,0.33563812995460385,46.74523534831655,0.4506617604101615,35.69199763413358,0.1,0.2,0.08,42,1,1,120,9.600000000000007,6.610739660057389,0.0,0.0
40,0.3318118610851246,dt=0.08,0.36460290329617456,46.453660551917444,0.4536461145064377,34.36843608463098,0.1,0.2,0.08,42,1,1,130,10.400000000000007,6.642916680784175,0.0,0.0
55,0.32963624699709315,dt=0.08,0.39309020031731257,46.14907457959304,0.45628544915086905,33.041851426132155,0.1,0.2,0.08,42,1,1,140,11.200000000000008,6.6883482838821635,0.0,0.0
78,0.3267945729812704,dt=0.08,0.4195967673082887,45.751240217377855,0.45860785356928435,31.713075324580487,0.1,0.2,0.08,42,1,1,150,12.000000000000009,6.728624651405988,0.0,0.0
88,0.3231986443313171,dt=0.08,0.44411901982126695,45.24781020638439,0.46067127194051144,30.382893835470114,0.1,0.2,0.08,42,1,1,160,12.80000000000001,6.784731164645669,0.0,0.0
97,0.31965051334355327,dt=0.08,0.46896616512626554,44.751071868097455,0.4624819335280875,29.052025879919157,0.1,0.2,0.08,42,1,1,170,13.60000000000001,6.8541653625428465,0.0,0.0
98,0.317177733832244,dt=0.08,0.496639527589517,44.40488273651416,0.4639708929669249,27.721232290564707,0.1,0.2,0.08,42,1,1,180,14.400000000000011,6.868650485120844,0.0,0.0
105,0.31461513241099587,dt=0.08,0.5239179245298652,44.04611853753942,0.46504562327935867,26.39144070479994,0.1,0.2,0.08,42,1,1,190,15.200000000000012,6.878300431838086,0.0,0.0
106,0.311726425304679,dt=0.08,0.5503192976020279,43.641699542655054,0.46571801244022126,25.063699566592792,0.1,0.2,0.08,42,1,1,200,16.00000000000001,6.885830702289075,0.0,0.0
107,0.30769868909159515,dt=0.08,0.5742292035586007,43.07781647282332,0.466021543697852,23.73904599343019,0.1,0.2,0.08,42,1,1,210,16.799999999999994,6.905890747537564,0.0,0.0
111,0.30345039878276964,dt=0.08,0.5978108341402819,42.48305582958775,0.46596530756408305,22.418490825126394,0.1,0.2,0.08,42,1,1,220,17.599999999999977,6.941178517004357,0.0,0.0
114,0.3006281210151259,dt=0.08,0.6243343592098306,42.08793694211763,0.4654898344505062,21.10308594978741,0.1,0.2,0.08,42,1,1,230,18.39999999999996,6.941166918723464,0.0,0.0
120,0.2977141056947971,dt=0.08,0.6504305196986572,41.6799747972716,0.4644700870248011,19.794066214235077,0.1,0.2,0.08,42,1,1,240,19.199999999999942,6.9146177608330195,0.0,0.0
122,0.2947330280913111,dt=0.08,0.6761463132243005,41.26262393278355,0.46286997338076635,18.49287015103509,0.1,0.2,0.08,42,1,1,250,19.999999999999925,6.890595458984814,0.0,0.0
125,0.29035231035117204,dt=0.08,0.6993648515090494,40.649323449164086,0.46070881204842223,17.201004173842744,0.1,0.2,0.08,42,1,1,260,20.79999999999991,6.870608513446583,0.0,0.0
125,0.28579979457487775,dt=0.08,0.7222788114000638,40.011971240482886,0.4579726107256178,15.920016826527613,0.1,0.2,0.08,42,1,1,270,21.59999999999989,6.864405830664275,0.0,0.0
126,0.2821834024896744,dt=0.08,0.7464997927338889,39.50567634855442,0.45458027650930677,14.651566344329758,0.1,0.2,0.08,42,1,1,280,22.399999999999874,6.842104418834531,0.0,0.0
127,0.2789651180697977,dt=0.08,0.770891497658662,39.055116529771674,0.4503733319336915,13.397569368497006,0.1,0.2,0.08,42,1,1,290,23.199999999999857,6.768407758899674,0.0,0.0
128,0.27568265331769776,dt=0.08,0.7946774035922163,38.595571464477686,0.44522212750916845,12.160299451585951,0.1,0.2,0.08,42,1,1,300,23.99999999999984,6.6958745856607695,0.0,0.0
128,0.2712928079992198,dt=0.08,0.8166784808369615,37.98099311989077,0.4390729210512078,10.942306680755722,0.1,0.2,0.08,42,1,1,310,24.799999999999823,6.618666953739566,0.0,0.0
128,0.2665190984085134,dt=0.08,0.8378320190881305,37.312673777191876,0.43183619458267974,9.74639610669809,0.1,0.2,0.08,42,1,1,320,25.599999999999806,6.5490593081112545,0.0,0.0
128,0.2623565562553815,dt=0.08,0.8590760589847591,36.729917875753415,0.42332877623221093,8.575738552358898,0.1,0.2,0.08,42,1,1,330,26.39999999999979,6.465216924755472,0.0,0.0
128,0.2588951305373917,dt=0.08,0.8801137136616213,36.24531827523484,0.41324554253693957,7.434105932804636,0.1,0.2,0.08,42,1,1,340,27.199999999999772,6.320044255010821,0.0,0.0
128,0.25538212051626935,dt=0.08,0.8999935121789805,35.75349687227771,0.4010836230246144,6.326189100684879,0.1,0.2,0.08,42,1,1,350,27.999999999999755,6.155990806381373,0.0,0.0
128,0.2512151924859626,dt=0.08,0.918142418270043,35.17012694803476,0.3845557058483121,5.26084225480019,0.1,0.2,0.08,42,1,1,360,28.799999999999738,5.9512661727579905,0.0,0.0
128,0.24636851483732808,dt=0.08,0.9344074273309878,34.49159207722593,0.3638896698550502,4.250073080512861,0.1,0.2,0.08,42,1,1,370,29.59999999999972,5.715426746820064,0.0,0.0
128,0.24183880375364636,dt=0.08,0.9491341840608359,33.85743252551049,0.33930854810425265,3.3043932020635953,0.1,0.2,0.08,42,1,1,380,30.399999999999704,5.4349842692764385,0.0,0.0
128,0.23823465179313782,dt=0.08,0.9621508485929203,33.3528512510393,0.31020175320185084,2.4349191180907113,0.1,0.2,0.08,42,1,1,390,31.199999999999687,5.065777690887803,0.0,0.0
128,0.23460909693581483,dt=0.08,0.9725897332287871,32.845273571014076,0.2752896033629646,1.6553585299343725,0.1,0.2,0.08,42,1,1,400,31.99999999999967,4.624441977640622,0.0,0.0
128,0.2306763810648378,dt=0.08,0.9800454443674403,32.29469334907729,0.23251358127969005,0.9840327554977997,0.1,0.2,0.08,42,1,1,410,32.799999999999656,4.096054373814612,0.0,0.0
128,0.2260782238724139,dt=0.08,0.9841309658841746,31.650951342137947,0.1784846264332994,0.6094954037428034,0.1,0.2,0.08,42,1,132,420,33.59999999999964,3.461417166311547,0.0,0.0
127,0.2215298672828585,dt=0.08,0.984792987533634,31.01418141960019,0.10853088535317637,0.548531482693921,0.1,0.2,0.08,42,1,132,430,34.39999999999962,2.6718884413925035,0.0,0.0
127,0.2185578005210839,dt=0.08,0.9846483312068378,30.598092072951747,0.03545110199273987,0.4724942655981919,0.1,0.2,0.08,42,1,132,440,35.199999999999605,1.8049150103681524,0.0,0.0
127,0.21524742299179245,dt=0.08,0.9855355028495273,30.134639218850943,0.020605181994886396,0.3941370035663219,0.1,0.2,0.08,42,1,132,450,35.99999999999959,1.3211380689293004,0.0,0.0
127,0.21177367255365706,dt=0.08,0.9867362483502857,29.648314157511987,0.025021706246457078,0.3276688933500311,0.1,0.2,0.08,42,1,132,460,36.79999999999957,1.160788672869269,0.0,0.0
127,0.20794055034678993,dt=0.08,0.9874652260664564,29.11167704855059,0.016463741203766195,0.2799500178913996,0.1,0.2,0.08,42,1,132,470,37.599999999999554,0.9857337436973445,0.0,0.0
127,0.20422336575914996,dt=0.08,0.9878688896338803,28.591271206280993,0.016100860883965187,0.2589448659340021,0.1,0.2,0.08,42,1,43,480,38.39999999999954,0.8187705123383703,0.0,0.0
127,0.20090416582937484,dt=0.08,0.9881796573172983,28.12658321611248,0.015706745325541775,0.24880271089973668,0.1,0.2,0.08,42,1,43,490,39.19999999999952,0.7184320612427291,0.0,0.0
127,0.19771294796116193,dt=0.08,0.9884178448789682,27.67981271456267,0.015382331298827353,0.23933876938934806,0.1,0.2,0.08,42,1,43,500,39.9999999999995,0.627540192410013,0.0,0.0
1,0.3555897468913161,dt=0.08,0.013802906973560217,49.78256456478426,0.23251271694971593,49.38698240095843,0.1,0.2,0.08,42,2,1,10,0.7999999999999999,2.080801432744886,0.0,0.0
4,0.35446155158491427,dt=0.08,0.04142593811567572,49.624617221887995,0.33374966502419817,48.42272742344015,0.1,0.2,0.08,42,2,1,20,1.6000000000000003,3.9952241863512623,0.0,0.0
4,0.3532514712189352,dt=0.08,0.0735420732802453,49.45520597065093,0.38137540423361566,47.28172705324818,0.1,0.2,0.08,42,2,1,30,2.400000000000001,4.923663347017818,0.0,0.0
4,0.3519569063536887,dt=0.08,0.10609010866873433,49.273966889516416,0.4049568794582643,46.06193298073063,0.1,0.2,0.08,42,2,1,40,3.2000000000000015,5.314596201038643,0.0,0.0
4,0.3499068136090623,dt=0.08,0.13558907657270536,48.98695390526872,0.4172764812872209,44.80503367636384,0.1,0.2,0.08,42,2,1,50,4.000000000000002,5.710295787293568,0.0,0.0
5,0.347547354817305,dt=0.08,0.1639945755411458,48.656629674422696,0.42522054686532673,43.528702257349515,0.1,0.2,0.08,42,2,1,60,4.8000000000000025,5.996026260945918,0.0,0.0
5,0.3456818595322834,dt=0.08,0.19448660269117932,48.395460334519676,0.43124688213288503,42.24001502527379,0.1,0.2,0.08,42,2,1,70,5.600000000000003,6.125405870696751,0.0,0.0
6,0.3440243715227985,dt=0.08,0.22545185581304336,48.163412013191795,0.43599940523979036,40.94235318807601,0.1,0.2,0.08,42,2,1,80,6.400000000000004,6.2145248683838545,0.0,0.0
11,0.3422717743421702,dt=0.08,0.25575420552033556,47.91804840790383,0.44012079989460473,39.63772043139521,0.1,0.2,0.08,42,2,1,90,7.200000000000005,6.327645316057586,0.0,0.0
15,0.33973974969663445,dt=0.08,0.2831748968056353,47.563564957528826,0.4439292204290396,38.327271482321365,0.1,0.2,0.08,42,2,1,100,8.000000000000005,6.402899178385009,0.0,0.0
21,0.33667882595911314,dt=0.08,0.308863654744594,47.13503563427584,0.447422678223487,37.011809601183636,0.1,0.2,0.08,42,2,1,110,8.800000000000006,6.4985398423732805,0.0,0.0
28,0.33389453820226106,dt=0.08,0.33563812995460385,46.74523534831655,0.4506617604101615,35.69199763413358,0.1,0.2,0.08,42,2,1,120,9.600000000000007,6.610739660057389,0.0,0.0
40,0.3318118610851246,dt=0.08,0.36460290329617456,46.453660551917444,0.4536461145064377,34.36843608463098,0.1,0.2,0.08,42,2,1,130,10.400000000000007,6.642916680784175,0.0,0.0
55,0.32963624699709315,dt=0.08,0.39309020031731257,46.14907457959304,0.45628544915086905,33.041851426132155,0.1,0.2,0.08,42,2,1,140,11.200000000000008,6.6883482838821635,0.0,0.0
78,0.3267945729812704,dt=0.08,0.4195967673082887,45.751240217377855,0.45860785356928435,31.713075324580487,0.1,0.2,0.08,42,2,1,150,12.000000000000009,6.728624651405988,0.0,0.0
88,0.3231986443313171,dt=0.08,0.44411901982126695,45.24781020638439,0.46067127194051144,30.382893835470114,0.1,0.2,0.08,42,2,1,160,12.80000000000001,6.784731164645669,0.0,0.0
97,0.31965051334355327,dt=0.08,0.46896616512626554,44.751071868097455,0.4624819335280875,29.052025879919157,0.1,0.2,0.08,42,2,1,170,13.60000000000001,6.8541653625428465,0.0,0.0
98,0.317177733832244,dt=0.08,0.496639527589517,44.40488273651416,0.4639708929669249,27.721232290564707,0.1,0.2,0.08,42,2,1,180,14.400000000000011,6.868650485120844,0.0,0.0
105,0.31461513241099587,dt=0.08,0.5239179245298652,44.04611853753942,0.46504562327935867,26.39144070479994,0.1,0.2,0.08,42,2,1,190,15.200000000000012,6.878300431838086,0.0,0.0
106,0.311726425304679,dt=0.08,0.5503192976020279,43.641699542655054,0.46571801244022126,25.063699566592792,0.1,0.2,0.08,42,2,1,200,16.00000000000001,6.885830702289075,0.0,0.0
107,0.30769868909159515,dt=0.08,0.5742292035586007,43.07781647282332,0.466021543697852,23.73904599343019,0.1,0.2,0.08,42,2,1,210,16.799999999999994,6.905890747537564,0.0,0.0
111,0.30345039878276964,dt=0.08,0.5978108341402819,42.48305582958775,0.46596530756408305,22.418490825126394,0.1,0.2,0.08,42,2,1,220,17.599999999999977,6.941178517004357,0.0,0.0
114,0.3006281210151259,dt=0.08,0.6243343592098306,42.08793694211763,0.4654898344505062,21.10308594978741,0.1,0.2,0.08,42,2,1,230,18.39999999999996,6.941166918723464,0.0,0.0
120,0.2977141056947971,dt=0.08,0.6504305196986572,41.6799747972716,0.4644700870248011,19.794066214235077,0.1,0.2,0.08,42,2,1,240,19.199999999999942,6.9146177608330195,0.0,0.0
122,0.2947330280913111,dt=0.08,0.6761463132243005,41.26262393278355,0.46286997338076635,18.49287015103509,0.1,0.2,0.08,42,2,1,250,19.999999999999925,6.890595458984814,0.0,0.0
125,0.29035231035117204,dt=0.08,0.6993648515090494,40.649323449164086,0.46070881204842223,17.201004173842744,0.1,0.2,0.08,42,2,1,260,20.79999999999991,6.870608513446583,0.0,0.0
125,0.28579979457487775,dt=0.08,0.7222788114000638,40.011971240482886,0.4579726107256178,15.920016826527613,0.1,0.2,0.08,42,2,1,270,21.59999999999989,6.864405830664275,0.0,0.0
126,0.2821834024896744,dt=0.08,0.7464997927338889,39.50567634855442,0.45458027650930677,14.651566344329758,0.1,0.2,0.08,42,2,1,280,22.399999999999874,6.842104418834531,0.0,0.0
127,0.2789651180697977,dt=0.08,0.770891497658662,39.055116529771674,0.4503733319336915,13.397569368497006,0.1,0.2,0.08,42,2,1,290,23.199999999999857,6.768407758899674,0.0,0.0
128,0.27568265331769776,dt=0.08,0.7946774035922163,38.595571464477686,0.44522212750916845,12.160299451585951,0.1,0.2,0.08,42,2,1,300,23.99999999999984,6.6958745856607695,0.0,0.0
128,0.2712928079992198,dt=0.08,0.8166784808369615,37.98099311989077,0.4390729210512078,10.942306680755722,0.1,0.2,0.08,42,2,1,310,24.799999999999823,6.618666953739566,0.0,0.0
128,0.2665190984085134,dt=0.08,0.8378320190881305,37.312673777191876,0.43183619458267974,9.74639610669809,0.1,0.2,0.08,42,2,1,320,25.599999999999806,6.5490593081112545,0.0,0.0
128,0.2623565562553815,dt=0.08,0.8590760589847591,36.729917875753415,0.42332877623221093,8.575738552358898,0.1,0.2,0.08,42,2,1,330,26.39999999999979,6.465216924755472,0.0,0.0
128,0.2588951305373917,dt=0.08,0.8801137136616213,36.24531827523484,0.41324554253693957,7.434105932804636,0.1,0.2,0.08,42,2,1,340,27.199999999999772,6.320044255010821,0.0,0.0
128,0.25538212051626935,dt=0.08,0.8999935121789805,35.75349687227771,0.4010836230246144,6.326189100684879,0.1,0.2,0.08,42,2,1,350,27.999999999999755,6.155990806381373,0.0,0.0
128,0.2512151924859626,dt=0.08,0.918142418270043,35.17012694803476,0.3845557058483121,5.26084225480019,0.1,0.2,0.08,42,2,1,360,28.799999999999738,5.9512661727579905,0.0,0.0
128,0.24636851483732808,dt=0.08,0.9344074273309878,34.49159207722593,0.3638896698550502,4.250073080512861,0.1,0.2,0.08,42,2,1,370,29.59999999999972,5.715426746820064,0.0,0.0
128,0.24183880375364636,dt=0.08,0.9491341840608359,33.85743252551049,0.33930854810425265,3.3043932020635953,0.1,0.2,0.08,42,2,1,380,30.399999999999704,5.4349842692764385,0.0,0.0
128,0.23823465179313782,dt=0.08,0.9621508485929203,33.3528512510393,0.31020175320185084,2.4349191180907113,0.1,0.2,0.08,42,2,1,390,31.199999999999687,5.065777690887803,0.0,0.0
128,0.23460909693581483,dt=0.08,0.9725897332287871,32.845273571014076,0.2752896033629646,1.6553585299343725,0.1,0.2,0.08,42,2,1,400,31.99999999999967,4.624441977640622,0.0,0.0
128,0.2306763810648378,dt=0.08,0.9800454443674403,32.29469334907729,0.23251358127969005,0.9840327554977997,0.1,0.2,0.08,42,2,1,410,32.799999999999656,4.096054373814612,0.0,0.0
128,0.2260782238724139,dt=0.08,0.9841309658841746,31.650951342137947,0.1784846264332994,0.6094954037428034,0.1,0.2,0.08,42,2,132,420,33.59999999999964,3.461417166311547,0.0,0.0
127,0.2215298672828585,dt=0.08,0.984792987533634,31.01418141960019,0.10853088535317637,0.548531482693921,0.1,0.2,0.08,42,2,132,430,34.39999999999962,2.6718884413925035,0.0,0.0
127,0.2185578005210839,dt=0.08,0.9846483312068378,30.598092072951747,0.03545110199273987,0.4724942655981919,0.1,0.2,0.08,42,2,132,440,35.199999999999605,1.8049150103681524,0.0,0.0
127,0.21524742299179245,dt=0.08,0.9855355028495273,30.134639218850943,0.020605181994886396,0.3941370035663219,0.1,0.2,0.08,42,2,132,450,35.99999999999959,1.3211380689293004,0.0,0.0
127,0.21177367255365706,dt=0.08,0.9867362483502857,29.648314157511987,0.025021706246457078,0.3276688933500311,0.1,0.2,0.08,42,2,132,460,36.79999999999957,1.160788672869269,0.0,0.0
127,0.20794055034678993,dt=0.08,0.9874652260664564,29.11167704855059,0.016463741203766195,0.2799500178913996,0.1,0.2,0.08,42,2,132,470,37.599999999999554,0.9857337436973445,0.0,0.0
127,0.20422336575914996,dt=0.08,0.9878688896338803,28.591271206280993,0.016100860883965187,0.2589448659340021,0.1,0.2,0.08,42,2,43,480,38.39999999999954,0.8187705123383703,0.0,0.0
127,0.20090416582937484,dt=0.08,0.9881796573172983,28.12658321611248,0.015706745325541775,0.24880271089973668,0.1,0.2,0.08,42,2,43,490,39.19999999999952,0.7184320612427291,0.0,0.0
127,0.19771294796116193,dt=0.08,0.9884178448789682,27.67981271456267,0.015382331298827353,0.23933876938934806,0.1,0.2,0.08,42,2,43,500,39.9999999999995,0.627540192410013,0.0,0.0
1,0.3555897468913161,dt=0.08,0.013802906973560217,49.78256456478426,0.23251271694971593,49.38698240095843,0.1,0.2,0.08,42,3,1,10,0.7999999999999999,2.080801432744886,0.0,0.0
4,0.35446155158491427,dt=0.08,0.04142593811567572,49.624617221887995,0.33374966502419817,48.42272742344015,0.1,0.2,0.08,42,3,1,20,1.6000000000000003,3.9952241863512623,0.0,0.0
4,0.3532514712189352,dt=0.08,0.0735420732802453,49.45520597065093,0.38137540423361566,47.28172705324818,0.1,0.2,0.08,42,3,1,30,2.400000000000001,4.923663347017818,0.0,0.0
4,0.3519569063536887,dt=0.08,0.10609010866873433,49.273966889516416,0.4049568794582643,46.06193298073063,0.1,0.2,0.08,42,3,1,40,3.2000000000000015,5.314596201038643,0.0,0.0
4,0.3499068136090623,dt=0.08,0.13558907657270536,48.98695390526872,0.4172764812872209,44.80503367636384,0.1,0.2,0.08,42,3,1,50,4.000000000000002,5.710295787293568,0.0,0.0
5,0.347547354817305,dt=0.08,0.1639945755411458,48.656629674422696,0.42522054686532673,43.528702257349515,0.1,0.2,0.08,42,3,1,60,4.8000000000000025,5.996026260945918,0.0,0.0
5,0.3456818595322834,dt=0.08,0.19448660269117932,48.395460334519676,0.43124688213288503,42.24001502527379,0.1,0.2,0.08,42,3,1,70,5.600000000000003,6.125405870696751,0.0,0.0
6,0.3440243715227985,dt=0.08,0.22545185581304336,48.163412013191795,0.43599940523979036,40.94235318807601,0.1,0.2,0.08,42,3,1,80,6.400000000000004,6.2145248683838545,0.0,0.0
11,0.3422717743421702,dt=0.08,0.25575420552033556,47.91804840790383,0.44012079989460473,39.63772043139521,0.1,0.2,0.08,42,3,1,90,7.200000000000005,6.327645316057586,0.0,0.0
15,0.33973974969663445,dt=0.08,0.2831748968056353,47.563564957528826,0.4439292204290396,38.327271482321365,0.1,0.2,0.08,42,3,1,100,8.000000000000005,6.402899178385009,0.0,0.0
21,0.33667882595911314,dt=0.08,0.308863654744594,47.13503563427584,0.447422678223487,37.011809601183636,0.1,0.2,0.08,42,3,1,110,8.800000000000006,6.4985398423732805,0.0,0.0
28,0.33389453820226106,dt=0.08,0.33563812995460385,46.74523534831655,0.4506617604101615,35.69199763413358,0.1,0.2,0.08,42,3,1,120,9.600000000000007,6.610739660057389,0.0,0.0
40,0.3318118610851246,dt=0.08,0.36460290329617456,46.453660551917444,0.4536461145064377,34.36843608463098,0.1,0.2,0.08,42,3,1,130,10.400000000000007,6.642916680784175,0.0,0.0
55,0.32963624699709315,dt=0.08,0.39309020031731257,46.14907457959304,0.45628544915086905,33.041851426132155,0.1,0.2,0.08,42,3,1,140,11.200000000000008,6.6883482838821635,0.0,0.0
78,0.3267945729812704,dt=0.08,0.4195967673082887,45.751240217377855,0.45860785356928435,31.713075324580487,0.1,0.2,0.08,42,3,1,150,12.000000000000009,6.728624651405988,0.0,0.0
88,0.3231986443313171,dt=0.08,0.44411901982126695,45.24781020638439,0.46067127194051144,30.382893835470114,0.1,0.2,0.08,42,3,1,160,12.80000000000001,6.784731164645669,0.0,0.0
97,0.31965051334355327,dt=0.08,0.46896616512626554,44.751071868097455,0.4624819335280875,29.052025879919157,0.1,0.2,0.08,42,3,1,170,13.60000000000001,6.8541653625428465,0.0,0.0
98,0.317177733832244,dt=0.08,0.496639527589517,44.40488273651416,0.4639708929669249,27.721232290564707,0.1,0.2,0.08,42,3,1,180,14.400000000000011,6.868650485120844,0.0,0.0
105,0.31461513241099587,dt=0.08,0.5239179245298652,44.04611853753942,0.46504562327935867,26.39144070479994,0.1,0.2,0.08,42,3,1,190,15.200000000000012,6.878300431838086,0.0,0.0
106,0.311726425304679,dt=0.08,0.5503192976020279,43.641699542655054,0.46571801244022126,25.063699566592792,0.1,0.2,0.08,42,3,1,200,16.00000000000001,6.885830702289075,0.0,0.0
107,0.30769868909159515,dt=0.08,0.5742292035586007,43.07781647282332,0.466021543697852,23.73904599343019,0.1,0.2,0.08,42,3,1,210,16.799999999999994,6.905890747537564,0.0,0.0
111,0.30345039878276964,dt=0.08,0.5978108341402819,42.48305582958775,0.46596530756408305,22.418490825126394,0.1,0.2,0.08,42,3,1,220,17.599999999999977,6.941178517004357,0.0,0.0
114,0.3006281210151259,dt=0.08,0.6243343592098306,42.08793694211763,0.4654898344505062,21.10308594978741,0.1,0.2,0.08,42,3,1,230,18.39999999999996,6.941166918723464,0.0,0.0
120,0.2977141056947971,dt=0.08,0.6504305196986572,41.6799747972716,0.4644700870248011,19.794066214235077,0.1,0.2,0.08,42,3,1,240,19.199999999999942,6.9146177608330195,0.0,0.0
122,0.2947330280913111,dt=0.08,0.6761463132243005,41.26262393278355,0.46286997338076635,18.49287015103509,0.1,0.2,0.08,42,3,1,250,19.999999999999925,6.890595458984814,0.0,0.0
125,0.29035231035117204,dt=0.08,0.6993648515090494,40.649323449164086,0.46070881204842223,17.201004173842744,0.1,0.2,0.08,42,3,1,260,20.79999999999991,6.870608513446583,0.0,0.0
125,0.28579979457487775,dt=0.08,0.7222788114000638,40.011971240482886,0.4579726107256178,15.920016826527613,0.1,0.2,0.08,42,3,1,270,21.59999999999989,6.864405830664275,0.0,0.0
126,0.2821834024896744,dt=0.08,0.7464997927338889,39.50567634855442,0.45458027650930677,14.651566344329758,0.1,0.2,0.08,42,3,1,280,22.399999999999874,6.842104418834531,0.0,0.0
127,0.2789651180697977,dt=0.08,0.770891497658662,39.055116529771674,0.4503733319336915,13.397569368497006,0.1,0.2,0.08,42,3,1,290,23.199999999999857,6.768407758899674,0.0,0.0
128,0.27568265331769776,dt=0.08,0.7946774035922163,38.595571464477686,0.44522212750916845,12.160299451585951,0.1,0.2,0.08,42,3,1,300,23.99999999999984,6.6958745856607695,0.0,0.0
128,0.2712928079992198,dt=0.08,0.8166784808369615,37.98099311989077,0.4390729210512078,10.942306680755722,0.1,0.2,0.08,42,3,1,310,24.799999999999823,6.618666953739566,0.0,0.0
128,0.2665190984085134,dt=0.08,0.8378320190881305,37.312673777191876,0.43183619458267974,9.74639610669809,0.1,0.2,0.08,42,3,1,320,25.599999999999806,6.5490593081112545,0.0,0.0
128,0.2623565562553815,dt=0.08,0.8590760589847591,36.729917875753415,0.42332877623221093,8.575738552358898,0.1,0.2,0.08,42,3,1,330,26.39999999999979,6.465216924755472,0.0,0.0
128,0.2588951305373917,dt=0.08,0.8801137136616213,36.24531827523484,0.41324554253693957,7.434105932804636,0.1,0.2,0.08,42,3,1,340,27.199999999999772,6.320044255010821,0.0,0.0
128,0.25538212051626935,dt=0.08,0.8999935121789805,35.75349687227771,0.4010836230246144,6.326189100684879,0.1,0.2,0.08,42,3,1,350,27.999999999999755,6.155990806381373,0.0,0.0
128,0.2512151924859626,dt=0.08,0.918142418270043,35.17012694803476,0.3845557058483121,5.26084225480019,0.1,0.2,0.08,42,3,1,360,28.799999999999738,5.9512661727579905,0.0,0.0
128,0.24636851483732808,dt=0.08,0.9344074273309878,34.49159207722593,0.3638896698550502,4.250073080512861,0.1,0.2,0.08,42,3,1,370,29.59999999999972,5.715426746820064,0.0,0.0
128,0.24183880375364636,dt=0.08,0.9491341840608359,33.85743252551049,0.33930854810425265,3.3043932020635953,0.1,0.2,0.08,42,3,1,380,30.399999999999704,5.4349842692764385,0.0,0.0
128,0.23823465179313782,dt=0.08,0.9621508485929203,33.3528512510393,0.31020175320185084,2.4349191180907113,0.1,0.2,0.08,42,3,1,390,31.199999999999687,5.065777690887803,0.0,0.0
128,0.23460909693581483,dt=0.08,0.9725897332287871,32.845273571014076,0.2752896033629646,1.6553585299343725,0.1,0.2,0.08,42,3,1,400,31.99999999999967,4.624441977640622,0.0,0.0
128,0.2306763810648378,dt=0.08,0.9800454443674403,32.29469334907729,0.23251358127969005,0.9840327554977997,0.1,0.2,0.08,42,3,1,410,32.799999999999656,4.096054373814612,0.0,0.0
128,0.2260782238724139,dt=0.08,0.9841309658841746,31.650951342137947,0.1784846264332994,0.6094954037428034,0.1,0.2,0.08,42,3,132,420,33.59999999999964,3.461417166311547,0.0,0.0
127,0.2215298672828585,dt=0.08,0.984792987533634,31.01418141960019,0.10853088535317637,0.548531482693921,0.1,0.2,0.08,42,3,132,430,34.39999999999962,2.6718884413925035,0.0,0.0
127,0.2185578005210839,dt=0.08,0.9846483312068378,30.598092072951747,0.03545110199273987,0.4724942655981919,0.1,0.2,0.08,42,3,132,440,35.199999999999605,1.8049150103681524,0.0,0.0
127,0.21524742299179245,dt=0.08,0.9855355028495273,30.134639218850943,0.020605181994886396,0.3941370035663219,0.1,0.2,0.08,42,3,132,450,35.99999999999959,1.3211380689293004,0.0,0.0
127,0.21177367255365706,dt=0.08,0.9867362483502857,29.648314157511987,0.025021706246457078,0.3276688933500311,0.1,0.2,0.08,42,3,132,460,36.79999999999957,1.160788672869269,0.0,0.0
127,0.20794055034678993,dt=0.08,0.9874652260664564,29.11167704855059,0.016463741203766195,0.2799500178913996,0.1,0.2,0.08,42,3,132,470,37.599999999999554,0.9857337436973445,0.0,0.0
127,0.20422336575914996,dt=0.08,0.9878688896338803,28.591271206280993,0.016100860883965187,0.2589448659340021,0.1,0.2,0.08,42,3,43,480,38.39999999999954,0.8187705123383703,0.0,0.0
127,0.20090416582937484,dt=0.08,0.9881796573172983,28.12658321611248,0.015706745325541775,0.24880271089973668,0.1,0.2,0.08,42,3,43,490,39.19999999999952,0.7184320612427291,0.0,0.0
127,0.19771294796116193,dt=0.08,0.9884178448789682,27.67981271456267,0.015382331298827353,0.23933876938934806,0.1,0.2,0.08,42,3,43,500,39.9999999999995,0.627540192410013,0.0,0.0
1,0.3555897468913161,dt=0.08,0.013802906973560217,49.78256456478426,0.23251271694971593,49.38698240095843,0.1,0.2,0.08,42,4,1,10,0.7999999999999999,2.080801432744886,0.0,0.0
4,0.35446155158491427,dt=0.08,0.04142593811567572,49.624617221887995,0.33374966502419817,48.42272742344015,0.1,0.2,0.08,42,4,1,20,1.6000000000000003,3.9952241863512623,0.0,0.0
4,0.3532514712189352,dt=0.08,0.0735420732802453,49.45520597065093,0.38137540423361566,47.28172705324818,0.1,0.2,0.08,42,4,1,30,2.400000000000001,4.923663347017818,0.0,0.0
4,0.3519569063536887,dt=0.08,0.10609010866873433,49.273966889516416,0.4049568794582643,46.06193298073063,0.1,0.2,0.08,42,4,1,40,3.2000000000000015,5.314596201038643,0.0,0.0
4,0.3499068136090623,dt=0.08,0.13558907657270536,48.98695390526872,0.4172764812872209,44.80503367636384,0.1,0.2,0.08,42,4,1,50,4.000000000000002,5.710295787293568,0.0,0.0
5,0.347547354817305,dt=0.08,0.1639945755411458,48.656629674422696,0.42522054686532673,43.528702257349515,0.1,0.2,0.08,42,4,1,60,4.8000000000000025,5.996026260945918,0.0,0.0
5,0.3456818595322834,dt=0.08,0.19448660269117932,48.395460334519676,0.43124688213288503,42.24001502527379,0.1,0.2,0.08,42,4,1,70,5.600000000000003,6.125405870696751,0.0,0.0
6,0.3440243715227985,dt=0.08,0.22545185581304336,48.163412013191795,0.43599940523979036,40.94235318807601,0.1,0.2,0.08,42,4,1,80,6.400000000000004,6.2145248683838545,0.0,0.0
11,0.3422717743421702,dt=0.08,0.25575420552033556,47.91804840790383,0.44012079989460473,39.63772043139521,0.1,0.2,0.08,42,4,1,90,7.200000000000005,6.327645316057586,0.0,0.0
15,0.33973974969663445,dt=0.08,0.2831748968056353,47.563564957528826,0.4439292204290396,38.327271482321365,0.1,0.2,0.08,42,4,1,100,8.000000000000005,6.402899178385009,0.0,0.0
21,0.33667882595911314,dt=0.08,0.308863654744594,47.13503563427584,0.447422678223487,37.011809601183636,0.1,0.2,0.08,42,4,1,110,8.800000000000006,6.4985398423732805,0.0,0.0
28,0.33389453820226106,dt=0.08,0.33563812995460385,46.74523534831655,0.4506617604101615,35.69199763413358,0.1,0.2,0.08,42,4,1,120,9.600000000000007,6.610739660057389,0.0,0.0
40,0.3318118610851246,dt=0.08,0.36460290329617456,46.453660551917444,0.4536461145064377,34.36843608463098,0.1,0.2,0.08,42,4,1,130,10.400000000000007,6.642916680784175,0.0,0.0
55,0.32963624699709315,dt=0.08,0.39309020031731257,46.14907457959304,0.45628544915086905,33.041851426132155,0.1,0.2,0.08,42,4,1,140,11.200000000000008,6.6883482838821635,0.0,0.0
78,0.3267945729812704,dt=0.08,0.4195967673082887,45.751240217377855,0.45860785356928435,31.713075324580487,0.1,0.2,0.08,42,4,1,150,12.000000000000009,6.728624651405988,0.0,0.0
88,0.3231986443313171,dt=0.08,0.44411901982126695,45.24781020638439,0.46067127194051144,30.382893835470114,0.1,0.2,0.08,42,4,1,160,12.80000000000001,6.784731164645669,0.0,0.0
97,0.31965051334355327,dt=0.08,0.46896616512626554,44.751071868097455,0.4624819335280875,29.052025879919157,0.1,0.2,0.08,42,4,1,170,13.60000000000001,6.8541653625428465,0.0,0.0
98,0.317177733832244,dt=0.08,0.496639527589517,44.40488273651416,0.4639708929669249,27.721232290564707,0.1,0.2,0.08,42,4,1,180,14.400000000000011,6.868650485120844,0.0,0.0
105,0.31461513241099587,dt=0.08,0.5239179245298652,44.04611853753942,0.46504562327935867,26.39144070479994,0.1,0.2,0.08,42,4,1,190,15.200000000000012,6.878300431838086,0.0,0.0
106,0.311726425304679,dt=0.08,0.5503192976020279,43.641699542655054,0.46571801244022126,25.063699566592792,0.1,0.2,0.08,42,4,1,200,16.00000000000001,6.885830702289075,0.0,0.0
107,0.30769868909159515,dt=0.08,0.5742292035586007,43.07781647282332,0.466021543697852,23.73904599343019,0.1,0.2,0.08,42,4,1,210,16.799999999999994,6.905890747537564,0.0,0.0
111,0.30345039878276964,dt=0.08,0.5978108341402819,42.48305582958775,0.46596530756408305,22.418490825126394,0.1,0.2,0.08,42,4,1,220,17.599999999999977,6.941178517004357,0.0,0.0
114,0.3006281210151259,dt=0.08,0.6243343592098306,42.08793694211763,0.4654898344505062,21.10308594978741,0.1,0.2,0.08,42,4,1,230,18.39999999999996,6.941166918723464,0.0,0.0
120,0.2977141056947971,dt=0.08,0.6504305196986572,41.6799747972716,0.4644700870248011,19.794066214235077,0.1,0.2,0.08,42,4,1,240,19.199999999999942,6.9146177608330195,0.0,0.0
122,0.2947330280913111,dt=0.08,0.6761463132243005,41.26262393278355,0.46286997338076635,18.49287015103509,0.1,0.2,0.08,42,4,1,250,19.999999999999925,6.890595458984814,0.0,0.0
125,0.29035231035117204,dt=0.08,0.6993648515090494,40.649323449164086,0.46070881204842223,17.201004173842744,0.1,0.2,0.08,42,4,1,260,20.79999999999991,6.870608513446583,0.0,0.0
125,0.28579979457487775,dt=0.08,0.7222788114000638,40.011971240482886,0.4579726107256178,15.920016826527613,0.1,0.2,0.08,42,4,1,270,21.59999999999989,6.864405830664275,0.0,0.0
126,0.2821834024896744,dt=0.08,0.7464997927338889,39.50567634855442,0.45458027650930677,14.651566344329758,0.1,0.2,0.08,42,4,1,280,22.399999999999874,6.842104418834531,0.0,0.0
127,0.2789651180697977,dt=0.08,0.770891497658662,39.055116529771674,0.4503733319336915,13.397569368497006,0.1,0.2,0.08,42,4,1,290,23.199999999999857,6.768407758899674,0.0,0.0
128,0.27568265331769776,dt=0.08,0.7946774035922163,38.595571464477686,0.44522212750916845,12.160299451585951,0.1,0.2,0.08,42,4,1,300,23.99999999999984,6.6958745856607695,0.0,0.0
128,0.2712928079992198,dt=0.08,0.8166784808369615,37.98099311989077,0.4390729210512078,10.942306680755722,0.1,0.2,0.08,42,4,1,310,24.799999999999823,6.618666953739566,0.0,0.0
128,0.2665190984085134,dt=0.08,0.8378320190881305,37.312673777191876,0.43183619458267974,9.74639610669809,0.1,0.2,0.08,42,4,1,320,25.599999999999806,6.5490593081112545,0.0,0.0
128,0.2623565562553815,dt=0.08,0.8590760589847591,36.729917875753415,0.42332877623221093,8.575738552358898,0.1,0.2,0.08,42,4,1,330,26.39999999999979,6.465216924755472,0.0,0.0
128,0.2588951305373917,dt=0.08,0.8801137136616213,36.24531827523484,0.41324554253693957,7.434105932804636,0.1,0.2,0.08,42,4,1,340,27.199999999999772,6.320044255010821,0.0,0.0
128,0.25538212051626935,dt=0.08,0.8999935121789805,35.75349687227771,0.4010836230246144,6.326189100684879,0.1,0.2,0.08,42,4,1,350,27.999999999999755,6.155990806381373,0.0,0.0
128,0.2512151924859626,dt=0.08,0.918142418270043,35.17012694803476,0.3845557058483121,5.26084225480019,0.1,0.2,0.08,42,4,1,360,28.799999999999738,5.9512661727579905,0.0,0.0
128,0.24636851483732808,dt=0.08,0.9344074273309878,34.49159207722593,0.3638896698550502,4.250073080512861,0.1,0.2,0.08,42,4,1,370,29.59999999999972,5.715426746820064,0.0,0.0
128,0.24183880375364636,dt=0.08,0.9491341840608359,33.85743252551049,0.33930854810425265,3.3043932020635953,0.1,0.2,0.08,42,4,1,380,30.399999999999704,5.4349842692764385,0.0,0.0
128,0.23823465179313782,dt=0.08,0.9621508485929203,33.3528512510393,0.31020175320185084,2.4349191180907113,0.1,0.2,0.08,42,4,1,390,31.199999999999687,5.065777690887803,0.0,0.0
128,0.23460909693581483,dt=0.08,0.9725897332287871,32.845273571014076,0.2752896033629646,1.6553585299343725,0.1,0.2,0.08,42,4,1,400,31.99999999999967,4.624441977640622,0.0,0.0
128,0.2306763810648378,dt=0.08,0.9800454443674403,32.29469334907729,0.23251358127969005,0.9840327554977997,0.1,0.2,0.08,42,4,1,410,32.799999999999656,4.096054373814612,0.0,0.0
128,0.2260782238724139,dt=0.08,0.9841309658841746,31.650951342137947,0.1784846264332994,0.6094954037428034,0.1,0.2,0.08,42,4,132,420,33.59999999999964,3.461417166311547,0.0,0.0
127,0.2215298672828585,dt=0.08,0.984792987533634,31.01418141960019,0.10853088535317637,0.548531482693921,0.1,0.2,0.08,42,4,132,430,34.39999999999962,2.6718884413925035,0.0,0.0
127,0.2185578005210839,dt=0.08,0.9846483312068378,30.598092072951747,0.03545110199273987,0.4724942655981919,0.1,0.2,0.08,42,4,132,440,35.199999999999605,1.8049150103681524,0.0,0.0
127,0.21524742299179245,dt=0.08,0.9855355028495273,30.134639218850943,0.020605181994886396,0.3941370035663219,0.1,0.2,0.08,42,4,132,450,35.99999999999959,1.3211380689293004,0.0,0.0
127,0.21177367255365706,dt=0.08,0.9867362483502857,29.648314157511987,0.025021706246457078,0.3276688933500311,0.1,0.2,0.08,42,4,132,460,36.79999999999957,1.160788672869269,0.0,0.0
127,0.20794055034678993,dt=0.08,0.9874652260664564,29.11167704855059,0.016463741203766195,0.2799500178913996,0.1,0.2,0.08,42,4,132,470,37.599999999999554,0.9857337436973445,0.0,0.0
127,0.20422336575914996,dt=0.08,0.9878688896338803,28.591271206280993,0.016100860883965187,0.2589448659340021,0.1,0.2,0.08,42,4,43,480,38.39999999999954,0.8187705123383703,0.0,0.0
127,0.20090416582937484,dt=0.08,0.9881796573172983,28.12658321611248,0.015706745325541775,0.24880271089973668,0.1,0.2,0.08,42,4,43,490,39.19999999999952,0.7184320612427291,0.0,0.0
127,0.19771294796116193,dt=0.08,0.9884178448789682,27.67981271456267,0.015382331298827353,0.23933876938934806,0.1,0.2,0.08,42,4,43,500,39.9999999999995,0.627540192410013,0.0,0.0
1,0.35517872372009257,dt=0.1,0.02028359711999568,49.72502132081296,0.265959175444703,49.13876055442812,0.1,0.2,0.1,42,0,1,10,0.9999999999999999,2.630676497012804,0.0,0.0
4,0.3537373802495673,dt=0.1,0.05805228074681066,49.523233234939426,0.36067274708603553,47.82588452592297,0.1,0.2,0.1,42,0,1,20,2.0000000000000004,4.5863819534238734,0.0,0.0
4,0.35214788130987146,dt=0.1,0.0986414683934786,49.30070338338201,0.3981051626369993,46.33003382111902,0.1,0.2,0.1,42,0,1,30,3.0000000000000013,5.206995205657392,0.0,0.0
4,0.34976386229342393,dt=0.1,0.13627450743376116,48.966940721079354,0.41357674910160536,44.76340479014429,0.1,0.2,0.1,42,0,1,40,4.000000000000002,5.708380425605048,0.0,0.0
5,0.3467522988548583,dt=0.1,0.17159288097611117,48.54532183968016,0.4225379935866338,43.16378051431203,0.1,0.2,0.1,42,0,1,50,4.999999999999998,6.0372274422607966,0.0,0.0
5,0.3446225149889713,dt=0.1,0.2104904582740051,48.24715209845598,0.42908321126044513,41.54558125262725,0.1,0.2,0.1,42,0,1,60,5.999999999999995,6.164065453131599,0.0,0.0
9,0.34247016923370066,dt=0.1,0.2487465490982701,47.94582369271809,0.43428493668399765,39.91487523156251,0.1,0.2,0.1,42,0,1,70,6.999999999999991,6.305776167470268,0.0,0.0
15,0.339435128930788,dt=0.1,0.28359173417203076,47.520918050310314,0.43895329215531403,38.27465201010307,0.1,0.2,0.1,42,0,1,80,7.999999999999988,6.407040961347472,0.0,0.0
23,0.33554418424164933,dt=0.1,0.3156160610193883,46.97618579383091,0.44315928508936525,36.626605129652575,0.1,0.2,0.1,42,0,1,90,8.999999999999984,6.531930815239995,0.0,0.0
34,0.3326774716777499,dt=0.1,0.3511727235512405,46.57484603488499,0.4469919486641593,34.97201574331395,0.1,0.2,0.1,42,0,1,100,9.99999999999998,6.628250588564784,0.0,0.0
48,0.32999603557776813,dt=0.1,0.387052689298713,46.19944498088754,0.450345725797535,33.31217419725169,0.1,0.2,0.1,42,0,1,110,10.999999999999977,6.67733588476705,0.0,0.0
78,0.32659566966540393,dt=0.1,0.4206992626955224,45.72339375315655,0.4531997338621226,31.64866750390951,0.1,0.2,0.1,42,0,1,120,11.999999999999973,6.727733170228203,0.0,0.0
91,0.3220446410054794,dt=0.1,0.4513159101794403,45.086249740767116,0.4556493724966872,29.983043780884312,0.1,0.2,0.1,42,0,1,130,12.99999999999997,6.801965578213481,0.0,0.0
98,0.31827846447025976,dt=0.1,0.48424544911237444,44.558985025836364,0.45768512895592395,28.316730581135882,0.1,0.2,0.1,42,0,1,140,13.999999999999966,6.869425374146166,0.0,0.0
105,0.31510888498013584,dt=0.1,0.5185540404863925,44.11524389721902,0.4591435278249268,26.651346908066838,0.1,0.2,0.1,42,0,1,150,14.999999999999963,6.874381804824608,0.0,0.0
106,0.3115010766599798,dt=0.1,0.5516376263529963,43.610150732397166,0.45996727571945734,24.98888585082385,0.1,0.2,0.1,42,0,1,160,15.99999999999996,6.885286572446855,0.0,0.0
108,0.3064276359788364,dt=0.1,0.5815305264704936,42.89986903703709,0.4602223165177745,23.331390270181544,0.1,0.2,0.1,42,0,1,170,16.99999999999997,6.914938182191177,0.0,0.0
114,0.3018072001910148,dt=0.1,0.6125403194765742,42.25300802674207,0.4599027728931252,21.680858313255975,0.1,0.2,0.1,42,0,1,180,17.999999999999986,6.9552508971441,0.0,0.0
119,0.29819477667430333,dt=0.1,0.6453886304508207,41.74726873440247,0.4588364051099451,20.039491188627515,0.1,0.2,0.1,42,0,1,190,19.0,6.921496501292221,0.0,0.0
122,0.29447389882649183,dt=0.1,0.6776320445672638,41.226345835708855,0.4568725275784486,18.409986367335975,0.1,0.2,0.1,42,0,1,200,20.000000000000014,6.891002864528209,0.0,0.0
125,0.2889670912671917,dt=0.1,0.7066475169003964,40.45539277740684,0.4540331774365136,16.795306660077298,0.1,0.2,0.1,42,0,1,210,21.00000000000003,6.8678300907395515,0.0,0.0
126,0.2835668296238971,dt=0.1,0.7357509708111911,39.6993561473456,0.4502746495633519,15.198542869624504,0.1,0.2,0.1,42,0,1,220,22.000000000000043,6.861566498766099,0.0,0.0
127,0.2795721487530494,dt=0.1,0.7665101526890865,39.14010082542692,0.44537821562107544,13.623155194513156,0.1,0.2,0.1,42,0,1,230,23.000000000000057,6.7832571349522714,0.0,0.0
128,0.2754718642188958,dt=0.1,0.7963245563153277,38.56606099064541,0.4390538604376227,12.073383979175956,0.1,0.2,0.1,42,0,1,240,24.00000000000007,6.691026040998199,0.0,0.0
128,0.26997267705947614,dt=0.1,0.8237361749868379,37.79617478832666,0.4311739878171539,10.554211316901842,0.1,0.2,0.1,42,0,1,250,25.000000000000085,6.5927125637042785,0.0,0.0
128,0.2639188777996442,dt=0.1,0.8498451136912957,36.948642891950186,0.42153061648895984,9.071297377179608,0.1,0.2,0.1,42,0,1,260,26.0000000000001,6.503085991300428,0.0,0.0
128,0.2596203965935745,dt=0.1,0.876562364167987,36.34685552310043,0.4096835844176028,7.631367817072956,0.1,0.2,0.1,42,0,1,270,27.000000000000114,6.34847780092269,0.0,0.0
128,0.25522901980260176,dt=0.1,0.9014938316250348,35.732062772364245,0.39482423564518476,6.243025502822998,0.1,0.2,0.1,42,0,1,280,28.000000000000128,6.1433535329090745,0.0,0.0
128,0.2498565541739747,dt=0.1,0.9237319141518245,34.97991758435646,0.37351230480885456,4.92255725884793,0.1,0.2,0.1,42,0,1,290,29.000000000000142,5.8805307646657665,0.0,0.0
128,0.24375258715248174,dt=0.1,0.9431209323358651,34.12536220134744,0.3458708410915414,3.6929438875692373,0.1,0.2,0.1,42,0,1,300,30.000000000000156,5.563658640616212,0.0,0.0
128,0.238912533935588,dt=0.1,0.9600993396297655,33.44775475098232,0.31168705870576197,2.5753850805239242,0.1,0.2,0.1,42,0,1,310,31.00000000000017,5.145156983523652,0.0,0.0
128,0.23437891816569345,dt=0.1,0.9732987590495065,32.813048543197084,0.2689001097526012,1.5952435381851084,0.1,0.2,0.1,42,0,1,320,32.000000000000185,4.5960364629529264,0.0,0.0
128,0.2292088979395845,dt=0.1,0.9817444695387464,32.08924571154183,0.21354979910085337,0.788432469795184,0.1,0.2,0.1,42,0,1,330,33.0000000000002,3.9111692348167835,0.0,0.0
128,0.22348461188480673,dt=0.1,0.9849147882484878,31.287845663872943,0.13853963300044547,0.5769221489245261,0.1,0.2,0.1,42,0,132,340,34.00000000000021,3.0359155195533902,0.0,0.0
127,0.21900901942209014,dt=0.1,0.9844540090325992,30.66126271909262,0.044308462581175045,0.4866224135616152,0.1,0.2,0.1,42,0,132,350,35.00000000000023,1.94605582504882,0.0,0.0
127,0.2149124184473313,dt=0.1,0.9856215075267092,30.087738582626383,0.022257411786833756,0.38843901074735876,0.1,0.2,0.1,42,0,132,360,36.00000000000024,1.3181388596503447,0.0,0.0
127,0.21045827188639915,dt=0.1,0.9870217743085795,29.46415806409588,0.023058878570384477,0.30997170712290556,0.1,0.2,0.1,42,0,132,370,37.000000000000256,1.1123058717896588,0.0,0.0
127,0.20572590946030067,dt=0.1,0.9877190553412968,28.801627324442094,0.01619375384224088,0.2634404773960674,0.1,0.2,0.1,42,0,43,380,38.00000000000027,0.8881614463461537,0.0,0.0
127,0.20134766811932325,dt=0.1,0.9881020637919391,28.188673536705256,0.015700993199854622,0.25058152958535784,0.1,0.2,0.1,42,0,43,390,39.000000000000284,0.7414592246400598,0.0,0.0
127,0.19735693093994502,dt=0.1,0.9884090373938491,27.629970331592304,0.015287864330246063,0.23872270348034255,0.1,0.2,0.1,42,0,43,400,40.0000000000003,0.6276220060256539,0.0,0.0
127,0.19340821344370882,dt=0.1,0.9886825892718883,27.077149882119233,0.014899840595660315,0.22825530920861264,0.1,0.2,0.1,42,0,43,410,41.00000000000031,0.5289428764884857,0.0,0.0
127,0.1892497438401087,dt=0.1,0.9889107500907296,26.49496413761522,0.014457420646196099,0.2192847432048838,0.1,0.2,0.1,42,0,43,420,42.00000000000033,0.45986112621673336,0.0,0.0
127,0.1852752234574859,dt=0.1,0.9891538476186414,25.938531284048025,0.014011985075699137,0.21164864119495835,0.1,0.2,0.1,42,0,43,430,43.00000000000034,0.4118689212460718,0.0,0.0
127,0.1816023986179473,dt=0.1,0.9894303973253568,25.424335806512623,0.013626015164838308,0.2050593561514428,0.1,0.2,0.1,42,0,43,440,44.000000000000355,0.365799680304947,0.0,0.0
127,0.1780031347746744,dt=0.1,0.9896740928126967,24.920438868454415,0.013308931950295236,0.19938187508365252,0.1,0.2,0.1,42,0,35,450,45.00000000000037,0.323770530506046,0.0,0.0
127,0.17432507069559622,dt=0.1,0.9898522690875726,24.40550989738347,0.0129580129910536,0.19420324908805886,0.1,0.2,0.1,42,0,35,460,46.000000000000384,0.2895344539581812,0.0,0.0
127,0.170739669248428,dt=0.1,0.990020473759095,23.903553694779923,0.01257486015256805,0.1897558348210541,0.1,0.2,0.1,42,0,22,470,47.0000000000004,0.26399865289413355,0.0,0.0
127,0.16735611675238146,dt=0.1,0.9902307651311407,23.429856345333405,0.012225408603936557,0.1852757298034434,0.1,0.2,0.1,42,0,22,480,48.00000000000041,0.23919710384015933,0.0,0.0
127,0.16403778899238017,dt=0.1,0.9904282720428723,22.965290458933225,0.011944204883989536,0.18093479104930288,0.1,0.2,0.1,42,0,22,490,49.000000000000426,0.21546661874393205,0.0,0.0
127,0.16072659268365547,dt=0.1,0.990591968811191,22.501722975711765,0.011648319393775775,0.17716483786036327,0.1,0.2,0.1,42,0,22,500,50.00000000000044,0.1949720447310126,0.0,0.0
1,0.35517872372009257,dt=0.1,0.02028359711999568,49.72502132081296,0.265959175444703,49.13876055442812,0.1,0.2,0.1,42,1,1,10,0.9999999999999999,2.630676497012804,0.0,0.0
4,0.3537373802495673,dt=0.1,0.05805228074681066,49.523233234939426,0.36067274708603553,47.82588452592297,0.1,0.2,0.1,42,1,1,20,2.0000000000000004,4.5863819534238734,0.0,0.0
4,0.35214788130987146,dt=0.1,0.0986414683934786,49.30070338338201,0.3981051626369993,46.33003382111902,0.1,0.2,0.1,42,1,1,30,3.0000000000000013,5.206995205657392,0.0,0.0
4,0.34976386229342393,dt=0.1,0.13627450743376116,48.966940721079354,0.41357674910160536,44.76340479014429,0.1,0.2,0.1,42,1,1,40,4.000000000000002,5.708380425605048,0.0,0.0
5,0.3467522988548583,dt=0.1,0.17159288097611117,48.54532183968016,0.4225379935866338,43.16378051431203,0.1,0.2,0.1,42,1,1,50,4.999999999999998,6.0372274422607966,0.0,0.0
5,0.3446225149889713,dt=0.1,0.2104904582740051,48.24715209845598,0.42908321126044513,41.54558125262725,0.1,0.2,0.1,42,1,1,60,5.999999999999995,6.164065453131599,0.0,0.0
9,0.34247016923370066,dt=0.1,0.2487465490982701,47.94582369271809,0.43428493668399765,39.91487523156251,0.1,0.2,0.1,42,1,1,70,6.999999999999991,6.305776167470268,0.0,0.0
15,0.339435128930788,dt=0.1,0.28359173417203076,47.520918050310314,0.43895329215531403,38.27465201010307,0.1,0.2,0.1,42,1,1,80,7.999999999999988,6.407040961347472,0.0,0.0
23,0.33554418424164933,dt=0.1,0.3156160610193883,46.97618579383091,0.44315928508936525,36.626605129652575,0.1,0.2,0.1,42,1,1,90,8.999999999999984,6.531930815239995,0.0,0.0
34,0.3326774716777499,dt=0.1,0.3511727235512405,46.57484603488499,0.4469919486641593,34.97201574331395,0.1,0.2,0.1,42,1,1,100,9.99999999999998,6.628250588564784,0.0,0.0
48,0.32999603557776813,dt=0.1,0.387052689298713,46.19944498088754,0.450345725797535,33.31217419725169,0.1,0.2,0.1,42,1,1,110,10.999999999999977,6.67733588476705,0.0,0.0
78,0.32659566966540393,dt=0.1,0.4206992626955224,45.72339375315655,0.4531997338621226,31.64866750390951,0.1,0.2,0.1,42,1,1,120,11.999999999999973,6.727733170228203,0.0,0.0
91,0.3220446410054794,dt=0.1,0.4513159101794403,45.086249740767116,0.4556493724966872,29.983043780884312,0.1,0.2,0.1,42,1,1,130,12.99999999999997,6.801965578213481,0.0,0.0
98,0.31827846447025976,dt=0.1,0.48424544911237444,44.558985025836364,0.45768512895592395,28.316730581135882,0.1,0.2,0.1,42,1,1,140,13.999999999999966,6.869425374146166,0.0,0.0
105,0.31510888498013584,dt=0.1,0.5185540404863925,44.11524389721902,0.4591435278249268,26.651346908066838,0.1,0.2,0.1,42,1,1,150,14.999999999999963,6.874381804824608,0.0,0.0
106,0.3115010766599798,dt=0.1,0.5516376263529963,43.610150732397166,0.45996727571945734,24.98888585082385,0.1,0.2,0.1,42,1,1,160,15.99999999999996,6.885286572446855,0.0,0.0
108,0.3064276359788364,dt=0.1,0.5815305264704936,42.89986903703709,0.4602223165177745,23.331390270181544,0.1,0.2,0.1,42,1,1,170,16.99999999999997,6.914938182191177,0.0,0.0
114,0.3018072001910148,dt=0.1,0.6125403194765742,42.25300802674207,0.4599027728931252,21.680858313255975,0.1,0.2,0.1,42,1,1,180,17.999999999999986,6.9552508971441,0.0,0.0
119,0.29819477667430333,dt=0.1,0.6453886304508207,41.74726873440247,0.4588364051099451,20.039491188627515,0.1,0.2,0.1,42,1,1,190,19.0,6.921496501292221,0.0,0.0
122,0.29447389882649183,dt=0.1,0.6776320445672638,41.226345835708855,0.4568725275784486,18.409986367335975,0.1,0.2,0.1,42,1,1,200,20.000000000000014,6.891002864528209,0.0,0.0
125,0.2889670912671917,dt=0.1,0.7066475169003964,40.45539277740684,0.4540331774365136,16.795306660077298,0.1,0.2,0.1,42,1,1,210,21.00000000000003,6.8678300907395515,0.0,0.0
126,0.2835668296238971,dt=0.1,0.7357509708111911,39.6993561473456,0.4502746495633519,15.198542869624504,0.1,0.2,0.1,42,1,1,220,22.000000000000043,6.861566498766099,0.0,0.0
127,0.2795721487530494,dt=0.1,0.7665101526890865,39.14010082542692,0.44537821562107544,13.623155194513156,0.1,0.2,0.1,42,1,1,230,23.000000000000057,6.7832571349522714,0.0,0.0
128,0.2754718642188958,dt=0.1,0.7963245563153277,38.56606099064541,0.4390538604376227,12.073383979175956,0.1,0.2,0.1,42,1,1,240,24.00000000000007,6.691026040998199,0.0,0.0
128,0.26997267705947614,dt=0.1,0.8237361749868379,37.79617478832666,0.4311739878171539,10.554211316901842,0.1,0.2,0.1,42,1,1,250,25.000000000000085,6.5927125637042785,0.0,0.0
128,0.2639188777996442,dt=0.1,0.8498451136912957,36.948642891950186,0.42153061648895984,9.071297377179608,0.1,0.2,0.1,42,1,1,260,26.0000000000001,6.503085991300428,0.0,0.0
128,0.2596203965935745,dt=0.1,0.876562364167987,36.34685552310043,0.4096835844176028,7.631367817072956,0.1,0.2,0.1,42,1,1,270,27.000000000000114,6.34847780092269,0.0,0.0
128,0.25522901980260176,dt=0.1,0.9014938316250348,35.732062772364245,0.39482423564518476,6.243025502822998,0.1,0.2,0.1,42,1,1,280,28.000000000000128,6.1433535329090745,0.0,0.0
128,0.2498565541739747,dt=0.1,0.9237319141518245,34.97991758435646,0.37351230480885456,4.92255725884793,0.1,0.2,0.1,42,1,1,290,29.000000000000142,5.8805307646657665,0.0,0.0
128,0.24375258715248174,dt=0.1,0.9431209323358651,34.12536220134744,0.3458708410915414,3.6929438875692373,0.1,0.2,0.1,42,1,1,300,30.000000000000156,5.563658640616212,0.0,0.0
128,0.238912533935588,dt=0.1,0.9600993396297655,33.44775475098232,0.31168705870576197,2.5753850805239242,0.1,0.2,0.1,42,1,1,310,31.00000000000017,5.145156983523652,0.0,0.0
128,0.23437891816569345,dt=0.1,0.9732987590495065,32.813048543197084,0.2689001097526012,1.5952435381851084,0.1,0.2,0.1,42,1,1,320,32.000000000000185,4.5960364629529264,0.0,0.0
128,0.2292088979395845,dt=0.1,0.9817444695387464,32.08924571154183,0.21354979910085337,0.788432469795184,0.1,0.2,0.1,42,1,1,330,33.0000000000002,3.9111692348167835,0.0,0.0
128,0.22348461188480673,dt=0.1,0.9849147882484878,31.287845663872943,0.13853963300044547,0.5769221489245261,0.1,0.2,0.1,42,1,132,340,34.00000000000021,3.0359155195533902,0.0,0.0
127,0.21900901942209014,dt=0.1,0.9844540090325992,30.66126271909262,0.044308462581175045,0.4866224135616152,0.1,0.2,0.1,42,1,132,350,35.00000000000023,1.94605582504882,0.0,0.0
127,0.2149124184473313,dt=0.1,0.9856215075267092,30.087738582626383,0.022257411786833756,0.38843901074735876,0.1,0.2,0.1,42,1,132,360,36.00000000000024,1.3181388596503447,0.0,0.0
127,0.21045827188639915,dt=0.1,0.9870217743085795,29.46415806409588,0.023058878570384477,0.30997170712290556,0.1,0.2,0.1,42,1,132,370,37.000000000000256,1.1123058717896588,0.0,0.0
127,0.20572590946030067,dt=0.1,0.9877190553412968,28.801627324442094,0.01619375384224088,0.2634404773960674,0.1,0.2,0.1,42,1,43,380,38.00000000000027,0.8881614463461537,0.0,0.0
127,0.20134766811932325,dt=0.1,0.9881020637919391,28.188673536705256,0.015700993199854622,0.25058152958535784,0.1,0.2,0.1,42,1,43,390,39.000000000000284,0.7414592246400598,0.0,0.0
127,0.19735693093994502,dt=0.1,0.9884090373938491,27.629970331592304,0.015287864330246063,0.23872270348034255,0.1,0.2,0.1,42,1,43,400,40.0000000000003,0.6276220060256539,0.0,0.0
127,0.19340821344370882,dt=0.1,0.9886825892718883,27.077149882119233,0.014899840595660315,0.22825530920861264,0.1,0.2,0.1,42,1,43,410,41.00000000000031,0.5289428764884857,0.0,0.0
127,0.1892497438401087,dt=0.1,0.9889107500907296,26.49496413761522,0.014457420646196099,0.2192847432048838,0.1,0.2,0.1,42,1,43,420,42.00000000000033,0.45986112621673336,0.0,0.0
127,0.1852752234574859,dt=0.1,0.9891538476186414,25.938531284048025,0.014011985075699137,0.21164864119495835,0.1,0.2,0.1,42,1,43,430,43.00000000000034,0.4118689212460718,0.0,0.0
127,0.1816023986179473,dt=0.1,0.9894303973253568,25.424335806512623,0.013626015164838308,0.2050593561514428,0.1,0.2,0.1,42,1,43,440,44.000000000000355,0.365799680304947,0.0,0.0
127,0.1780031347746744,dt=0.1,0.9896740928126967,24.920438868454415,0.013308931950295236,0.19938187508365252,0.1,0.2,0.1,42,1,35,450,45.00000000000037,0.323770530506046,0.0,0.0
127,0.17432507069559622,dt=0.1,0.9898522690875726,24.40550989738347,0.0129580129910536,0.19420324908805886,0.1,0.2,0.1,42,1,35,460,46.000000000000384,0.2895344539581812,0.0,0.0
127,0.170739669248428,dt=0.1,0.990020473759095,23.903553694779923,0.01257486015256805,0.1897558348210541,0.1,0.2,0.1,42,1,22,470,47.0000000000004,0.26399865289413355,0.0,0.0
127,0.16735611675238146,dt=0.1,0.9902307651311407,23.429856345333405,0.012225408603936557,0.1852757298034434,0.1,0.2,0.1,42,1,22,480,48.00000000000041,0.23919710384015933,0.0,0.0
127,0.16403778899238017,dt=0.1,0.9904282720428723,22.965290458933225,0.011944204883989536,0.18093479104930288,0.1,0.2,0.1,42,1,22,490,49.000000000000426,0.21546661874393205,0.0,0.0
127,0.16072659268365547,dt=0.1,0.990591968811191,22.501722975711765,0.011648319393775775,0.17716483786036327,0.1,0.2,0.1,42,1,22,500,50.00000000000044,0.1949720447310126,0.0,0.0
1,0.35517872372009257,dt=0.1,0.02028359711999568,49.72502132081296,0.265959175444703,49.13876055442812,0.1,0.2,0.1,42,2,1,10,0.9999999999999999,2.630676497012804,0.0,0.0
4,0.3537373802495673,dt=0.1,0.05805228074681066,49.523233234939426,0.36067274708603553,47.82588452592297,0.1,0.2,0.1,42,2,1,20,2.0000000000000004,4.5863819534238734,0.0,0.0
4,0.35214788130987146,dt=0.1,0.0986414683934786,49.30070338338201,0.3981051626369993,46.33003382111902,0.1,0.2,0.1,42,2,1,30,3.0000000000000013,5.206995205657392,0.0,0.0
4,0.34976386229342393,dt=0.1,0.13627450743376116,48.966940721079354,0.41357674910160536,44.76340479014429,0.1,0.2,0.1,42,2,1,40,4.000000000000002,5.708380425605048,0.0,0.0
5,0.3467522988548583,dt=0.1,0.17159288097611117,48.54532183968016,0.4225379935866338,43.16378051431203,0.1,0.2,0.1,42,2,1,50,4.999999999999998,6.0372274422607966,0.0,0.0
5,0.3446225149889713,dt=0.1,0.2104904582740051,48.24715209845598,0.42908321126044513,41.54558125262725,0.1,0.2,0.1,42,2,1,60,5.999999999999995,6.164065453131599,0.0,0.0
9,0.34247016923370066,dt=0.1,0.2487465490982701,47.94582369271809,0.43428493668399765,39.91487523156251,0.1,0.2,0.1,42,2,1,70,6.999999999999991,6.305776167470268,0.0,0.0
15,0.339435128930788,dt=0.1,0.28359173417203076,47.520918050310314,0.43895329215531403,38.27465201010307,0.1,0.2,0.1,42,2,1,80,7.999999999999988,6.407040961347472,0.0,0.0
23,0.33554418424164933,dt=0.1,0.3156160610193883,46.97618579383091,0.44315928508936525,36.626605129652575,0.1,0.2,0.1,42,2,1,90,8.999999999999984,6.531930815239995,0.0,0.0
34,0.3326774716777499,dt=0.1,0.3511727235512405,46.57484603488499,0.4469919486641593,34.97201574331395,0.1,0.2,0.1,42,2,1,100,9.99999999999998,6.628250588564784,0.0,0.0
48,0.32999603557776813,dt=0.1,0.387052689298713,46.19944498088754,0.450345725797535,33.31217419725169,0.1,0.2,0.1,42,2,1,110,10.999999999999977,6.67733588476705,0.0,0.0
78,0.32659566966540393,dt=0.1,0.4206992626955224,45.72339375315655,0.4531997338621226,31.64866750390951,0.1,0.2,0.1,42,2,1,120,11.999999999999973,6.727733170228203,0.0,0.0
91,0.3220446410054794,dt=0.1,0.4513159101794403,45.086249740767116,0.4556493724966872,29.983043780884312,0.1,0.2,0.1,42,2,1,130,12.99999999999997,6.801965578213481,0.0,0.0
98,0.31827846447025976,dt=0.1,0.48424544911237444,44.558985025836364,0.45768512895592395,28.316730581135882,0.1,0.2,0.1,42,2,1,140,13.999999999999966,6.869425374146166,0.0,0.0
105,0.31510888498013584,dt=0.1,0.5185540404863925,44.11524389721902,0.4591435278249268,26.651346908066838,0.1,0.2,0.1,42,2,1,150,14.999999999999963,6.874381804824608,0.0,0.0
106,0.3115010766599798,dt=0.1,0.5516376263529963,43.610150732397166,0.45996727571945734,24.98888585082385,0.1,0.2,0.1,42,2,1,160,15.99999999999996,6.885286572446855,0.0,0.0
108,0.3064276359788364,dt=0.1,0.5815305264704936,42.89986903703709,0.4602223165177745,23.331390270181544,0.1,0.2,0.1,42,2,1,170,16.99999999999997,6.914938182191177,0.0,0.0
114,0.3018072001910148,dt=0.1,0.6125403194765742,42.25300802674207,0.4599027728931252,21.680858313255975,0.1,0.2,0.1,42,2,1,180,17.999999999999986,6.9552508971441,0.0,0.0
119,0.29819477667430333,dt=0.1,0.6453886304508207,41.74726873440247,0.4588364051099451,20.039491188627515,0.1,0.2,0.1,42,2,1,190,19.0,6.921496501292221,0.0,0.0
122,0.29447389882649183,dt=0.1,0.6776320445672638,41.226345835708855,0.4568725275784486,18.409986367335975,0.1,0.2,0.1,42,2,1,200,20.000000000000014,6.891002864528209,0.0,0.0
125,0.2889670912671917,dt=0.1,0.7066475169003964,40.45539277740684,0.4540331774365136,16.795306660077298,0.1,0.2,0.1,42,2,1,210,21.00000000000003,6.8678300907395515,0.0,0.0
126,0.2835668296238971,dt=0.1,0.7357509708111911,39.6993561473456,0.4502746495633519,15.198542869624504,0.1,0.2,0.1,42,2,1,220,22.000000000000043,6.861566498766099,0.0,0.0
127,0.2795721487530494,dt=0.1,0.7665101526890865,39.14010082542692,0.44537821562107544,13.623155194513156,0.1,0.2,0.1,42,2,1,230,23.000000000000057,6.7832571349522714,0.0,0.0
128,0.2754718642188958,dt=0.1,0.7963245563153277,38.56606099064541,0.4390538604376227,12.073383979175956,0.1,0.2,0.1,42,2,1,240,24.00000000000007,6.691026040998199,0.0,0.0
128,0.26997267705947614,dt=0.1,0.8237361749868379,37.79617478832666,0.4311739878171539,10.554211316901842,0.1,0.2,0.1,42,2,1,250,25.000000000000085,6.5927125637042785,0.0,0.0
128,0.2639188777996442,dt=0.1,0.8498451136912957,36.948642891950186,0.42153061648895984,9.071297377179608,0.1,0.2,0.1,42,2,1,260,26.0000000000001,6.503085991300428,0.0,0.0
128,0.2596203965935745,dt=0.1,0.876562364167987,36.34685552310043,0.4096835844176028,7.631367817072956,0.1,0.2,0.1,42,2,1,270,27.000000000000114,6.34847780092269,0.0,0.0
128,0.25522901980260176,dt=0.1,0.9014938316250348,35.732062772364245,0.39482423564518476,6.243025502822998,0.1,0.2,0.1,42,2,1,280,28.000000000000128,6.1433535329090745,0.0,0.0
128,0.2498565541739747,dt=0.1,0.9237319141518245,34.97991758435646,0.37351230480885456,4.92255725884793,0.1,0.2,0.1,42,2,1,290,29.000000000000142,5.8805307646657665,0.0,0.0
128,0.24375258715248174,dt=0.1,0.9431209323358651,34.12536220134744,0.3458708410915414,3.6929438875692373,0.1,0.2,0.1,42,2,1,300,30.000000000000156,5.563658640616212,0.0,0.0
128,0.238912533935588,dt=0.1,0.9600993396297655,33.44775475098232,0.31168705870576197,2.5753850805239242,0.1,0.2,0.1,42,2,1,310,31.00000000000017,5.145156983523652,0.0,0.0
128,0.23437891816569345,dt=0.1,0.9732987590495065,32.813048543197084,0.2689001097526012,1.5952435381851084,0.1,0.2,0.1,42,2,1,320,32.000000000000185,4.5960364629529264,0.0,0.0
128,0.2292088979395845,dt=0.1,0.9817444695387464,32.08924571154183,0.21354979910085337,0.788432469795184,0.1,0.2,0.1,42,2,1,330,33.0000000000002,3.9111692348167835,0.0,0.0
128,0.22348461188480673,dt=0.1,0.9849147882484878,31.287845663872943,0.13853963300044547,0.5769221489245261,0.1,0.2,0.1,42,2,132,340,34.00000000000021,3.0359155195533902,0.0,0.0
127,0.21900901942209014,dt=0.1,0.9844540090325992,30.66126271909262,0.044308462581175045,0.4866224135616152,0.1,0.2,0.1,42,2,132,350,35.00000000000023,1.94605582504882,0.0,0.0
127,0.2149124184473313,dt=0.1,0.9856215075267092,30.087738582626383,0.022257411786833756,0.38843901074735876,0.1,0.2,0.1,42,2,132,360,36.00000000000024,1.3181388596503447,0.0,0.0
127,0.21045827188639915,dt=0.1,0.9870217743085795,29.46415806409588,0.023058878570384477,0.30997170712290556,0.1,0.2,0.1,42,2,132,370,37.000000000000256,1.1123058717896588,0.0,0.0
127,0.20572590946030067,dt=0.1,0.9877190553412968,28.801627324442094,0.01619375384224088,0.2634404773960674,0.1,0.2,0.1,42,2,43,380,38.00000000000027,0.8881614463461537,0.0,0.0
127,0.20134766811932325,dt=0.1,0.9881020637919391,28.188673536705256,0.015700993199854622,0.25058152958535784,0.1,0.2,0.1,42,2,43,390,39.000000000000284,0.7414592246400598,0.0,0.0
127,0.19735693093994502,dt=0.1,0.9884090373938491,27.629970331592304,0.015287864330246063,0.23872270348034255,0.1,0.2,0.1,42,2,43,400,40.0000000000003,0.6276220060256539,0.0,0.0
127,0.19340821344370882,dt=0.1,0.9886825892718883,27.077149882119233,0.014899840595660315,0.22825530920861264,0.1,0.2,0.1,42,2,43,410,41.00000000000031,0.5289428764884857,0.0,0.0
127,0.1892497438401087,dt=0.1,0.9889107500907296,26.49496413761522,0.014457420646196099,0.2192847432048838,0.1,0.2,0.1,42,2,43,420,42.00000000000033,0.45986112621673336,0.0,0.0
127,0.1852752234574859,dt=0.1,0.9891538476186414,25.938531284048025,0.014011985075699137,0.21164864119495835,0.1,0.2,0.1,42,2,43,430,43.00000000000034,0.4118689212460718,0.0,0.0
127,0.1816023986179473,dt=0.1,0.9894303973253568,25.424335806512623,0.013626015164838308,0.2050593561514428,0.1,0.2,0.1,42,2,43,440,44.000000000000355,0.365799680304947,0.0,0.0
127,0.1780031347746744,dt=0.1,0.9896740928126967,24.920438868454415,0.013308931950295236,0.19938187508365252,0.1,0.2,0.1,42,2,35,450,45.00000000000037,0.323770530506046,0.0,0.0
127,0.17432507069559622,dt=0.1,0.9898522690875726,24.40550989738347,0.0129580129910536,0.19420324908805886,0.1,0.2,0.1,42,2,35,460,46.000000000000384,0.2895344539581812,0.0,0.0
127,0.170739669248428,dt=0.1,0.990020473759095,23.903553694779923,0.01257486015256805,0.1897558348210541,0.1,0.2,0.1,42,2,22,470,47.0000000000004,0.26399865289413355,0.0,0.0
127,0.16735611675238146,dt=0.1,0.9902307651311407,23.429856345333405,0.012225408603936557,0.1852757298034434,0.1,0.2,0.1,42,2,22,480,48.00000000000041,0.23919710384015933,0.0,0.0
127,0.16403778899238017,dt=0.1,0.9904282720428723,22.965290458933225,0.011944204883989536,0.18093479104930288,0.1,0.2,0.1,42,2,22,490,49.000000000000426,0.21546661874393205,0.0,0.0
127,0.16072659268365547,dt=0.1,0.990591968811191,22.501722975711765,0.011648319393775775,0.17716483786036327,0.1,0.2,0.1,42,2,22,500,50.00000000000044,0.1949720447310126,0.0,0.0
1,0.35517872372009257,dt=0.1,0.02028359711999568,49.72502132081296,0.265959175444703,49.13876055442812,0.1,0.2,0.1,42,3,1,10,0.9999999999999999,2.630676497012804,0.0,0.0
4,0.3537373802495673,dt=0.1,0.05805228074681066,49.523233234939426,0.36067274708603553,47.82588452592297,0.1,0.2,0.1,42,3,1,20,2.0000000000000004,4.5863819534238734,0.0,0.0
4,0.35214788130987146,dt=0.1,0.0986414683934786,49.30070338338201,0.3981051626369993,46.33003382111902,0.1,0.2,0.1,42,3,1,30,3.0000000000000013,5.206995205657392,0.0,0.0
4,0.34976386229342393,dt=0.1,0.13627450743376116,48.966940721079354,0.41357674910160536,44.76340479014429,0.1,0.2,0.1,42,3,1,40,4.000000000000002,5.708380425605048,0.0,0.0
5,0.3467522988548583,dt=0.1,0.17159288097611117,48.54532183968016,0.4225379935866338,43.16378051431203,0.1,0.2,0.1,42,3,1,50,4.999999999999998,6.0372274422607966,0.0,0.0
5,0.3446225149889713,dt=0.1,0.2104904582740051,48.24715209845598,0.42908321126044513,41.54558125262725,0.1,0.2,0.1,42,3,1,60,5.999999999999995,6.164065453131599,0.0,0.0
9,0.34247016923370066,dt=0.1,0.2487465490982701,47.94582369271809,0.43428493668399765,39.91487523156251,0.1,0.2,0.1,42,3,1,70,6.999999999999991,6.305776167470268,0.0,0.0
15,0.339435128930788,dt=0.1,0.28359173417203076,47.520918050310314,0.43895329215531403,38.27465201010307,0.1,0.2,0.1,42,3,1,80,7.999999999999988,6.407040961347472,0.0,0.0
23,0.33554418424164933,dt=0.1,0.3156160610193883,46.97618579383091,0.44315928508936525,36.626605129652575,0.1,0.2,0.1,42,3,1,90,8.999999999999984,6.531930815239995,0.0,0.0
34,0.3326774716777499,dt=0.1,0.3511727235512405,46.57484603488499,0.4469919486641593,34.97201574331395,0.1,0.2,0.1,42,3,1,100,9.99999999999998,6.628250588564784,0.0,0.0
48,0.32999603557776813,dt=0.1,0.387052689298713,46.19944498088754,0.450345725797535,33.31217419725169,0.1,0.2,0.1,42,3,1,110,10.999999999999977,6.67733588476705,0.0,0.0
78,0.32659566966540393,dt=0.1,0.4206992626955224,45.72339375315655,0.4531997338621226,31.64866750390951,0.1,0.2,0.1,42,3,1,120,11.999999999999973,6.727733170228203,0.0,0.0
91,0.3220446410054794,dt=0.1,0.4513159101794403,45.086249740767116,0.4556493724966872,29.983043780884312,0.1,0.2,0.1,42,3,1,130,12.99999999999997,6.801965578213481,0.0,0.0
98,0.31827846447025976,dt=0.1,0.48424544911237444,44.558985025836364,0.45768512895592395,28.316730581135882,0.1,0.2,0.1,42,3,1,140,13.999999999999966,6.869425374146166,0.0,0.0
105,0.31510888498013584,dt=0.1,0.5185540404863925,44.11524389721902,0.4591435278249268,26.651346908066838,0.1,0.2,0.1,42,3,1,150,14.999999999999963,6.874381804824608,0.0,0.0
106,0.3115010766599798,dt=0.1,0.5516376263529963,43.610150732397166,0.45996727571945734,24.98888585082385,0.1,0.2,0.1,42,3,1,160,15.99999999999996,6.885286572446855,0.0,0.0
108,0.3064276359788364,dt=0.1,0.5815305264704936,42.89986903703709,0.4602223165177745,23.331390270181544,0.1,0.2,0.1,42,3,1,170,16.99999999999997,6.914938182191177,0.0,0.0
114,0.3018072001910148,dt=0.1,0.6125403194765742,42.25300802674207,0.4599027728931252,21.680858313255975,0.1,0.2,0.1,42,3,1,180,17.999999999999986,6.9552508971441,0.0,0.0
119,0.29819477667430333,dt=0.1,0.6453886304508207,41.74726873440247,0.4588364051099451,20.039491188627515,0.1,0.2,0.1,42,3,1,190,19.0,6.921496501292221,0.0,0.0
122,0.29447389882649183,dt=0.1,0.6776320445672638,41.226345835708855,0.4568725275784486,18.409986367335975,0.1,0.2,0.1,42,3,1,200,20.000000000000014,6.891002864528209,0.0,0.0
125,0.2889670912671917,dt=0.1,0.7066475169003964,40.45539277740684,0.4540331774365136,16.795306660077298,0.1,0.2,0.1,42,3,1,210,21.00000000000003,6.8678300907395515,0.0,0.0
126,0.2835668296238971,dt=0.1,0.7357509708111911,39.6993561473456,0.4502746495633519,15.198542869624504,0.1,0.2,0.1,42,3,1,220,22.000000000000043,6.861566498766099,0.0,0.0
127,0.2795721487530494,dt=0.1,0.7665101526890865,39.14010082542692,0.44537821562107544,13.623155194513156,0.1,0.2,0.1,42,3,1,230,23.000000000000057,6.7832571349522714,0.0,0.0
128,0.2754718642188958,dt=0.1,0.7963245563153277,38.56606099064541,0.4390538604376227,12.073383979175956,0.1,0.2,0.1,42,3,1,240,24.00000000000007,6.691026040998199,0.0,0.0
128,0.26997267705947614,dt=0.1,0.8237361749868379,37.79617478832666,0.4311739878171539,10.554211316901842,0.1,0.2,0.1,42,3,1,250,25.000000000000085,6.5927125637042785,0.0,0.0
128,0.2639188777996442,dt=0.1,0.8498451136912957,36.948642891950186,0.42153061648895984,9.071297377179608,0.1,0.2,0.1,42,3,1,260,26.0000000000001,6.503085991300428,0.0,0.0
128,0.2596203965935745,dt=0.1,0.876562364167987,36.34685552310043,0.4096835844176028,7.631367817072956,0.1,0.2,0.1,42,3,1,270,27.000000000000114,6.34847780092269,0.0,0.0
128,0.25522901980260176,dt=0.1,0.9014938316250348,35.732062772364245,0.39482423564518476,6.243025502822998,0.1,0.2,0.1,42,3,1,280,28.000000000000128,6.1433535329090745,0.0,0.0
128,0.2498565541739747,dt=0.1,0.9237319141518245,34.97991758435646,0.37351230480885456,4.92255725884793,0.1,0.2,0.1,42,3,1,290,29.000000000000142,5.8805307646657665,0.0,0.0
128,0.24375258715248174,dt=0.1,0.9431209323358651,34.12536220134744,0.3458708410915414,3.6929438875692373,0.1,0.2,0.1,42,3,1,300,30.000000000000156,5.563658640616212,0.0,0.0
128,0.238912533935588,dt=0.1,0.9600993396297655,33.44775475098232,0.31168705870576197,2.5753850805239242,0.1,0.2,0.1,42,3,1,310,31.00000000000017,5.145156983523652,0.0,0.0
128,0.23437891816569345,dt=0.1,0.9732987590495065,32.813048543197084,0.2689001097526012,1.5952435381851084,0.1,0.2,0.1,42,3,1,320,32.000000000000185,4.5960364629529264,0.0,0.0
128,0.2292088979395845,dt=0.1,0.9817444695387464,32.08924571154183,0.21354979910085337,0.788432469795184,0.1,0.2,0.1,42,3,1,330,33.0000000000002,3.9111692348167835,0.0,0.0
128,0.22348461188480673,dt=0.1,0.9849147882484878,31.287845663872943,0.13853963300044547,0.5769221489245261,0.1,0.2,0.1,42,3,132,340,34.00000000000021,3.0359155195533902,0.0,0.0
127,0.21900901942209014,dt=0.1,0.9844540090325992,30.66126271909262,0.044308462581175045,0.4866224135616152,0.1,0.2,0.1,42,3,132,350,35.00000000000023,1.94605582504882,0.0,0.0
127,0.2149124184473313,dt=0.1,0.9856215075267092,30.087738582626383,0.022257411786833756,0.38843901074735876,0.1,0.2,0.1,42,3,132,360,36.00000000000024,1.3181388596503447,0.0,0.0
127,0.21045827188639915,dt=0.1,0.9870217743085795,29.46415806409588,0.023058878570384477,0.30997170712290556,0.1,0.2,0.1,42,3,132,370,37.000000000000256,1.1123058717896588,0.0,0.0
127,0.20572590946030067,dt=0.1,0.9877190553412968,28.801627324442094,0.01619375384224088,0.2634404773960674,0.1,0.2,0.1,42,3,43,380,38.00000000000027,0.8881614463461537,0.0,0.0
127,0.20134766811932325,dt=0.1,0.9881020637919391,28.188673536705256,0.015700993199854622,0.25058152958535784,0.1,0.2,0.1,42,3,43,390,39.000000000000284,0.7414592246400598,0.0,0.0
127,0.19735693093994502,dt=0.1,0.9884090373938491,27.629970331592304,0.015287864330246063,0.23872270348034255,0.1,0.2,0.1,42,3,43,400,40.0000000000003,0.6276220060256539,0.0,0.0
127,0.19340821344370882,dt=0.1,0.9886825892718883,27.077149882119233,0.014899840595660315,0.22825530920861264,0.1,0.2,0.1,42,3,43,410,41.00000000000031,0.5289428764884857,0.0,0.0
127,0.1892497438401087,dt=0.1,0.9889107500907296,26.49496413761522,0.014457420646196099,0.2192847432048838,0.1,0.2,0.1,42,3,43,420,42.00000000000033,0.45986112621673336,0.0,0.0
127,0.1852752234574859,dt=0.1,0.9891538476186414,25.938531284048025,0.014011985075699137,0.21164864119495835,0.1,0.2,0.1,42,3,43,430,43.00000000000034,0.4118689212460718,0.0,0.0
127,0.1816023986179473,dt=0.1,0.9894303973253568,25.424335806512623,0.013626015164838308,0.2050593561514428,0.1,0.2,0.1,42,3,43,440,44.000000000000355,0.365799680304947,0.0,0.0
127,0.1780031347746744,dt=0.1,0.9896740928126967,24.920438868454415,0.013308931950295236,0.19938187508365252,0.1,0.2,0.1,42,3,35,450,45.00000000000037,0.323770530506046,0.0,0.0
127,0.17432507069559622,dt=0.1,0.9898522690875726,24.40550989738347,0.0129580129910536,0.19420324908805886,0.1,0.2,0.1,42,3,35,460,46.000000000000384,0.2895344539581812,0.0,0.0
127,0.170739669248428,dt=0.1,0.990020473759095,23.903553694779923,0.01257486015256805,0.1897558348210541,0.1,0.2,0.1,42,3,22,470,47.0000000000004,0.26399865289413355,0.0,0.0
127,0.16735611675238146,dt=0.1,0.9902307651311407,23.429856345333405,0.012225408603936557,0.1852757298034434,0.1,0.2,0.1,42,3,22,480,48.00000000000041,0.23919710384015933,0.0,0.0
127,0.16403778899238017,dt=0.1,0.9904282720428723,22.965290458933225,0.011944204883989536,0.18093479104930288,0.1,0.2,0.1,42,3,22,490,49.000000000000426,0.21546661874393205,0.0,0.0
127,0.16072659268365547,dt=0.1,0.990591968811191,22.501722975711765,0.011648319393775775,0.17716483786036327,0.1,0.2,0.1,42,3,22,500,50.00000000000044,0.1949720447310126,0.0,0.0
1,0.35517872372009257,dt=0.1,0.02028359711999568,49.72502132081296,0.265959175444703,49.13876055442812,0.1,0.2,0.1,42,4,1,10,0.9999999999999999,2.630676497012804,0.0,0.0
4,0.3537373802495673,dt=0.1,0.05805228074681066,49.523233234939426,0.36067274708603553,47.82588452592297,0.1,0.2,0.1,42,4,1,20,2.0000000000000004,4.5863819534238734,0.0,0.0
4,0.35214788130987146,dt=0.1,0.0986414683934786,49.30070338338201,0.3981051626369993,46.33003382111902,0.1,0.2,0.1,42,4,1,30,3.0000000000000013,5.206995205657392,0.0,0.0
4,0.34976386229342393,dt=0.1,0.13627450743376116,48.966940721079354,0.41357674910160536,44.76340479014429,0.1,0.2,0.1,42,4,1,40,4.000000000000002,5.708380425605048,0.0,0.0
5,0.3467522988548583,dt=0.1,0.17159288097611117,48.54532183968016,0.4225379935866338,43.16378051431203,0.1,0.2,0.1,42,4,1,50,4.999999999999998,6.0372274422607966,0.0,0.0
5,0.3446225149889713,dt=0.1,0.2104904582740051,48.24715209845598,0.42908321126044513,41.54558125262725,0.1,0.2,0.1,42,4,1,60,5.999999999999995,6.164065453131599,0.0,0.0
9,0.34247016923370066,dt=0.1,0.2487465490982701,47.94582369271809,0.43428493668399765,39.91487523156251,0.1,0.2,0.1,42,4,1,70,6.999999999999991,6.305776167470268,0.0,0.0
15,0.339435128930788,dt=0.1,0.28359173417203076,47.520918050310314,0.43895329215531403,38.27465201010307,0.1,0.2,0.1,42,4,1,80,7.999999999999988,6.407040961347472,0.0,0.0
23,0.33554418424164933,dt=0.1,0.3156160610193883,46.97618579383091,0.44315928508936525,36.626605129652575,0.1,0.2,0.1,42,4,1,90,8.999999999999984,6.531930815239995,0.0,0.0
34,0.3326774716777499,dt=0.1,0.3511727235512405,46.57484603488499,0.4469919486641593,34.97201574331395,0.1,0.2,0.1,42,4,1,100,9.99999999999998,6.628250588564784,0.0,0.0
48,0.32999603557776813,dt=0.1,0.387052689298713,46.19944498088754,0.450345725797535,33.31217419725169,0.1,0.2,0.1,42,4,1,110,10.999999999999977,6.67733588476705,0.0,0.0
78,0.32659566966540393,dt=0.1,0.4206992626955224,45.72339375315655,0.4531997338621226,31.64866750390951,0.1,0.2,0.1,42,4,1,120,11.999999999999973,6.727733170228203,0.0,0.0
91,0.3220446410054794,dt=0.1,0.4513159101794403,45.086249740767116,0.4556493724966872,29.983043780884312,0.1,0.2,0.1,42,4,1,130,12.99999999999997,6.801965578213481,0.0,0.0
98,0.31827846447025976,dt=0.1,0.48424544911237444,44.558985025836364,0.45768512895592395,28.316730581135882,0.1,0.2,0.1,42,4,1,140,13.999999999999966,6.869425374146166,0.0,0.0
105,0.31510888498013584,dt=0.1,0.5185540404863925,44.11524389721902,0.4591435278249268,26.651346908066838,0.1,0.2,0.1,42,4,1,150,14.999999999999963,6.874381804824608,0.0,0.0
106,0.3115010766599798,dt=0.1,0.5516376263529963,43.610150732397166,0.45996727571945734,24.98888585082385,0.1,0.2,0.1,42,4,1,160,15.99999999999996,6.885286572446855,0.0,0.0
108,0.3064276359788364,dt=0.1,0.5815305264704936,42.89986903703709,0.4602223165177745,23.331390270181544,0.1,0.2,0.1,42,4,1,170,16.99999999999997,6.914938182191177,0.0,0.0
114,0.3018072001910148,dt=0.1,0.6125403194765742,42.25300802674207,0.4599027728931252,21.680858313255975,0.1,0.2,0.1,42,4,1,180,17.999999999999986,6.9552508971441,0.0,0.0
119,0.29819477667430333,dt=0.1,0.6453886304508207,41.74726873440247,0.4588364051099451,20.039491188627515,0.1,0.2,0.1,42,4,1,190,19.0,6.921496501292221,0.0,0.0
122,0.29447389882649183,dt=0.1,0.6776320445672638,41.226345835708855,0.4568725275784486,18.409986367335975,0.1,0.2,0.1,42,4,1,200,20.000000000000014,6.891002864528209,0.0,0.0
125,0.2889670912671917,dt=0.1,0.7066475169003964,40.45539277740684,0.4540331774365136,16.795306660077298,0.1,0.2,0.1,42,4,1,210,21.00000000000003,6.8678300907395515,0.0,0.0
126,0.2835668296238971,dt=0.1,0.7357509708111911,39.6993561473456,0.4502746495633519,15.198542869624504,0.1,0.2,0.1,42,4,1,220,22.000000000000043,6.861566498766099,0.0,0.0
127,0.2795721487530494,dt=0.1,0.7665101526890865,39.14010082542692,0.44537821562107544,13.623155194513156,0.1,0.2,0.1,42,4,1,230,23.000000000000057,6.7832571349522714,0.0,0.0
128,0.2754718642188958,dt=0.1,0.7963245563153277,38.56606099064541,0.4390538604376227,12.073383979175956,0.1,0.2,0.1,42,4,1,240,24.00000000000007,6.691026040998199,0.0,0.0
128,0.26997267705947614,dt=0.1,0.8237361749868379,37.79617478832666,0.4311739878171539,10.554211316901842,0.1,0.2,0.1,42,4,1,250,25.000000000000085,6.5927125637042785,0.0,0.0
128,0.2639188777996442,dt=0.1,0.8498451136912957,36.948642891950186,0.42153061648895984,9.071297377179608,0.1,0.2,0.1,42,4,1,260,26.0000000000001,6.503085991300428,0.0,0.0
128,0.2596203965935745,dt=0.1,0.876562364167987,36.34685552310043,0.4096835844176028,7.631367817072956,0.1,0.2,0.1,42,4,1,270,27.000000000000114,6.34847780092269,0.0,0.0
128,0.25522901980260176,dt=0.1,0.9014938316250348,35.732062772364245,0.39482423564518476,6.243025502822998,0.1,0.2,0.1,42,4,1,280,28.000000000000128,6.1433535329090745,0.0,0.0
128,0.2498565541739747,dt=0.1,0.9237319141518245,34.97991758435646,0.37351230480885456,4.92255725884793,0.1,0.2,0.1,42,4,1,290,29.000000000000142,5.8805307646657665,0.0,0.0
128,0.24375258715248174,dt=0.1,0.9431209323358651,34.12536220134744,0.3458708410915414,3.6929438875692373,0.1,0.2,0.1,42,4,1,300,30.000000000000156,5.563658640616212,0.0,0.0
128,0.238912533935588,dt=0.1,0.9600993396297655,33.44775475098232,0.31168705870576197,2.5753850805239242,0.1,0.2,0.1,42,4,1,310,31.00000000000017,5.145156983523652,0.0,0.0
128,0.23437891816569345,dt=0.1,0.9732987590495065,32.813048543197084,0.2689001097526012,1.5952435381851084,0.1,0.2,0.1,42,4,1,320,32.000000000000185,4.5960364629529264,0.0,0.0
128,0.2292088979395845,dt=0.1,0.9817444695387464,32.08924571154183,0.21354979910085337,0.788432469795184,0.1,0.2,0.1,42,4,1,330,33.0000000000002,3.9111692348167835,0.0,0.0
128,0.22348461188480673,dt=0.1,0.9849147882484878,31.287845663872943,0.13853963300044547,0.5769221489245261,0.1,0.2,0.1,42,4,132,340,34.00000000000021,3.0359155195533902,0.0,0.0
127,0.21900901942209014,dt=0.1,0.9844540090325992,30.66126271909262,0.044308462581175045,0.4866224135616152,0.1,0.2,0.1,42,4,132,350,35.00000000000023,1.94605582504882,0.0,0.0
127,0.2149124184473313,dt=0.1,0.9856215075267092,30.087738582626383,0.022257411786833756,0.38843901074735876,0.1,0.2,0.1,42,4,132,360,36.00000000000024,1.3181388596503447,0.0,0.0
127,0.21045827188639915,dt=0.1,0.9870217743085795,29.46415806409588,0.023058878570384477,0.30997170712290556,0.1,0.2,0.1,42,4,132,370,37.000000000000256,1.1123058717896588,0.0,0.0
127,0.20572590946030067,dt=0.1,0.9877190553412968,28.801627324442094,0.01619375384224088,0.2634404773960674,0.1,0.2,0.1,42,4,43,380,38.00000000000027,0.8881614463461537,0.0,0.0
127,0.20134766811932325,dt=0.1,0.9881020637919391,28.188673536705256,0.015700993199854622,0.25058152958535784,0.1,0.2,0.1,42,4,43,390,39.000000000000284,0.7414592246400598,0.0,0.0
127,0.19735693093994502,dt=0.1,0.9884090373938491,27.629970331592304,0.015287864330246063,0.23872270348034255,0.1,0.2,0.1,42,4,43,400,40.0000000000003,0.6276220060256539,0.0,0.0
127,0.19340821344370882,dt=0.1,0.9886825892718883,27.077149882119233,0.014899840595660315,0.22825530920861264,0.1,0.2,0.1,42,4,43,410,41.00000000000031,0.5289428764884857,0.0,0.0
127,0.1892497438401087,dt=0.1,0.9889107500907296,26.49496413761522,0.014457420646196099,0.2192847432048838,0.1,0.2,0.1,42,4,43,420,42.00000000000033,0.45986112621673336,0.0,0.0
127,0.1852752234574859,dt=0.1,0.9891538476186414,25.938531284048025,0.014011985075699137,0.21164864119495835,0.1,0.2,0.1,42,4,43,430,43.00000000000034,0.4118689212460718,0.0,0.0
127,0.1816023986179473,dt=0.1,0.9894303973253568,25.424335806512623,0.013626015164838308,0.2050593561514428,0.1,0.2,0.1,42,4,43,440,44.000000000000355,0.365799680304947,0.0,0.0
127,0.1780031347746744,dt=0.1,0.9896740928126967,24.920438868454415,0.013308931950295236,0.19938187508365252,0.1,0.2,0.1,42,4,35,450,45.00000000000037,0.323770530506046,0.0,0.0
127,0.17432507069559622,dt=0.1,0.9898522690875726,24.40550989738347,0.0129580129910536,0.19420324908805886,0.1,0.2,0.1,42,4,35,460,46.000000000000384,0.2895344539581812,0.0,0.0
127,0.170739669248428,dt=0.1,0.990020473759095,23.903553694779923,0.01257486015256805,0.1897558348210541,0.1,0.2,0.1,42,4,22,470,47.0000000000004,0.26399865289413355,0.0,0.0
127,0.16735611675238146,dt=0.1,0.9902307651311407,23.429856345333405,0.012225408603936557,0.1852757298034434,0.1,0.2,0.1,42,4,22,480,48.00000000000041,0.23919710384015933,0.0,0.0
127,0.16403778899238017,dt=0.1,0.9904282720428723,22.965290458933225,0.011944204883989536,0.18093479104930288,0.1,0.2,0.1,42,4,22,490,49.000000000000426,0.21546661874393205,0.0,0.0
127,0.16072659268365547,dt=0.1,0.990591968811191,22.501722975711765,0.011648319393775775,0.17716483786036327,0.1,0.2,0.1,42,4,22,500,50.00000000000044,0.1949720447310126,0.0,0.0
3,0.3547932742848401,dt=0.12,0.027895353008215197,49.67105839987761,0.2986150229014345,48.863846893457236,0.1,0.2,0.12,42,0,1,10,1.2000000000000002,3.166212883368599,0.0,0.0
4,0.353002933959037,dt=0.12,0.07536870448093096,49.42041075426518,0.37723291073639015,47.18959412109239,0.1,0.2,0.12,42,0,1,20,2.4000000000000012,4.936850230950399,0.0,0.0
4,0.35073222196673437,dt=0.12,0.12307444293916968,49.10251107534281,0.4057620550230165,45.33467460674154,0.1,0.2,0.12,42,0,1,30,3.6000000000000023,5.541340439142582,0.0,0.0
5,0.34729839851598276,dt=0.12,0.16623993510754156,48.621775792237585,0.41826571171133675,43.4190708146898,0.1,0.2,0.12,42,0,1,40,4.800000000000003,6.002784158289168,0.0,0.0
5,0.34459841548228426,dt=0.12,0.21235905594710652,48.24377816751979,0.4263448266266602,41.475471864031626,0.1,0.2,0.12,42,0,1,50,6.000000000000004,6.170898468329613,0.0,0.0
11,0.3419901887615479,dt=0.12,0.2581379269869353,47.878626426616705,0.43245597220228177,39.51444435286221,0.1,0.2,0.12,42,0,1,60,7.2000000000000055,6.340207614194147,0.0,0.0
20,0.33794175530229054,dt=0.12,0.2985888364248903,47.31184574232068,0.4378133043962567,37.54050555589561,0.1,0.2,0.12,42,0,1,70,8.400000000000004,6.460105669363238,0.0,0.0
30,0.333632363164648,dt=0.12,0.3384002763625131,46.708530843050724,0.44255754272180126,35.5562227048779,0.1,0.2,0.12,42,0,1,80,9.599999999999996,6.62446867607183,0.0,0.0
48,0.3304549230385908,dt=0.12,0.38172391068534733,46.263689225402715,0.4467121335864684,33.56371634087422,0.1,0.2,0.12,42,0,1,90,10.799999999999988,6.676381839136737,0.0,0.0
78,0.32656174932715304,dt=0.12,0.4226793516216592,45.718644905801426,0.45012783860396177,31.56558837567519,0.1,0.2,0.12,42,0,1,100,11.99999999999998,6.738121160867062,0.0,0.0
96,0.3210498403631241,dt=0.12,0.459364433968438,44.946977650837376,0.45295238273338545,29.564553070908964,0.1,0.2,0.12,42,0,1,110,13.199999999999973,6.827651107308179,0.0,0.0
99,0.31690314182666884,dt=0.12,0.49986113163724727,44.36643985573364,0.4551469059771316,27.563134961314272,0.1,0.2,0.12,42,0,1,120,14.399999999999965,6.879676327084712,0.0,0.0
106,0.31301106086468905,dt=0.12,0.5406986303239069,43.821548521056464,0.4564527086136982,25.56435134272065,0.1,0.2,0.12,42,0,1,130,15.599999999999957,6.894905988127074,0.0,0.0
107,0.30739162760159644,dt=0.12,0.5775790123672916,43.0348278642235,0.4568978257384473,23.571758841951052,0.1,0.2,0.12,42,0,1,140,16.79999999999996,6.914807442740094,0.0,0.0
114,0.301641335461033,dt=0.12,0.614371544249038,42.22978696454462,0.4565240567200265,21.58887152200103,0.1,0.2,0.12,42,0,1,150,17.99999999999997,6.965457352471231,0.0,0.0
120,0.29727981232392214,dt=0.12,0.653710444058002,41.6191737253491,0.45508651331101835,19.619490093243588,0.1,0.2,0.12,42,0,1,160,19.19999999999998,6.925364302980669,0.0,0.0
122,0.29196557967122183,dt=0.12,0.690877040713256,40.875181153971056,0.45235901093376785,17.668350754527808,0.1,0.2,0.12,42,0,1,170,20.39999999999999,6.887660187095759,0.0,0.0
124,0.28515854999949153,dt=0.12,0.7253822911023892,39.922196999928815,0.4483667101696729,15.74068298150513,0.1,0.2,0.12,42,0,1,180,21.6,6.875271821704436,0.0,0.0
127,0.27991775715051853,dt=0.12,0.7618998757703457,39.1884860010726,0.4428818887669743,13.8421512811615,0.1,0.2,0.12,42,0,1,190,22.80000000000001,6.815352549515366,0.0,0.0
128,0.27500522140466355,dt=0.12,0.7978123462509696,38.5007309966529,0.4354138374570679,11.979741921703805,0.1,0.2,0.12,42,0,1,200,24.00000000000002,6.700675046441059,0.0,0.0
128,0.2681446436534661,dt=0.12,0.8303438764241342,37.54025011148525,0.4256899044488878,10.16206254907011,0.1,0.2,0.12,42,0,1,210,25.20000000000003,6.585038679926572,0.0,0.0
128,0.26145549764811077,dt=0.12,0.86192945228723,36.60376967073551,0.413311205987751,8.399217614815706,0.1,0.2,0.12,42,0,1,220,26.40000000000004,6.466158958374805,0.0,0.0
128,0.25623698409957263,dt=0.12,0.8929468480656113,35.87317777394017,0.39735626497249554,6.703920372575054,0.1,0.2,0.12,42,0,1,230,27.60000000000005,6.234858386245179,0.0,0.0
128,0.25015898542809173,dt=0.12,0.9205854741753705,35.022257959932844,0.37434451802423024,5.096764856527061,0.1,0.2,0.12,42,0,1,240,28.80000000000006,5.939202732064152,0.0,0.0
128,0.24280115979856584,dt=0.12,0.9440255056783656,33.99216237179922,0.3417316103032318,3.61588249955754,0.1,0.2,0.12,42,0,1,250,30.00000000000007,5.562337311983227,0.0,0.0
128,0.23719835592169533,dt=0.12,0.9638591446269034,33.207769829037346,0.299483898540759,2.29925241687678,0.1,0.2,0.12,42,0,1,260,31.20000000000008,5.030632114218015,0.0,0.0
128,0.2317630602366155,dt=0.12,0.9778198887702546,32.44682843312617,0.2436282881397811,1.193886815261188,0.1,0.2,0.12,42,0,1,270,32.40000000000008,4.315015866607204,0.0,0.0
128,0.22499571502190494,dt=0.12,0.9844052228243247,31.49940010306669,0.16560781314563497,0.6029412843691848,0.1,0.2,0.12,42,0,132,280,33.60000000000005,3.368623854100777,0.0,0.0
127,0.21908950400842964,dt=0.12,0.9842720960748209,30.67253056118015,0.05494807902935441,0.5004546885313705,0.1,0.2,0.12,42,0,132,290,34.800000000000026,2.0934614780815703,0.0,0.0
127,0.21423933853782348,dt=0.12,0.9857308646222591,29.993507395295286,0.023857613783649763,0.38225099044694194,0.1,0.2,0.12,42,0,132,300,36.0,1.311384273631034,0.0,0.0
127,0.20886133067764842,dt=0.12,0.9872733398873601,29.240586294870777,0.01996313845718025,0.29392305926002316,0.1,0.2,0.12,42,0,132,310,37.199999999999974,1.0494995973591421,0.0,0.0
127,0.20327529345470907,dt=0.12,0.9879045385403568,28.45854108365927,0.01585364049963164,0.25706680781160135,0.1,0.2,0.12,42,0,43,320,38.39999999999995,0.8001507920079103,0.0,0.0
127,0.1983944803159431,dt=0.12,0.9883146332888145,27.77522724423203,0.015301137642053254,0.24222992360711892,0.1,0.2,0.12,42,0,43,330,39.59999999999992,0.6585835636685244,0.0,0.0
127,0.19368358272013766,dt=0.12,0.9886511972497203,27.115701580819273,0.014837216171558686,0.22926755624080158,0.1,0.2,0.12,42,0,43,340,40.7999999999999,0.5357178213124405,0.0,0.0
127,0.18875334978539654,dt=0.12,0.9889362734424648,26.425468969955517,0.01432513287600724,0.21846453932947815,0.1,0.2,0.12,42,0,43,350,41.99999999999987,0.4507009908019577,0.0,0.0
127,0.18408451951402552,dt=0.12,0.9892407874397733,25.771832731963574,0.013807209133101534,0.20955428905580994,0.1,0.2,0.12,42,0,43,360,43.19999999999985,0.3940788909067308,0.0,0.0
127,0.1797131614416758,dt=0.12,0.9895520767556262,25.15984260183461,0.013385581810007907,0.20202463638159684,0.1,0.2,0.12,42,0,43,370,44.39999999999982,0.34077415902547115,0.0,0.0
127,0.17536867225021754,dt=0.12,0.9898033094901796,24.551614115030457,0.013007798955622846,0.19562178221963442,0.1,0.2,0.12,42,0,35,380,45.599999999999795,0.29519001272585044,0.0,0.0
127,0.17103714825527094,dt=0.12,0.9900018657563838,23.945200755737932,0.012559621123052239,0.19002527740809358,0.1,0.2,0.12,42,0,22,390,46.79999999999977,0.26247261345609213,0.0,0.0
127,0.16696193643632126,dt=0.12,0.9902461518327779,23.374671101084978,0.012135877291149363,0.18475574689127183,0.1,0.2,0.12,42,0,22,400,47.999999999999744,0.2339785493363953,0.0,0.0
127,0.16299677763624423,dt=0.12,0.9904798640970355,22.819548869074193,0.011805210780485105,0.179594733229198,0.1,0.2,0.12,42,0,22,410,49.19999999999972,0.2065401726407899,0.0,0.0
127,0.15904177315911835,dt=0.12,0.9906618639318785,22.26584824227657,0.01144097925337477,0.1752652820937112,0.1,0.2,0.12,42,0,58,420,50.39999999999969,0.18436403205306734,0.0,0.0
127,0.15521734002484266,dt=0.12,0.9908476263518146,21.730427603477974,0.011041867261631439,0.17083835265814218,0.1,0.2,0.12,42,0,58,430,51.59999999999967,0.16782639859520126,0.0,0.0
127,0.15153086093215296,dt=0.12,0.9910524131906443,21.214320530501414,0.01071872652395376,0.1661425478094143,0.1,0.2,0.12,42,0,58,440,52.79999999999964,0.15063313493661049,0.0,0.0
127,0.14791261894600896,dt=0.12,0.9912353732274484,20.707766652441254,0.010420551121293009,0.16185393935891512,0.1,0.2,0.12,42,0,58,450,53.999999999999616,0.13533011198691222,0.0,0.0
127,0.14435482315508658,dt=0.12,0.9913862197001818,20.20967524171212,0.010066985390213824,0.15801130255867282,0.1,0.2,0.12,42,0,58,460,55.19999999999959,0.12398776403165325,0.0,0.0
127,0.14092399922110546,dt=0.12,0.9915689094495982,19.729359890954765,0.009735900555163803,0.15378320083189911,0.1,0.2,0.12,42,0,58,470,56.399999999999565,0.11341952508745963,0.0,0.0
127,0.13757812934205432,dt=0.12,0.9917485694021867,19.260938107887604,0.009476216469165766,0.14966022680259028,0.1,0.2,0.12,42,0,58,480,57.59999999999954,0.10315879067622222,0.0,0.0
127,0.13428805762114074,dt=0.12,0.9918924398649608,18.800328066959704,0.00917957400539334,0.14606456421822156,0.1,0.2,0.12,42,0,58,490,58.799999999999514,0.09470180121321052,0.0,0.0
127,0.13108664699274394,dt=0.12,0.9920409310409937,18.352130578984152,0.008863420327444369,0.14243560513083925,0.1,0.2,0.12,42,0,58,500,59.99999999999949,0.08826003857480316,0.0,0.0
3,0.3547932742848401,dt=0.12,0.027895353008215197,49.67105839987761,0.2986150229014345,48.863846893457236,0.1,0.2,0.12,42,1,1,10,1.2000000000000002,3.166212883368599,0.0,0.0
4,0.353002933959037,dt=0.12,0.07536870448093096,49.42041075426518,0.37723291073639015,47.18959412109239,0.1,0.2,0.12,42,1,1,20,2.4000000000000012,4.936850230950399,0.0,0.0
4,0.35073222196673437,dt=0.12,0.12307444293916968,49.10251107534281,0.4057620550230165,45.33467460674154,0.1,0.2,0.12,42,1,1,30,3.6000000000000023,5.541340439142582,0.0,0.0
5,0.34729839851598276,dt=0.12,0.16623993510754156,48.621775792237585,0.41826571171133675,43.4190708146898,0.1,0.2,0.12,42,1,1,40,4.800000000000003,6.002784158289168,0.0,0.0
5,0.34459841548228426,dt=0.12,0.21235905594710652,48.24377816751979,0.4263448266266602,41.475471864031626,0.1,0.2,0.12,42,1,1,50,6.000000000000004,6.170898468329613,0.0,0.0
11,0.3419901887615479,dt=0.12,0.2581379269869353,47.878626426616705,0.43245597220228177,39.51444435286221,0.1,0.2,0.12,42,1,1,60,7.2000000000000055,6.340207614194147,0.0,0.0
20,0.33794175530229054,dt=0.12,0.2985888364248903,47.31184574232068,0.4378133043962567,37.54050555589561,0.1,0.2,0.12,42,1,1,70,8.400000000000004,6.460105669363238,0.0,0.0
30,0.333632363164648,dt=0.12,0.3384002763625131,46.708530843050724,0.44255754272180126,35.5562227048779,0.1,0.2,0.12,42,1,1,80,9.599999999999996,6.62446867607183,0.0,0.0
48,0.3304549230385908,dt=0.12,0.38172391068534733,46.263689225402715,0.4467121335864684,33.56371634087422,0.1,0.2,0.12,42,1,1,90,10.799999999999988,6.676381839136737,0.0,0.0
78,0.32656174932715304,dt=0.12,0.4226793516216592,45.718644905801426,0.45012783860396177,31.56558837567519,0.1,0.2,0.12,42,1,1,100,11.99999999999998,6.738121160867062,0.0,0.0
96,0.3210498403631241,dt=0.12,0.459364433968438,44.946977650837376,0.45295238273338545,29.564553070908964,0.1,0.2,0.12,42,1,1,110,13.199999999999973,6.827651107308179,0.0,0.0
99,0.31690314182666884,dt=0.12,0.49986113163724727,44.36643985573364,0.4551469059771316,27.563134961314272,0.1,0.2,0.12,42,1,1,120,14.399999999999965,6.879676327084712,0.0,0.0
106,0.31301106086468905,dt=0.12,0.5406986303239069,43.821548521056464,0.4564527086136982,25.56435134272065,0.1,0.2,0.12,42,1,1,130,15.599999999999957,6.894905988127074,0.0,0.0
107,0.30739162760159644,dt=0.12,0.5775790123672916,43.0348278642235,0.4568978257384473,23.571758841951052,0.1,0.2,0.12,42,1,1,140,16.79999999999996,6.914807442740094,0.0,0.0
114,0.301641335461033,dt=0.12,0.614371544249038,42.22978696454462,0.4565240567200265,21.58887152200103,0.1,0.2,0.12,42,1,1,150,17.99999999999997,6.965457352471231,0.0,0.0
120,0.29727981232392214,dt=0.12,0.653710444058002,41.6191737253491,0.45508651331101835,19.619490093243588,0.1,0.2,0.12,42,1,1,160,19.19999999999998,6.925364302980669,0.0,0.0
122,0.29196557967122183,dt=0.12,0.690877040713256,40.875181153971056,0.45235901093376785,17.668350754527808,0.1,0.2,0.12,42,1,1,170,20.39999999999999,6.887660187095759,0.0,0.0
124,0.28515854999949153,dt=0.12,0.7253822911023892,39.922196999928815,0.4483667101696729,15.74068298150513,0.1,0.2,0.12,42,1,1,180,21.6,6.875271821704436,0.0,0.0
127,0.27991775715051853,dt=0.12,0.7618998757703457,39.1884860010726,0.4428818887669743,13.8421512811615,0.1,0.2,0.12,42,1,1,190,22.80000000000001,6.815352549515366,0.0,0.0
128,0.27500522140466355,dt=0.12,0.7978123462509696,38.5007309966529,0.4354138374570679,11.979741921703805,0.1,0.2,0.12,42,1,1,200,24.00000000000002,6.700675046441059,0.0,0.0
128,0.2681446436534661,dt=0.12,0.8303438764241342,37.54025011148525,0.4256899044488878,10.16206254907011,0.1,0.2,0.12,42,1,1,210,25.20000000000003,6.585038679926572,0.0,0.0
128,0.26145549764811077,dt=0.12,0.86192945228723,36.60376967073551,0.413311205987751,8.399217614815706,0.1,0.2,0.12,42,1,1,220,26.40000000000004,6.466158958374805,0.0,0.0
128,0.25623698409957263,dt=0.12,0.8929468480656113,35.87317777394017,0.39735626497249554,6.703920372575054,0.1,0.2,0.12,42,1,1,230,27.60000000000005,6.234858386245179,0.0,0.0
128,0.25015898542809173,dt=0.12,0.9205854741753705,35.022257959932844,0.37434451802423024,5.096764856527061,0.1,0.2,0.12,42,1,1,240,28.80000000000006,5.939202732064152,0.0,0.0
128,0.24280115979856584,dt=0.12,0.9440255056783656,33.99216237179922,0.3417316103032318,3.61588249955754,0.1,0.2,0.12,42,1,1,250,30.00000000000007,5.562337311983227,0.0,0.0
128,0.23719835592169533,dt=0.12,0.9638591446269034,33.207769829037346,0.299483898540759,2.29925241687678,0.1,0.2,0.12,42,1,1,260,31.20000000000008,5.030632114218015,0.0,0.0
128,0.2317630602366155,dt=0.12,0.9778198887702546,32.44682843312617,0.2436282881397811,1.193886815261188,0.1,0.2,0.12,42,1,1,270,32.40000000000008,4.315015866607204,0.0,0.0
128,0.22499571502190494,dt=0.12,0.9844052228243247,31.49940010306669,0.16560781314563497,0.6029412843691848,0.1,0.2,0.12,42,1,132,280,33.60000000000005,3.368623854100777,0.0,0.0
127,0.21908950400842964,dt=0.12,0.9842720960748209,30.67253056118015,0.05494807902935441,0.5004546885313705,0.1,0.2,0.12,42,1,132,290,34.800000000000026,2.0934614780815703,0.0,0.0
127,0.21423933853782348,dt=0.12,0.9857308646222591,29.993507395295286,0.023857613783649763,0.38225099044694194,0.1,0.2,0.12,42,1,132,300,36.0,1.311384273631034,0.0,0.0
127,0.20886133067764842,dt=0.12,0.9872733398873601,29.240586294870777,0.01996313845718025,0.29392305926002316,0.1,0.2,0.12,42,1,132,310,37.199999999999974,1.0494995973591421,0.0,0.0
127,0.20327529345470907,dt=0.12,0.9879045385403568,28.45854108365927,0.01585364049963164,0.25706680781160135,0.1,0.2,0.12,42,1,43,320,38.39999999999995,0.8001507920079103,0.0,0.0
127,0.1983944803159431,dt=0.12,0.9883146332888145,27.77522724423203,0.015301137642053254,0.24222992360711892,0.1,0.2,0.12,42,1,43,330,39.59999999999992,0.6585835636685244,0.0,0.0
127,0.19368358272013766,dt=0.12,0.9886511972497203,27.115701580819273,0.014837216171558686,0.22926755624080158,0.1,0.2,0.12,42,1,43,340,40.7999999999999,0.5357178213124405,0.0,0.0
127,0.18875334978539654,dt=0.12,0.9889362734424648,26.425468969955517,0.01432513287600724,0.21846453932947815,0.1,0.2,0.12,42,1,43,350,41.99999999999987,0.4507009908019577,0.0,0.0
127,0.18408451951402552,dt=0.12,0.9892407874397733,25.771832731963574,0.013807209133101534,0.20955428905580994,0.1,0.2,0.12,42,1,43,360,43.19999999999985,0.3940788909067308,0.0,0.0
127,0.1797131614416758,dt=0.12,0.9895520767556262,25.15984260183461,0.013385581810007907,0.20202463638159684,0.1,0.2,0.12,42,1,43,370,44.39999999999982,0.34077415902547115,0.0,0.0
127,0.17536867225021754,dt=0.12,0.9898033094901796,24.551614115030457,0.013007798955622846,0.19562178221963442,0.1,0.2,0.12,42,1,35,380,45.599999999999795,0.29519001272585044,0.0,0.0
127,0.17103714825527094,dt=0.12,0.9900018657563838,23.945200755737932,0.012559621123052239,0.19002527740809358,0.1,0.2,0.12,42,1,22,390,46.79999999999977,0.26247261345609213,0.0,0.0
127,0.16696193643632126,dt=0.12,0.9902461518327779,23.374671101084978,0.012135877291149363,0.18475574689127183,0.1,0.2,0.12,42,1,22,400,47.999999999999744,0.2339785493363953,0.0,0.0
127,0.16299677763624423,dt=0.12,0.9904798640970355,22.819548869074193,0.011805210780485105,0.179594733229198,0.1,0.2,0.12,42,1,22,410,49.19999999999972,0.2065401726407899,0.0,0.0
127,0.15904177315911835,dt=0.12,0.9906618639318785,22.26584824227657,0.01144097925337477,0.1752652820937112,0.1,0.2,0.12,42,1,58,420,50.39999999999969,0.18436403205306734,0.0,0.0
127,0.15521734002484266,dt=0.12,0.9908476263518146,21.730427603477974,0.011041867261631439,0.17083835265814218,0.1,0.2,0.12,42,1,58,430,51.59999999999967,0.16782639859520126,0.0,0.0
127,0.15153086093215296,dt=0.12,0.9910524131906443,21.214320530501414,0.01071872652395376,0.1661425478094143,0.1,0.2,0.12,42,1,58,440,52.79999999999964,0.15063313493661049,0.0,0.0
127,0.14791261894600896,dt=0.12,0.9912353732274484,20.707766652441254,0.010420551121293009,0.16185393935891512,0.1,0.2,0.12,42,1,58,450,53.999999999999616,0.13533011198691222,0.0,0.0
127,0.14435482315508658,dt=0.12,0.9913862197001818,20.20967524171212,0.010066985390213824,0.15801130255867282,0.1,0.2,0.12,42,1,58,460,55.19999999999959,0.12398776403165325,0.0,0.0
127,0.14092399922110546,dt=0.12,0.9915689094495982,19.729359890954765,0.009735900555163803,0.15378320083189911,0.1,0.2,0.12,42,1,58,470,56.399999999999565,0.11341952508745963,0.0,0.0
127,0.13757812934205432,dt=0.12,0.9917485694021867,19.260938107887604,0.009476216469165766,0.14966022680259028,0.1,0.2,0.12,42,1,58,480,57.59999999999954,0.10315879067622222,0.0,0.0
127,0.13428805762114074,dt=0.12,0.9918924398649608,18.800328066959704,0.00917957400539334,0.14606456421822156,0.1,0.2,0.12,42,1,58,490,58.799999999999514,0.09470180121321052,0.0,0.0
127,0.13108664699274394,dt=0.12,0.9920409310409937,18.352130578984152,0.008863420327444369,0.14243560513083925,0.1,0.2,0.12,42,1,58,500,59.99999999999949,0.08826003857480316,0.0,0.0
3,0.3547932742848401,dt=0.12,0.027895353008215197,49.67105839987761,0.2986150229014345,48.863846893457236,0.1,0.2,0.12,42,2,1,10,1.2000000000000002,3.166212883368599,0.0,0.0
4,0.353002933959037,dt=0.12,0.07536870448093096,49.42041075426518,0.37723291073639015,47.18959412109239,0.1,0.2,0.12,42,2,1,20,2.4000000000000012,4.936850230950399,0.0,0.0
4,0.35073222196673437,dt=0.12,0.12307444293916968,49.10251107534281,0.4057620550230165,45.33467460674154,0.1,0.2,0.12,42,2,1,30,3.6000000000000023,5.541340439142582,0.0,0.0
5,0.34729839851598276,dt=0.12,0.16623993510754156,48.621775792237585,0.41826571171133675,43.4190708146898,0.1,0.2,0.12,42,2,1,40,4.800000000000003,6.002784158289168,0.0,0.0
5,0.34459841548228426,dt=0.12,0.21235905594710652,48.24377816751979,0.4263448266266602,41.475471864031626,0.1,0.2,0.12,42,2,1,50,6.000000000000004,6.170898468329613,0.0,0.0
11,0.3419901887615479,dt=0.12,0.2581379269869353,47.878626426616705,0.43245597220228177,39.51444435286221,0.1,0.2,0.12,42,2,1,60,7.2000000000000055,6.340207614194147,0.0,0.0
20,0.33794175530229054,dt=0.12,0.2985888364248903,47.31184574232068,0.4378133043962567,37.54050555589561,0.1,0.2,0.12,42,2,1,70,8.400000000000004,6.460105669363238,0.0,0.0
30,0.333632363164648,dt=0.12,0.3384002763625131,46.708530843050724,0.44255754272180126,35.5562227048779,0.1,0.2,0.12,42,2,1,80,9.599999999999996,6.62446867607183,0.0,0.0
48,0.3304549230385908,dt=0.12,0.38172391068534733,46.263689225402715,0.4467121335864684,33.56371634087422,0.1,0.2,0.12,42,2,1,90,10.799999999999988,6.676381839136737,0.0,0.0
78,0.32656174932715304,dt=0.12,0.4226793516216592,45.718644905801426,0.45012783860396177,31.56558837567519,0.1,0.2,0.12,42,2,1,100,11.99999999999998,6.738121160867062,0.0,0.0
96,0.3210498403631241,dt=0.12,0.459364433968438,44.946977650837376,0.45295238273338545,29.564553070908964,0.1,0.2,0.12,42,2,1,110,13.199999999999973,6.827651107308179,0.0,0.0
99,0.31690314182666884,dt=0.12,0.49986113163724727,44.36643985573364,0.4551469059771316,27.563134961314272,0.1,0.2,0.12,42,2,1,120,14.399999999999965,6.879676327084712,0.0,0.0
106,0.31301106086468905,dt=0.12,0.5406986303239069,43.821548521056464,0.4564527086136982,25.56435134272065,0.1,0.2,0.12,42,2,1,130,15.599999999999957,6.894905988127074,0.0,0.0
107,0.30739162760159644,dt=0.12,0.5775790123672916,43.0348278642235,0.4568978257384473,23.571758841951052,0.1,0.2,0.12,42,2,1,140,16.79999999999996,6.914807442740094,0.0,0.0
114,0.301641335461033,dt=0.12,0.614371544249038,42.22978696454462,0.4565240567200265,21.58887152200103,0.1,0.2,0.12,42,2,1,150,17.99999999999997,6.965457352471231,0.0,0.0
120,0.29727981232392214,dt=0.12,0.653710444058002,41.6191737253491,0.45508651331101835,19.619490093243588,0.1,0.2,0.12,42,2,1,160,19.19999999999998,6.925364302980669,0.0,0.0
122,0.29196557967122183,dt=0.12,0.690877040713256,40.875181153971056,0.45235901093376785,17.668350754527808,0.1,0.2,0.12,42,2,1,170,20.39999999999999,6.887660187095759,0.0,0.0
124,0.28515854999949153,dt=0.12,0.7253822911023892,39.922196999928815,0.4483667101696729,15.74068298150513,0.1,0.2,0.12,42,2,1,180,21.6,6.875271821704436,0.0,0.0
127,0.27991775715051853,dt=0.12,0.7618998757703457,39.1884860010726,0.4428818887669743,13.8421512811615,0.1,0.2,0.12,42,2,1,190,22.80000000000001,6.815352549515366,0.0,0.0
128,0.27500522140466355,dt=0.12,0.7978123462509696,38.5007309966529,0.4354138374570679,11.979741921703805,0.1,0.2,0.12,42,2,1,200,24.00000000000002,6.700675046441059,0.0,0.0
128,0.2681446436534661,dt=0.12,0.8303438764241342,37.54025011148525,0.4256899044488878,10.16206254907011,0.1,0.2,0.12,42,2,1,210,25.20000000000003,6.585038679926572,0.0,0.0
128,0.26145549764811077,dt=0.12,0.86192945228723,36.60376967073551,0.413311205987751,8.399217614815706,0.1,0.2,0.12,42,2,1,220,26.40000000000004,6.466158958374805,0.0,0.0
128,0.25623698409957263,dt=0.12,0.8929468480656113,35.87317777394017,0.39735626497249554,6.703920372575054,0.1,0.2,0.12,42,2,1,230,27.60000000000005,6.234858386245179,0.0,0.0
128,0.25015898542809173,dt=0.12,0.9205854741753705,35.022257959932844,0.37434451802423024,5.096764856527061,0.1,0.2,0.12,42,2,1,240,28.80000000000006,5.939202732064152,0.0,0.0
128,0.24280115979856584,dt=0.12,0.9440255056783656,33.99216237179922,0.3417316103032318,3.61588249955754,0.1,0.2,0.12,42,2,1,250,30.00000000000007,5.562337311983227,0.0,0.0
128,0.23719835592169533,dt=0.12,0.9638591446269034,33.207769829037346,0.299483898540759,2.29925241687678,0.1,0.2,0.12,42,2,1,260,31.20000000000008,5.030632114218015,0.0,0.0
128,0.2317630602366155,dt=0.12,0.9778198887702546,32.44682843312617,0.2436282881397811,1.193886815261188,0.1,0.2,0.12,42,2,1,270,32.40000000000008,4.315015866607204,0.0,0.0
128,0.22499571502190494,dt=0.12,0.9844052228243247,31.49940010306669,0.16560781314563497,0.6029412843691848,0.1,0.2,0.12,42,2,132,280,33.60000000000005,3.368623854100777,0.0,0.0
127,0.21908950400842964,dt=0.12,0.9842720960748209,30.67253056118015,0.05494807902935441,0.5004546885313705,0.1,0.2,0.12,42,2,132,290,34.800000000000026,2.0934614780815703,0.0,0.0
127,0.21423933853782348,dt=0.12,0.9857308646222591,29.993507395295286,0.023857613783649763,0.38225099044694194,0.1,0.2,0.12,42,2,132,300,36.0,1.311384273631034,0.0,0.0
127,0.20886133067764842,dt=0.12,0.9872733398873601,29.240586294870777,0.01996313845718025,0.29392305926002316,0.1,0.2,0.12,42,2,132,310,37.199999999999974,1.0494995973591421,0.0,0.0
127,0.20327529345470907,dt=0.12,0.9879045385403568,28.45854108365927,0.01585364049963164,0.25706680781160135,0.1,0.2,0.12,42,2,43,320,38.39999999999995,0.8001507920079103,0.0,0.0
127,0.1983944803159431,dt=0.12,0.9883146332888145,27.77522724423203,0.015301137642053254,0.24222992360711892,0.1,0.2,0.12,42,2,43,330,39.59999999999992,0.6585835636685244,0.0,0.0
127,0.19368358272013766,dt=0.12,0.9886511972497203,27.115701580819273,0.014837216171558686,0.22926755624080158,0.1,0.2,0.12,42,2,43,340,40.7999999999999,0.5357178213124405,0.0,0.0
127,0.18875334978539654,dt=0.12,0.9889362734424648,26.425468969955517,0.01432513287600724,0.21846453932947815,0.1,0.2,0.12,42,2,43,350,41.99999999999987,0.4507009908019577,0.0,0.0
127,0.18408451951402552,dt=0.12,0.9892407874397733,25.771832731963574,0.013807209133101534,0.20955428905580994,0.1,0.2,0.12,42,2,43,360,43.19999999999985,0.3940788909067308,0.0,0.0
127,0.1797131614416758,dt=0.12,0.9895520767556262,25.15984260183461,0.013385581810007907,0.20202463638159684,0.1,0.2,0.12,42,2,43,370,44.39999999999982,0.34077415902547115,0.0,0.0
127,0.17536867225021754,dt=0.12,0.9898033094901796,24.551614115030457,0.013007798955622846,0.19562178221963442,0.1,0.2,0.12,42,2,35,380,45.599999999999795,0.29519001272585044,0.0,0.0
127,0.17103714825527094,dt=0.12,0.9900018657563838,23.945200755737932,0.012559621123052239,0.19002527740809358,0.1,0.2,0.12,42,2,22,390,46.79999999999977,0.26247261345609213,0.0,0.0
127,0.16696193643632126,dt=0.12,0.9902461518327779,23.374671101084978,0.012135877291149363,0.18475574689127183,0.1,0.2,0.12,42,2,22,400,47.999999999999744,0.2339785493363953,0.0,0.0
127,0.16299677763624423,dt=0.12,0.9904798640970355,22.819548869074193,0.011805210780485105,0.179594733229198,0.1,0.2,0.12,42,2,22,410,49.19999999999972,0.2065401726407899,0.0,0.0
127,0.15904177315911835,dt=0.12,0.9906618639318785,22.26584824227657,0.01144097925337477,0.1752652820937112,0.1,0.2,0.12,42,2,58,420,50.39999999999969,0.18436403205306734,0.0,0.0
127,0.15521734002484266,dt=0.12,0.9908476263518146,21.730427603477974,0.011041867261631439,0.17083835265814218,0.1,0.2,0.12,42,2,58,430,51.59999999999967,0.16782639859520126,0.0,0.0
127,0.15153086093215296,dt=0.12,0.9910524131906443,21.214320530501414,0.01071872652395376,0.1661425478094143,0.1,0.2,0.12,42,2,58,440,52.79999999999964,0.15063313493661049,0.0,0.0
127,0.14791261894600896,dt=0.12,0.9912353732274484,20.707766652441254,0.010420551121293009,0.16185393935891512,0.1,0.2,0.12,42,2,58,450,53.999999999999616,0.13533011198691222,0.0,0.0
127,0.14435482315508658,dt=0.12,0.9913862197001818,20.20967524171212,0.010066985390213824,0.15801130255867282,0.1,0.2,0.12,42,2,58,460,55.19999999999959,0.12398776403165325,0.0,0.0
127,0.14092399922110546,dt=0.12,0.9915689094495982,19.729359890954765,0.009735900555163803,0.15378320083189911,0.1,0.2,0.12,42,2,58,470,56.399999999999565,0.11341952508745963,0.0,0.0
127,0.13757812934205432,dt=0.12,0.9917485694021867,19.260938107887604,0.009476216469165766,0.14966022680259028,0.1,0.2,0.12,42,2,58,480,57.59999999999954,0.10315879067622222,0.0,0.0
127,0.13428805762114074,dt=0.12,0.9918924398649608,18.800328066959704,0.00917957400539334,0.14606456421822156,0.1,0.2,0.12,42,2,58,490,58.799999999999514,0.09470180121321052,0.0,0.0
127,0.13108664699274394,dt=0.12,0.9920409310409937,18.352130578984152,0.008863420327444369,0.14243560513083925,0.1,0.2,0.12,42,2,58,500,59.99999999999949,0.08826003857480316,0.0,0.0
3,0.3547932742848401,dt=0.12,0.027895353008215197,49.67105839987761,0.2986150229014345,48.863846893457236,0.1,0.2,0.12,42,3,1,10,1.2000000000000002,3.166212883368599,0.0,0.0
4,0.353002933959037,dt=0.12,0.07536870448093096,49.42041075426518,0.37723291073639015,47.18959412109239,0.1,0.2,0.12,42,3,1,20,2.4000000000000012,4.936850230950399,0.0,0.0
4,0.35073222196673437,dt=0.12,0.12307444293916968,49.10251107534281,0.4057620550230165,45.33467460674154,0.1,0.2,0.12,42,3,1,30,3.6000000000000023,5.541340439142582,0.0,0.0
5,0.34729839851598276,dt=0.12,0.16623993510754156,48.621775792237585,0.41826571171133675,43.4190708146898,0.1,0.2,0.12,42,3,1,40,4.800000000000003,6.002784158289168,0.0,0.0
5,0.34459841548228426,dt=0.12,0.21235905594710652,48.24377816751979,0.4263448266266602,41.475471864031626,0.1,0.2,0.12,42,3,1,50,6.000000000000004,6.170898468329613,0.0,0.0
11,0.3419901887615479,dt=0.12,0.2581379269869353,47.878626426616705,0.43245597220228177,39.51444435286221,0.1,0.2,0.12,42,3,1,60,7.2000000000000055,6.340207614194147,0.0,0.0
20,0.33794175530229054,dt=0.12,0.2985888364248903,47.31184574232068,0.4378133043962567,37.54050555589561,0.1,0.2,0.12,42,3,1,70,8.400000000000004,6.460105669363238,0.0,0.0
30,0.333632363164648,dt=0.12,0.3384002763625131,46.708530843050724,0.44255754272180126,35.5562227048779,0.1,0.2,0.12,42,3,1,80,9.599999999999996,6.62446867607183,0.0,0.0
48,0.3304549230385908,dt=0.12,0.38172391068534733,46.263689225402715,0.4467121335864684,33.56371634087422,0.1,0.2,0.12,42,3,1,90,10.799999999999988,6.676381839136737,0.0,0.0
78,0.32656174932715304,dt=0.12,0.4226793516216592,45.718644905801426,0.45012783860396177,31.56558837567519,0.1,0.2,0.12,42,3,1,100,11.99999999999998,6.738121160867062,0.0,0.0
96,0.3210498403631241,dt=0.12,0.459364433968438,44.946977650837376,0.45295238273338545,29.564553070908964,0.1,0.2,0.12,42,3,1,110,13.199999999999973,6.827651107308179,0.0,0.0
99,0.31690314182666884,dt=0.12,0.49986113163724727,44.36643985573364,0.4551469059771316,27.563134961314272,0.1,0.2,0.12,42,3,1,120,14.399999999999965,6.879676327084712,0.0,0.0
106,0.31301106086468905,dt=0.12,0.5406986303239069,43.821548521056464,0.4564527086136982,25.56435134272065,0.1,0.2,0.12,42,3,1,130,15.599999999999957,6.894905988127074,0.0,0.0
107,0.30739162760159644,dt=0.12,0.5775790123672916,43.0348278642235,0.4568978257384473,23.571758841951052,0.1,0.2,0.12,42,3,1,140,16.79999999999996,6.914807442740094,0.0,0.0
114,0.301641335461033,dt=0.12,0.614371544249038,42.22978696454462,0.4565240567200265,21.58887152200103,0.1,0.2,0.12,42,3,1,150,17.99999999999997,6.965457352471231,0.0,0.0
120,0.29727981232392214,dt=0.12,0.653710444058002,41.6191737253491,0.45508651331101835,19.619490093243588,0.1,0.2,0.12,42,3,1,160,19.19999999999998,6.925364302980669,0.0,0.0
122,0.29196557967122183,dt=0.12,0.690877040713256,40.875181153971056,0.45235901093376785,17.668350754527808,0.1,0.2,0.12,42,3,1,170,20.39999999999999,6.887660187095759,0.0,0.0
124,0.28515854999949153,dt=0.12,0.7253822911023892,39.922196999928815,0.4483667101696729,15.74068298150513,0.1,0.2,0.12,42,3,1,180,21.6,6.875271821704436,0.0,0.0
127,0.27991775715051853,dt=0.12,0.7618998757703457,39.1884860010726,0.4428818887669743,13.8421512811615,0.1,0.2,0.12,42,3,1,190,22.80000000000001,6.815352549515366,0.0,0.0
128,0.27500522140466355,dt=0.12,0.7978123462509696,38.5007309966529,0.4354138374570679,11.979741921703805,0.1,0.2,0.12,42,3,1,200,24.00000000000002,6.700675046441059,0.0,0.0
128,0.2681446436534661,dt=0.12,0.8303438764241342,37.54025011148525,0.4256899044488878,10.16206254907011,0.1,0.2,0.12,42,3,1,210,25.20000000000003,6.585038679926572,0.0,0.0
128,0.26145549764811077,dt=0.12,0.86192945228723,36.60376967073551,0.413311205987751,8.399217614815706,0.1,0.2,0.12,42,3,1,220,26.40000000000004,6.466158958374805,0.0,0.0
128,0.25623698409957263,dt=0.12,0.8929468480656113,35.87317777394017,0.39735626497249554,6.703920372575054,0.1,0.2,0.12,42,3,1,230,27.60000000000005,6.234858386245179,0.0,0.0
128,0.25015898542809173,dt=0.12,0.9205854741753705,35.022257959932844,0.37434451802423024,5.096764856527061,0.1,0.2,0.12,42,3,1,240,28.80000000000006,5.939202732064152,0.0,0.0
128,0.24280115979856584,dt=0.12,0.9440255056783656,33.99216237179922,0.3417316103032318,3.61588249955754,0.1,0.2,0.12,42,3,1,250,30.00000000000007,5.562337311983227,0.0,0.0
128,0.23719835592169533,dt=0.12,0.9638591446269034,33.207769829037346,0.299483898540759,2.29925241687678,0.1,0.2,0.12,42,3,1,260,31.20000000000008,5.030632114218015,0.0,0.0
128,0.2317630602366155,dt=0.12,0.9778198887702546,32.44682843312617,0.2436282881397811,1.193886815261188,0.1,0.2,0.12,42,3,1,270,32.40000000000008,4.315015866607204,0.0,0.0
128,0.22499571502190494,dt=0.12,0.9844052228243247,31.49940010306669,0.16560781314563497,0.6029412843691848,0.1,0.2,0.12,42,3,132,280,33.60000000000005,3.368623854100777,0.0,0.0
127,0.21908950400842964,dt=0.12,0.9842720960748209,30.67253056118015,0.05494807902935441,0.5004546885313705,0.1,0.2,0.12,42,3,132,290,34.800000000000026,2.0934614780815703,0.0,0.0
127,0.21423933853782348,dt=0.12,0.9857308646222591,29.993507395295286,0.023857613783649763,0.38225099044694194,0.1,0.2,0.12,42,3,132,300,36.0,1.311384273631034,0.0,0.0
127,0.20886133067764842,dt=0.12,0.9872733398873601,29.240586294870777,0.01996313845718025,0.29392305926002316,0.1,0.2,0.12,42,3,132,310,37.199999999999974,1.0494995973591421,0.0,0.0
127,0.20327529345470907,dt=0.12,0.9879045385403568,28.45854108365927,0.01585364049963164,0.25706680781160135,0.1,0.2,0.12,42,3,43,320,38.39999999999995,0.8001507920079103,0.0,0.0
127,0.1983944803159431,dt=0.12,0.9883146332888145,27.77522724423203,0.015301137642053254,0.24222992360711892,0.1,0.2,0.12,42,3,43,330,39.59999999999992,0.6585835636685244,0.0,0.0
127,0.19368358272013766,dt=0.12,0.9886511972497203,27.115701580819273,0.014837216171558686,0.22926755624080158,0.1,0.2,0.12,42,3,43,340,40.7999999999999,0.5357178213124405,0.0,0.0
127,0.18875334978539654,dt=0.12,0.9889362734424648,26.425468969955517,0.01432513287600724,0.21846453932947815,0.1,0.2,0.12,42,3,43,350,41.99999999999987,0.4507009908019577,0.0,0.0
127,0.18408451951402552,dt=0.12,0.9892407874397733,25.771832731963574,0.013807209133101534,0.20955428905580994,0.1,0.2,0.12,42,3,43,360,43.19999999999985,0.3940788909067308,0.0,0.0
127,0.1797131614416758,dt=0.12,0.9895520767556262,25.15984260183461,0.013385581810007907,0.20202463638159684,0.1,0.2,0.12,42,3,43,370,44.39999999999982,0.34077415902547115,0.0,0.0
127,0.17536867225021754,dt=0.12,0.9898033094901796,24.551614115030457,0.013007798955622846,0.19562178221963442,0.1,0.2,0.12,42,3,35,380,45.599999999999795,0.29519001272585044,0.0,0.0
127,0.17103714825527094,dt=0.12,0.9900018657563838,23.945200755737932,0.012559621123052239,0.19002527740809358,0.1,0.2,0.12,42,3,22,390,46.79999999999977,0.26247261345609213,0.0,0.0
127,0.16696193643632126,dt=0.12,0.9902461518327779,23.374671101084978,0.012135877291149363,0.18475574689127183,0.1,0.2,0.12,42,3,22,400,47.999999999999744,0.2339785493363953,0.0,0.0
127,0.16299677763624423,dt=0.12,0.9904798640970355,22.819548869074193,0.011805210780485105,0.179594733229198,0.1,0.2,0.12,42,3,22,410,49.19999999999972,0.2065401726407899,0.0,0.0
127,0.15904177315911835,dt=0.12,0.9906618639318785,22.26584824227657,0.01144097925337477,0.1752652820937112,0.1,0.2,0.12,42,3,58,420,50.39999999999969,0.18436403205306734,0.0,0.0
127,0.15521734002484266,dt=0.12,0.9908476263518146,21.730427603477974,0.011041867261631439,0.17083835265814218,0.1,0.2,0.12,42,3,58,430,51.59999999999967,0.16782639859520126,0.0,0.0
127,0.15153086093215296,dt=0.12,0.9910524131906443,21.214320530501414,0.01071872652395376,0.1661425478094143,0.1,0.2,0.12,42,3,58,440,52.79999999999964,0.15063313493661049,0.0,0.0
127,0.14791261894600896,dt=0.12,0.9912353732274484,20.707766652441254,0.010420551121293009,0.16185393935891512,0.1,0.2,0.12,42,3,58,450,53.999999999999616,0.13533011198691222,0.0,0.0
127,0.14435482315508658,dt=0.12,0.9913862197001818,20.20967524171212,0.010066985390213824,0.15801130255867282,0.1,0.2,0.12,42,3,58,460,55.19999999999959,0.12398776403165325,0.0,0.0
127,0.14092399922110546,dt=0.12,0.9915689094495982,19.729359890954765,0.009735900555163803,0.15378320083189911,0.1,0.2,0.12,42,3,58,470,56.399999999999565,0.11341952508745963,0.0,0.0
127,0.13757812934205432,dt=0.12,0.9917485694021867,19.260938107887604,0.009476216469165766,0.14966022680259028,0.1,0.2,0.12,42,3,58,480,57.59999999999954,0.10315879067622222,0.0,0.0
127,0.13428805762114074,dt=0.12,0.9918924398649608,18.800328066959704,0.00917957400539334,0.14606456421822156,0.1,0.2,0.12,42,3,58,490,58.799999999999514,0.09470180121321052,0.0,0.0
127,0.13108664699274394,dt=0.12,0.9920409310409937,18.352130578984152,0.008863420327444369,0.14243560513083925,0.1,0.2,0.12,42,3,58,500,59.99999999999949,0.08826003857480316,0.0,0.0
3,0.3547932742848401,dt=0.12,0.027895353008215197,49.67105839987761,0.2986150229014345,48.863846893457236,0.1,0.2,0.12,42,4,1,10,1.2000000000000002,3.166212883368599,0.0,0.0
4,0.353002933959037,dt=0.12,0.07536870448093096,49.42041075426518,0.37723291073639015,47.18959412109239,0.1,0.2,0.12,42,4,1,20,2.4000000000000012,4.936850230950399,0.0,0.0
4,0.35073222196673437,dt=0.12,0.12307444293916968,49.10251107534281,0.4057620550230165,45.33467460674154,0.1,0.2,0.12,42,4,1,30,3.6000000000000023,5.541340439142582,0.0,0.0
5,0.34729839851598276,dt=0.12,0.16623993510754156,48.621775792237585,0.41826571171133675,43.4190708146898,0.1,0.2,0.12,42,4,1,40,4.800000000000003,6.002784158289168,0.0,0.0
5,0.34459841548228426,dt=0.12,0.21235905594710652,48.24377816751979,0.4263448266266602,41.475471864031626,0.1,0.2,0.12,42,4,1,50,6.000000000000004,6.170898468329613,0.0,0.0
11,0.3419901887615479,dt=0.12,0.2581379269869353,47.878626426616705,0.43245597220228177,39.51444435286221,0.1,0.2,0.12,42,4,1,60,7.2000000000000055,6.340207614194147,0.0,0.0
20,0.33794175530229054,dt=0.12,0.2985888364248903,47.31184574232068,0.4378133043962567,37.54050555589561,0.1,0.2,0.12,42,4,1,70,8.400000000000004,6.460105669363238,0.0,0.0
30,0.333632363164648,dt=0.12,0.3384002763625131,46.708530843050724,0.44255754272180126,35.5562227048779,0.1,0.2,0.12,42,4,1,80,9.599999999999996,6.62446867607183,0.0,0.0
48,0.3304549230385908,dt=0.12,0.38172391068534733,46.263689225402715,0.4467121335864684,33.56371634087422,0.1,0.2,0.12,42,4,1,90,10.799999999999988,6.676381839136737,0.0,0.0
78,0.32656174932715304,dt=0.12,0.4226793516216592,45.718644905801426,0.45012783860396177,31.56558837567519,0.1,0.2,0.12,42,4,1,100,11.99999999999998,6.738121160867062,0.0,0.0
96,0.3210498403631241,dt=0.12,0.459364433968438,44.946977650837376,0.45295238273338545,29.564553070908964,0.1,0.2,0.12,42,4,1,110,13.199999999999973,6.827651107308179,0.0,0.0
99,0.31690314182666884,dt=0.12,0.49986113163724727,44.36643985573364,0.4551469059771316,27.563134961314272,0.1,0.2,0.12,42,4,1,120,14.399999999999965,6.879676327084712,0.0,0.0
106,0.31301106086468905,dt=0.12,0.5406986303239069,43.821548521056464,0.4564527086136982,25.56435134272065,0.1,0.2,0.12,42,4,1,130,15.599999999999957,6.894905988127074,0.0,0.0
107,0.30739162760159644,dt=0.12,0.5775790123672916,43.0348278642235,0.4568978257384473,23.571758841951052,0.1,0.2,0.12,42,4,1,140,16.79999999999996,6.914807442740094,0.0,0.0
114,0.301641335461033,dt=0.12,0.614371544249038,42.22978696454462,0.4565240567200265,21.58887152200103,0.1,0.2,0.12,42,4,1,150,17.99999999999997,6.965457352471231,0.0,0.0
120,0.29727981232392214,dt=0.12,0.653710444058002,41.6191737253491,0.45508651331101835,19.619490093243588,0.1,0.2,0.12,42,4,1,160,19.19999999999998,6.925364302980669,0.0,0.0
122,0.29196557967122183,dt=0.12,0.690877040713256,40.875181153971056,0.45235901093376785,17.668350754527808,0.1,0.2,0.12,42,4,1,170,20.39999999999999,6.887660187095759,0.0,0.0
124,0.28515854999949153,dt=0.12,0.7253822911023892,39.922196999928815,0.4483667101696729,15.74068298150513,0.1,0.2,0.12,42,4,1,180,21.6,6.875271821704436,0.0,0.0
127,0.27991775715051853,dt=0.12,0.7618998757703457,39.1884860010726,0.4428818887669743,13.8421512811615,0.1,0.2,0.12,42,4,1,190,22.80000000000001,6.815352549515366,0.0,0.0
128,0.27500522140466355,dt=0.12,0.7978123462509696,38.5007309966529,0.4354138374570679,11.979741921703805,0.1,0.2,0.12,42,4,1,200,24.00000000000002,6.700675046441059,0.0,0.0
128,0.2681446436534661,dt=0.12,0.8303438764241342,37.54025011148525,0.4256899044488878,10.16206254907011,0.1,0.2,0.12,42,4,1,210,25.20000000000003,6.585038679926572,0.0,0.0
128,0.26145549764811077,dt=0.12,0.86192945228723,36.60376967073551,0.413311205987751,8.399217614815706,0.1,0.2,0.12,42,4,1,220,26.40000000000004,6.466158958374805,0.0,0.0
128,0.25623698409957263,dt=0.12,0.8929468480656113,35.87317777394017,0.39735626497249554,6.703920372575054,0.1,0.2,0.12,42,4,1,230,27.60000000000005,6.234858386245179,0.0,0.0
128,0.25015898542809173,dt=0.12,0.9205854741753705,35.022257959932844,0.37434451802423024,5.096764856527061,0.1,0.2,0.12,42,4,1,240,28.80000000000006,5.939202732064152,0.0,0.0
128,0.24280115979856584,dt=0.12,0.9440255056783656,33.99216237179922,0.3417316103032318,3.61588249955754,0.1,0.2,0.12,42,4,1,250,30.00000000000007,5.562337311983227,0.0,0.0
128,0.23719835592169533,dt=0.12,0.9638591446269034,33.207769829037346,0.299483898540759,2.29925241687678,0.1,0.2,0.12,42,4,1,260,31.20000000000008,5.030632114218015,0.0,0.0
128,0.2317630602366155,dt=0.12,0.9778198887702546,32.44682843312617,0.2436282881397811,1.193886815261188,0.1,0.2,0.12,42,4,1,270,32.40000000000008,4.315015866607204,0.0,0.0
128,0.22499571502190494,dt=0.12,0.9844052228243247,31.49940010306669,0.16560781314563497,0.6029412843691848,0.1,0.2,0.12,42,4,132,280,33.60000000000005,3.368623854100777,0.0,0.0
127,0.21908950400842964,dt=0.12,0.9842720960748209,30.67253056118015,0.05494807902935441,0.5004546885313705,0.1,0.2,0.12,42,4,132,290,34.800000000000026,2.0934614780815703,0.0,0.0
127,0.21423933853782348,dt=0.12,0.9857308646222591,29.993507395295286,0.023857613783649763,0.38225099044694194,0.1,0.2,0.12,42,4,132,300,36.0,1.311384273631034,0.0,0.0
127,0.20886133067764842,dt=0.12,0.9872733398873601,29.240586294870777,0.01996313845718025,0.29392305926002316,0.1,0.2,0.12,42,4,132,310,37.199999999999974,1.0494995973591421,0.0,0.0
127,0.20327529345470907,dt=0.12,0.9879045385403568,28.45854108365927,0.01585364049963164,0.25706680781160135,0.1,0.2,0.12,42,4,43,320,38.39999999999995,0.8001507920079103,0.0,0.0
127,0.1983944803159431,dt=0.12,0.9883146332888145,27.77522724423203,0.015301137642053254,0.24222992360711892,0.1,0.2,0.12,42,4,43,330,39.59999999999992,0.6585835636685244,0.0,0.0
127,0.19368358272013766,dt=0.12,0.9886511972497203,27.115701580819273,0.014837216171558686,0.22926755624080158,0.1,0.2,0.12,42,4,43,340,40.7999999999999,0.5357178213124405,0.0,0.0
127,0.18875334978539654,dt=0.12,0.9889362734424648,26.425468969955517,0.01432513287600724,0.21846453932947815,0.1,0.2,0.12,42,4,43,350,41.99999999999987,0.4507009908019577,0.0,0.0
127,0.18408451951402552,dt=0.12,0.9892407874397733,25.771832731963574,0.013807209133101534,0.20955428905580994,0.1,0.2,0.12,42,4,43,360,43.19999999999985,0.3940788909067308,0.0,0.0
127,0.1797131614416758,dt=0.12,0.9895520767556262,25.15984260183461,0.013385581810007907,0.20202463638159684,0.1,0.2,0.12,42,4,43,370,44.39999999999982,0.34077415902547115,0.0,0.0
127,0.17536867225021754,dt=0.12,0.9898033094901796,24.551614115030457,0.013007798955622846,0.19562178221963442,0.1,0.2,0.12,42,4,35,380,45.599999999999795,0.29519001272585044,0.0,0.0
127,0.17103714825527094,dt=0.12,0.9900018657563838,23.945200755737932,0.012559621123052239,0.19002527740809358,0.1,0.2,0.12,42,4,22,390,46.79999999999977,0.26247261345609213,0.0,0.0
127,0.16696193643632126,dt=0.12,0.9902461518327779,23.374671101084978,0.012135877291149363,0.18475574689127183,0.1,0.2,0.12,42,4,22,400,47.999999999999744,0.2339785493363953,0.0,0.0
127,0.16299677763624423,dt=0.12,0.9904798640970355,22.819548869074193,0.011805210780485105,0.179594733229198,0.1,0.2,0.12,42,4,22,410,49.19999999999972,0.2065401726407899,0.0,0.0
127,0.15904177315911835,dt=0.12,0.9906618639318785,22.26584824227657,0.01144097925337477,0.1752652820937112,0.1,0.2,0.12,42,4,58,420,50.39999999999969,0.18436403205306734,0.0,0.0
127,0.15521734002484266,dt=0.12,0.9908476263518146,21.730427603477974,0.011041867261631439,0.17083835265814218,0.1,0.2,0.12,42,4,58,430,51.59999999999967,0.16782639859520126,0.0,0.0
127,0.15153086093215296,dt=0.12,0.9910524131906443,21.214320530501414,0.01071872652395376,0.1661425478094143,0.1,0.2,0.12,42,4,58,440,52.79999999999964,0.15063313493661049,0.0,0.0
127,0.14791261894600896,dt=0.12,0.9912353732274484,20.707766652441254,0.010420551121293009,0.16185393935891512,0.1,0.2,0.12,42,4,58,450,53.999999999999616,0.13533011198691222,0.0,0.0
127,0.14435482315508658,dt=0.12,0.9913862197001818,20.20967524171212,0.010066985390213824,0.15801130255867282,0.1,0.2,0.12,42,4,58,460,55.19999999999959,0.12398776403165325,0.0,0.0
127,0.14092399922110546,dt=0.12,0.9915689094495982,19.729359890954765,0.009735900555163803,0.15378320083189911,0.1,0.2,0.12,42,4,58,470,56.399999999999565,0.11341952508745963,0.0,0.0
127,0.13757812934205432,dt=0.12,0.9917485694021867,19.260938107887604,0.009476216469165766,0.14966022680259028,0.1,0.2,0.12,42,4,58,480,57.59999999999954,0.10315879067622222,0.0,0.0
127,0.13428805762114074,dt=0.12,0.9918924398649608,18.800328066959704,0.00917957400539334,0.14606456421822156,0.1,0.2,0.12,42,4,58,490,58.799999999999514,0.09470180121321052,0.0,0.0
127,0.13108664699274394,dt=0.12,0.9920409310409937,18.352130578984152,0.008863420327444369,0.14243560513083925,0.1,0.2,0.12,42,4,58,500,59.99999999999949,0.08826003857480316,0.0,0.0
4,0.3539765300091122,dt=0.16,0.04534856035367211,49.55671420127571,0.37315773905252425,48.237127816558214,0.1,0.2,0.16,42,0,1,10,1.5999999999999999,4.1479160269120365,0.0,0.0
4,0.35143991467135616,dt=0.16,0.11112029104281207,49.20158805398986,0.4361087260912,45.82317086066184,0.1,0.2,0.16,42,0,1,20,3.2000000000000006,5.4260124062606625,0.0,0.0
5,0.34693668529618765,dt=0.16,0.1694472438489566,48.571135941466274,0.45328092747735693,43.25871032963627,0.1,0.2,0.16,42,0,1,30,4.800000000000002,6.068998145718767,0.0,0.0
7,0.3434678851641291,dt=0.16,0.23166686945568668,48.08550392297808,0.4641395136694153,40.64638153660702,0.1,0.2,0.16,42,0,1,40,6.400000000000003,6.289863565967281,0.0,0.0
19,0.3390173029574498,dt=0.16,0.28936921148713596,47.462422414042976,0.47215771394737427,38.00701950121951,0.1,0.2,0.16,42,0,1,50,8.000000000000004,6.4719840655665735,0.0,0.0
33,0.33303778971993986,dt=0.16,0.34203696872409634,46.625290560791576,0.4783870916982045,35.34828367211128,0.1,0.2,0.16,42,0,1,60,9.600000000000005,6.693520505320344,0.0,0.0
59,0.32872708165150577,dt=0.16,0.3999009649119446,46.02179143121081,0.4835758191369029,32.675416327150494,0.1,0.2,0.16,42,0,1,70,11.200000000000006,6.762790531123504,0.0,0.0
91,0.32206933180083347,dt=0.16,0.45093057737205505,45.08970645211669,0.48763846651839293,29.994740857442814,0.1,0.2,0.16,42,0,1,80,12.800000000000008,6.85841817729009,0.0,0.0
98,0.31595078904211654,dt=0.16,0.5038075337381429,44.23311046589632,0.4903620625115406,27.31257042563259,0.1,0.2,0.16,42,0,1,90,14.40000000000001,6.943448800433905,0.0,0.0
106,0.31044356824228786,dt=0.16,0.5578929407177999,43.462099553920304,0.49158635608448226,24.63607694339685,0.1,0.2,0.16,42,0,1,100,16.00000000000001,6.9526217566639685,0.0,0.0
111,0.30205519883053206,dt=0.16,0.605702610110275,42.28772783627449,0.49104546111135383,21.973862755135286,0.1,0.2,0.16,42,0,1,110,17.600000000000012,7.0050120955659585,0.0,0.0
120,0.2962633464413829,dt=0.16,0.6586345367275727,41.47686850179361,0.48853716708319683,19.334849088602397,0.1,0.2,0.16,42,0,1,120,19.200000000000014,6.974378347520207,0.0,0.0
125,0.2888416642140337,dt=0.16,0.7078315837880355,40.43783298996472,0.4836788014933702,16.73021990387993,0.1,0.2,0.16,42,0,1,130,20.800000000000015,6.919220443176688,0.0,0.0
127,0.28075302980778744,dt=0.16,0.755344099131314,39.305424173090245,0.4759558601123465,14.17302366980812,0.1,0.2,0.16,42,0,1,140,22.400000000000016,6.881284842707927,0.0,0.0
128,0.27419719772019946,dt=0.16,0.803457655196671,38.38760768082793,0.4647237497886877,11.678885339807183,0.1,0.2,0.16,42,0,1,150,24.000000000000018,6.725235866441997,0.0,0.0
128,0.2649839059214408,dt=0.16,0.8464584311812485,37.09774682900171,0.4488953460891628,9.268491986375729,0.1,0.2,0.16,42,0,1,160,25.60000000000002,6.561269185916452,0.0,0.0
128,0.257458720806104,dt=0.16,0.8883471896786439,36.044220912854556,0.4268874110410751,6.968306950516981,0.1,0.2,0.16,42,0,1,170,27.20000000000002,6.311652356637526,0.0,0.0
128,0.24961709911606295,dt=0.16,0.9253759921552243,34.94639387624881,0.3932543551149157,4.819486617081663,0.1,0.2,0.16,42,0,1,180,28.800000000000022,5.916610172506926,0.0,0.0
128,0.24034519096474477,dt=0.16,0.9550359165605503,33.648326735064266,0.34011286054138695,2.9068472982833167,0.1,0.2,0.16,42,0,1,190,30.400000000000023,5.362113973156378,0.0,0.0
128,0.23308215247252295,dt=0.16,0.9762543710165665,32.631501346153215,0.26415835391618187,1.332504242435335,0.1,0.2,0.16,42,0,1,200,32.00000000000002,4.479509514344582,0.0,0.0
128,0.2244921657770817,dt=0.16,0.9848123262433527,31.42890320879144,0.14613412256557753,0.5836752370096656,0.1,0.2,0.16,42,0,132,210,33.59999999999999,3.179269995463069,0.0,0.0
127,0.21709420781586336,dt=0.16,0.9849279088820214,30.39318909422087,0.021720523382876677,0.43373591026106306,0.1,0.2,0.16,42,0,132,220,35.19999999999995,1.5630282877662103,0.0,0.0
127,0.2101491967781248,dt=0.16,0.9871192687428247,29.420887548937472,0.021880759146414203,0.30185319613483313,0.1,0.2,0.16,42,0,132,230,36.79999999999992,1.0944652164285218,0.0,0.0
127,0.20267913808300705,dt=0.16,0.9879254382703386,28.375079331620988,0.01568169157136434,0.25425587020762963,0.1,0.2,0.16,42,0,43,240,38.399999999999885,0.7753212629522689,0.0,0.0
127,0.19621321740936776,dt=0.16,0.9884132958038412,27.469850437311486,0.01494842822818922,0.23546282303318894,0.1,0.2,0.16,42,0,43,250,39.99999999999985,0.5976638830181984,0.0,0.0
127,0.1898214477450589,dt=0.16,0.9888549138422044,26.575002684308245,0.01430482759871033,0.2202745544431664,0.1,0.2,0.16,42,0,43,260,41.59999999999982,0.46430175368922294,0.0,0.0
127,0.1835385741605601,dt=0.16,0.9892466789081816,25.695400382478415,0.01362567516312672,0.2084792862520127,0.1,0.2,0.16,42,0,43,270,43.19999999999978,0.38674435313341043,0.0,0.0
127,0.17774834231499784,dt=0.16,0.9896424795141228,24.884767924099698,0.013077819641598012,0.19901185056288004,0.1,0.2,0.16,42,0,35,280,44.79999999999975,0.3194696434739256,0.0,0.0
127,0.17195395344879447,dt=0.16,0.989934032932821,24.073553482831226,0.012530810573248478,0.19095236776022992,0.1,0.2,0.16,42,0,35,290,46.399999999999714,0.26743878744363675,0.0,0.0
127,0.16647062756262246,dt=0.16,0.9902444298373303,23.305887858767143,0.011966002411008328,0.18410678327017757,0.1,0.2,0.16,42,0,22,300,47.99999999999968,0.23027356531990997,0.0,0.0
127,0.16119316478981544,dt=0.16,0.9905407062202336,22.56704307057416,0.01152482598479759,0.17760877039116904,0.1,0.2,0.16,42,0,58,310,49.599999999999646,0.19527143307628247,0.0,0.0
127,0.1560061762145661,dt=0.16,0.9907743872136525,21.840864670039256,0.011012508691657276,0.17191915259029056,0.1,0.2,0.16,42,0,58,320,51.19999999999961,0.17095507138562724,0.0,0.0
127,0.15108555612289232,dt=0.16,0.9910502403825259,21.151977857204923,0.010565159236726534,0.1656410380684243,0.1,0.2,0.16,42,0,58,330,52.79999999999958,0.14845145551741812,0.0,0.0
127,0.1462806228385162,dt=0.16,0.9912814078557344,20.479287197392267,0.010156975800935079,0.16011456439895047,0.1,0.2,0.16,42,0,58,340,54.399999999999544,0.12933125944045645,0.0,0.0
127,0.14163301703447218,dt=0.16,0.9914993052045863,19.828622384826105,0.009700555944901872,0.1547748894948103,0.1,0.2,0.16,42,0,58,350,55.99999999999951,0.11604850600666666,0.0,0.0
127,0.1371647410051123,dt=0.16,0.9917387390983607,19.203063740715724,0.009351015224376312,0.149243209400154,0.1,0.2,0.16,42,0,58,360,57.599999999999476,0.10215390199766328,0.0,0.0
127,0.13280200964295788,dt=0.16,0.9919207831219373,18.592281350014105,0.00896569556242491,0.14453582504151313,0.1,0.2,0.16,42,0,58,370,59.19999999999944,0.09180239717127447,0.0,0.0
127,0.128607050497257,dt=0.16,0.992133941442662,18.004987069615982,0.008586452546606478,0.13954508384511113,0.1,0.2,0.16,42,0,58,380,60.79999999999941,0.08284717177942692,0.0,0.0
127,0.12454118518366736,dt=0.16,0.9923308521081262,17.43576592571343,0.008280541026410747,0.13486240540362668,0.1,0.2,0.16,42,0,58,390,62.39999999999937,0.07483384370548454,0.0,0.0
127,0.12059934161524628,dt=0.16,0.992503396157419,16.88390782613448,0.007909734923097902,0.13052524384074685,0.1,0.2,0.16,42,0,58,400,63.99999999999934,0.06917974521879369,0.0,0.0
127,0.1167943263452941,dt=0.16,0.99270416311351,16.351205688341174,0.0076029213215063115,0.12602650000677001,0.1,0.2,0.16,42,0,58,410,65.59999999999931,0.06311499005177065,0.0,0.0
127,0.11310380073049171,dt=0.16,0.9928726676074152,15.83453210226884,0.007307152380079522,0.12195378221548193,0.1,0.2,0.16,42,0,58,420,67.19999999999928,0.05851315369608716,0.0,0.0
127,0.10953357872710782,dt=0.16,0.9930462992873703,15.334701021795096,0.006982269681571959,0.117934146909089,0.1,0.2,0.16,42,0,2,430,68.79999999999924,0.05476552982836341,0.0,0.0
127,0.10607810612311233,dt=0.16,0.9932260470552989,14.850934857235726,0.006735015482901249,0.11399032022372063,0.1,0.2,0.16,42,0,2,440,70.39999999999921,0.051188213784135184,0.0,0.0
127,0.1027275242758252,dt=0.16,0.9933672413409202,14.381853398615528,0.0064426230960980034,0.11039487187726439,0.1,0.2,0.16,42,0,2,450,71.99999999999918,0.04863957633831994,0.0,0.0
127,0.09948786381874912,dt=0.16,0.9935409530028759,13.928300934624877,0.006177792115584548,0.10670798670832117,0.1,0.2,0.16,42,0,2,460,73.59999999999914,0.045824028800725426,0.0,0.0
127,0.09634903350202476,dt=0.16,0.9936926287464177,13.488864690283465,0.005948310771765134,0.10325198837219746,0.1,0.2,0.16,42,0,2,470,75.19999999999911,0.04366245056898602,0.0,0.0
0,0.09330974045775356,dt=0.16,0.9938356375902363,13.063363664085498,0.0056787348305628645,0.09992920850484532,0.1,0.2,0.16,42,0,2,480,76.79999999999907,0.0418846611626764,0.0,0.0
0,0.09036590760051195,dt=0.16,0.9939925130787904,12.651227064071673,0.0054708137681022066,0.09662640112520517,0.1,0.2,0.16,42,0,2,490,78.39999999999904,0.039919132976863204,0.0,0.0
0,0.08751547755878655,dt=0.16,0.9941189560276649,12.252166858230117,0.005247850854028146,0.0935706638213661,0.1,0.2,0.16,42,0,138,500,79.999999999999,0.03852794349431761,0.0,0.0
4,0.3539765300091122,dt=0.16,0.04534856035367211,49.55671420127571,0.37315773905252425,48.237127816558214,0.1,0.2,0.16,42,1,1,10,1.5999999999999999,4.1479160269120365,0.0,0.0
4,0.35143991467135616,dt=0.16,0.11112029104281207,49.20158805398986,0.4361087260912,45.82317086066184,0.1,0.2,0.16,42,1,1,20,3.2000000000000006,5.4260124062606625,0.0,0.0
5,0.34693668529618765,dt=0.16,0.1694472438489566,48.571135941466274,0.45328092747735693,43.25871032963627,0.1,0.2,0.16,42,1,1,30,4.800000000000002,6.068998145718767,0.0,0.0
7,0.3434678851641291,dt=0.16,0.23166686945568668,48.08550392297808,0.4641395136694153,40.64638153660702,0.1,0.2,0.16,42,1,1,40,6.400000000000003,6.289863565967281,0.0,0.0
19,0.3390173029574498,dt=0.16,0.28936921148713596,47.462422414042976,0.47215771394737427,38.00701950121951,0.1,0.2,0.16,42,1,1,50,8.000000000000004,6.4719840655665735,0.0,0.0
33,0.33303778971993986,dt=0.16,0.34203696872409634,46.625290560791576,0.4783870916982045,35.34828367211128,0.1,0.2,0.16,42,1,1,60,9.600000000000005,6.693520505320344,0.0,0.0
59,0.32872708165150577,dt=0.16,0.3999009649119446,46.02179143121081,0.4835758191369029,32.675416327150494,0.1,0.2,0.16,42,1,1,70,11.200000000000006,6.762790531123504,0.0,0.0
91,0.32206933180083347,dt=0.16,0.45093057737205505,45.08970645211669,0.48763846651839293,29.994740857442814,0.1,0.2,0.16,42,1,1,80,12.800000000000008,6.85841817729009,0.0,0.0
98,0.31595078904211654,dt=0.16,0.5038075337381429,44.23311046589632,0.4903620625115406,27.31257042563259,0.1,0.2,0.16,42,1,1,90,14.40000000000001,6.943448800433905,0.0,0.0
106,0.31044356824228786,dt=0.16,0.5578929407177999,43.462099553920304,0.49158635608448226,24.63607694339685,0.1,0.2,0.16,42,1,1,100,16.00000000000001,6.9526217566639685,0.0,0.0
111,0.30205519883053206,dt=0.16,0.605702610110275,42.28772783627449,0.49104546111135383,21.973862755135286,0.1,0.2,0.16,42,1,1,110,17.600000000000012,7.0050120955659585,0.0,0.0
120,0.2962633464413829,dt=0.16,0.6586345367275727,41.47686850179361,0.48853716708319683,19.334849088602397,0.1,0.2,0.16,42,1,1,120,19.200000000000014,6.974378347520207,0.0,0.0
125,0.2888416642140337,dt=0.16,0.7078315837880355,40.43783298996472,0.4836788014933702,16.73021990387993,0.1,0.2,0.16,42,1,1,130,20.800000000000015,6.919220443176688,0.0,0.0
127,0.28075302980778744,dt=0.16,0.755344099131314,39.305424173090245,0.4759558601123465,14.17302366980812,0.1,0.2,0.16,42,1,1,140,22.400000000000016,6.881284842707927,0.0,0.0
128,0.27419719772019946,dt=0.16,0.803457655196671,38.38760768082793,0.4647237497886877,11.678885339807183,0.1,0.2,0.16,42,1,1,150,24.000000000000018,6.725235866441997,0.0,0.0
128,0.2649839059214408,dt=0.16,0.8464584311812485,37.09774682900171,0.4488953460891628,9.268491986375729,0.1,0.2,0.16,42,1,1,160,25.60000000000002,6.561269185916452,0.0,0.0
128,0.257458720806104,dt=0.16,0.8883471896786439,36.044220912854556,0.4268874110410751,6.968306950516981,0.1,0.2,0.16,42,1,1,170,27.20000000000002,6.311652356637526,0.0,0.0
128,0.24961709911606295,dt=0.16,0.9253759921552243,34.94639387624881,0.3932543551149157,4.819486617081663,0.1,0.2,0.16,42,1,1,180,28.800000000000022,5.916610172506926,0.0,0.0
128,0.24034519096474477,dt=0.16,0.9550359165605503,33.648326735064266,0.34011286054138695,2.9068472982833167,0.1,0.2,0.16,42,1,1,190,30.400000000000023,5.362113973156378,0.0,0.0
128,0.23308215247252295,dt=0.16,0.9762543710165665,32.631501346153215,0.26415835391618187,1.332504242435335,0.1,0.2,0.16,42,1,1,200,32.00000000000002,4.479509514344582,0.0,0.0
128,0.2244921657770817,dt=0.16,0.9848123262433527,31.42890320879144,0.14613412256557753,0.5836752370096656,0.1,0.2,0.16,42,1,132,210,33.59999999999999,3.179269995463069,0.0,0.0
127,0.21709420781586336,dt=0.16,0.9849279088820214,30.39318909422087,0.021720523382876677,0.43373591026106306,0.1,0.2,0.16,42,1,132,220,35.19999999999995,1.5630282877662103,0.0,0.0
127,0.2101491967781248,dt=0.16,0.9871192687428247,29.420887548937472,0.021880759146414203,0.30185319613483313,0.1,0.2,0.16,42,1,132,230,36.79999999999992,1.0944652164285218,0.0,0.0
127,0.20267913808300705,dt=0.16,0.9879254382703386,28.375079331620988,0.01568169157136434,0.25425587020762963,0.1,0.2,0.16,42,1,43,240,38.399999999999885,0.7753212629522689,0.0,0.0
127,0.19621321740936776,dt=0.16,0.9884132958038412,27.469850437311486,0.01494842822818922,0.23546282303318894,0.1,0.2,0.16,42,1,43,250,39.99999999999985,0.5976638830181984,0.0,0.0
127,0.1898214477450589,dt=0.16,0.9888549138422044,26.575002684308245,0.01430482759871033,0.2202745544431664,0.1,0.2,0.16,42,1,43,260,41.59999999999982,0.46430175368922294,0.0,0.0
127,0.1835385741605601,dt=0.16,0.9892466789081816,25.695400382478415,0.01362567516312672,0.2084792862520127,0.1,0.2,0.16,42,1,43,270,43.19999999999978,0.38674435313341043,0.0,0.0
127,0.17774834231499784,dt=0.16,0.9896424795141228,24.884767924099698,0.013077819641598012,0.19901185056288004,0.1,0.2,0.16,42,1,35,280,44.79999999999975,0.3194696434739256,0.0,0.0
127,0.17195395344879447,dt=0.16,0.989934032932821,24.073553482831226,0.012530810573248478,0.19095236776022992,0.1,0.2,0.16,42,1,35,290,46.399999999999714,0.26743878744363675,0.0,0.0
127,0.16647062756262246,dt=0.16,0.9902444298373303,23.305887858767143,0.011966002411008328,0.18410678327017757,0.1,0.2,0.16,42,1,22,300,47.99999999999968,0.23027356531990997,0.0,0.0
127,0.16119316478981544,dt=0.16,0.9905407062202336,22.56704307057416,0.01152482598479759,0.17760877039116904,0.1,0.2,0.16,42,1,58,310,49.599999999999646,0.19527143307628247,0.0,0.0
127,0.1560061762145661,dt=0.16,0.9907743872136525,21.840864670039256,0.011012508691657276,0.17191915259029056,0.1,0.2,0.16,42,1,58,320,51.19999999999961,0.17095507138562724,0.0,0.0
127,0.15108555612289232,dt=0.16,0.9910502403825259,21.151977857204923,0.010565159236726534,0.1656410380684243,0.1,0.2,0.16,42,1,58,330,52.79999999999958,0.14845145551741812,0.0,0.0
127,0.1462806228385162,dt=0.16,0.9912814078557344,20.479287197392267,0.010156975800935079,0.16011456439895047,0.1,0.2,0.16,42,1,58,340,54.399999999999544,0.12933125944045645,0.0,0.0
127,0.14163301703447218,dt=0.16,0.9914993052045863,19.828622384826105,0.009700555944901872,0.1547748894948103,0.1,0.2,0.16,42,1,58,350,55.99999999999951,0.11604850600666666,0.0,0.0
127,0.1371647410051123,dt=0.16,0.9917387390983607,19.203063740715724,0.009351015224376312,0.149243209400154,0.1,0.2,0.16,42,1,58,360,57.599999999999476,0.10215390199766328,0.0,0.0
127,0.13280200964295788,dt=0.16,0.9919207831219373,18.592281350014105,0.00896569556242491,0.14453582504151313,0.1,0.2,0.16,42,1,58,370,59.19999999999944,0.09180239717127447,0.0,0.0
127,0.128607050497257,dt=0.16,0.992133941442662,18.004987069615982,0.008586452546606478,0.13954508384511113,0.1,0.2,0.16,42,1,58,380,60.79999999999941,0.08284717177942692,0.0,0.0
127,0.12454118518366736,dt=0.16,0.9923308521081262,17.43576592571343,0.008280541026410747,0.13486240540362668,0.1,0.2,0.16,42,1,58,390,62.39999999999937,0.07483384370548454,0.0,0.0
127,0.12059934161524628,dt=0.16,0.992503396157419,16.88390782613448,0.007909734923097902,0.13052524384074685,0.1,0.2,0.16,42,1,58,400,63.99999999999934,0.06917974521879369,0.0,0.0
127,0.1167943263452941,dt=0.16,0.99270416311351,16.351205688341174,0.0076029213215063115,0.12602650000677001,0.1,0.2,0.16,42,1,58,410,65.59999999999931,0.06311499005177065,0.0,0.0
127,0.11310380073049171,dt=0.16,0.9928726676074152,15.83453210226884,0.007307152380079522,0.12195378221548193,0.1,0.2,0.16,42,1,58,420,67.19999999999928,0.05851315369608716,0.0,0.0
127,0.10953357872710782,dt=0.16,0.9930462992873703,15.334701021795096,0.006982269681571959,0.117934146909089,0.1,0.2,0.16,42,1,2,430,68.79999999999924,0.05476552982836341,0.0,0.0
127,0.10607810612311233,dt=0.16,0.9932260470552989,14.850934857235726,0.006735015482901249,0.11399032022372063,0.1,0.2,0.16,42,1,2,440,70.39999999999921,0.051188213784135184,0.0,0.0
127,0.1027275242758252,dt=0.16,0.9933672413409202,14.381853398615528,0.0064426230960980034,0.11039487187726439,0.1,0.2,0.16,42,1,2,450,71.99999999999918,0.04863957633831994,0.0,0.0
127,0.09948786381874912,dt=0.16,0.9935409530028759,13.928300934624877,0.006177792115584548,0.10670798670832117,0.1,0.2,0.16,42,1,2,460,73.59999999999914,0.045824028800725426,0.0,0.0
127,0.09634903350202476,dt=0.16,0.9936926287464177,13.488864690283465,0.005948310771765134,0.10325198837219746,0.1,0.2,0.16,42,1,2,470,75.19999999999911,0.04366245056898602,0.0,0.0
0,0.09330974045775356,dt=0.16,0.9938356375902363,13.063363664085498,0.0056787348305628645,0.09992920850484532,0.1,0.2,0.16,42,1,2,480,76.79999999999907,0.0418846611626764,0.0,0.0
0,0.09036590760051195,dt=0.16,0.9939925130787904,12.651227064071673,0.0054708137681022066,0.09662640112520517,0.1,0.2,0.16,42,1,2,490,78.39999999999904,0.039919132976863204,0.0,0.0
0,0.08751547755878655,dt=0.16,0.9941189560276649,12.252166858230117,0.005247850854028146,0.0935706638213661,0.1,0.2,0.16,42,1,138,500,79.999999999999,0.03852794349431761,0.0,0.0
4,0.3539765300091122,dt=0.16,0.04534856035367211,49.55671420127571,0.37315773905252425,48.237127816558214,0.1,0.2,0.16,42,2,1,10,1.5999999999999999,4.1479160269120365,0.0,0.0
4,0.35143991467135616,dt=0.16,0.11112029104281207,49.20158805398986,0.4361087260912,45.82317086066184,0.1,0.2,0.16,42,2,1,20,3.2000000000000006,5.4260124062606625,0.0,0.0
5,0.34693668529618765,dt=0.16,0.1694472438489566,48.571135941466274,0.45328092747735693,43.25871032963627,0.1,0.2,0.16,42,2,1,30,4.800000000000002,6.068998145718767,0.0,0.0
7,0.3434678851641291,dt=0.16,0.23166686945568668,48.08550392297808,0.4641395136694153,40.64638153660702,0.1,0.2,0.16,42,2,1,40,6.400000000000003,6.289863565967281,0.0,0.0
19,0.3390173029574498,dt=0.16,0.28936921148713596,47.462422414042976,0.47215771394737427,38.00701950121951,0.1,0.2,0.16,42,2,1,50,8.000000000000004,6.4719840655665735,0.0,0.0
33,0.33303778971993986,dt=0.16,0.34203696872409634,46.625290560791576,0.4783870916982045,35.34828367211128,0.1,0.2,0.16,42,2,1,60,9.600000000000005,6.693520505320344,0.0,0.0
59,0.32872708165150577,dt=0.16,0.3999009649119446,46.02179143121081,0.4835758191369029,32.675416327150494,0.1,0.2,0.16,42,2,1,70,11.200000000000006,6.762790531123504,0.0,0.0
91,0.32206933180083347,dt=0.16,0.45093057737205505,45.08970645211669,0.48763846651839293,29.994740857442814,0.1,0.2,0.16,42,2,1,80,12.800000000000008,6.85841817729009,0.0,0.0
98,0.31595078904211654,dt=0.16,0.5038075337381429,44.23311046589632,0.4903620625115406,27.31257042563259,0.1,0.2,0.16,42,2,1,90,14.40000000000001,6.943448800433905,0.0,0.0
106,0.31044356824228786,dt=0.16,0.5578929407177999,43.462099553920304,0.49158635608448226,24.63607694339685,0.1,0.2,0.16,42,2,1,100,16.00000000000001,6.9526217566639685,0.0,0.0
111,0.30205519883053206,dt=0.16,0.605702610110275,42.28772783627449,0.49104546111135383,21.973862755135286,0.1,0.2,0.16,42,2,1,110,17.600000000000012,7.0050120955659585,0.0,0.0
120,0.2962633464413829,dt=0.16,0.6586345367275727,41.47686850179361,0.48853716708319683,19.334849088602397,0.1,0.2,0.16,42,2,1,120,19.200000000000014,6.974378347520207,0.0,0.0
125,0.2888416642140337,dt=0.16,0.7078315837880355,40.43783298996472,0.4836788014933702,16.73021990387993,0.1,0.2,0.16,42,2,1,130,20.800000000000015,6.919220443176688,0.0,0.0
127,0.28075302980778744,dt=0.16,0.755344099131314,39.305424173090245,0.4759558601123465,14.17302366980812,0.1,0.2,0.16,42,2,1,140,22.400000000000016,6.881284842707927,0.0,0.0
128,0.27419719772019946,dt=0.16,0.803457655196671,38.38760768082793,0.4647237497886877,11.678885339807183,0.1,0.2,0.16,42,2,1,150,24.000000000000018,6.725235866441997,0.0,0.0
128,0.2649839059214408,dt=0.16,0.8464584311812485,37.09774682900171,0.4488953460891628,9.268491986375729,0.1,0.2,0.16,42,2,1,160,25.60000000000002,6.561269185916452,0.0,0.0
128,0.257458720806104,dt=0.16,0.8883471896786439,36.044220912854556,0.4268874110410751,6.968306950516981,0.1,0.2,0.16,42,2,1,170,27.20000000000002,6.311652356637526,0.0,0.0
128,0.24961709911606295,dt=0.16,0.9253759921552243,34.94639387624881,0.3932543551149157,4.819486617081663,0.1,0.2,0.16,42,2,1,180,28.800000000000022,5.916610172506926,0.0,0.0
128,0.24034519096474477,dt=0.16,0.9550359165605503,33.648326735064266,0.34011286054138695,2.9068472982833167,0.1,0.2,0.16,42,2,1,190,30.400000000000023,5.362113973156378,0.0,0.0
128,0.23308215247252295,dt=0.16,0.9762543710165665,32.631501346153215,0.26415835391618187,1.332504242435335,0.1,0.2,0.16,42,2,1,200,32.00000000000002,4.479509514344582,0.0,0.0
128,0.2244921657770817,dt=0.16,0.9848123262433527,31.42890320879144,0.14613412256557753,0.5836752370096656,0.1,0.2,0.16,42,2,132,210,33.59999999999999,3.179269995463069,0.0,0.0
127,0.21709420781586336,dt=0.16,0.9849279088820214,30.39318909422087,0.021720523382876677,0.43373591026106306,0.1,0.2,0.16,42,2,132,220,35.19999999999995,1.5630282877662103,0.0,0.0
127,0.2101491967781248,dt=0.16,0.9871192687428247,29.420887548937472,0.021880759146414203,0.30185319613483313,0.1,0.2,0.16,42,2,132,230,36.79999999999992,1.0944652164285218,0.0,0.0
127,0.20267913808300705,dt=0.16,0.9879254382703386,28.375079331620988,0.01568169157136434,0.25425587020762963,0.1,0.2,0.16,42,2,43,240,38.399999999999885,0.7753212629522689,0.0,0.0
127,0.19621321740936776,dt=0.16,0.9884132958038412,27.469850437311486,0.01494842822818922,0.23546282303318894,0.1,0.2,0.16,42,2,43,250,39.99999999999985,0.5976638830181984,0.0,0.0
127,0.1898214477450589,dt=0.16,0.9888549138422044,26.575002684308245,0.01430482759871033,0.2202745544431664,0.1,0.2,0.16,42,2,43,260,41.59999999999982,0.46430175368922294,0.0,0.0
127,0.1835385741605601,dt=0.16,0.9892466789081816,25.695400382478415,0.01362567516312672,0.2084792862520127,0.1,0.2,0.16,42,2,43,270,43.19999999999978,0.38674435313341043,0.0,0.0
127,0.17774834231499784,dt=0.16,0.9896424795141228,24.884767924099698,0.013077819641598012,0.19901185056288004,0.1,0.2,0.16,42,2,35,280,44.79999999999975,0.3194696434739256,0.0,0.0
127,0.17195395344879447,dt=0.16,0.989934032932821,24.073553482831226,0.012530810573248478,0.19095236776022992,0.1,0.2,0.16,42,2,35,290,46.399999999999714,0.26743878744363675,0.0,0.0
127,0.16647062756262246,dt=0.16,0.9902444298373303,23.305887858767143,0.011966002411008328,0.18410678327017757,0.1,0.2,0.16,42,2,22,300,47.99999999999968,0.23027356531990997,0.0,0.0
127,0.16119316478981544,dt=0.16,0.9905407062202336,22.56704307057416,0.01152482598479759,0.17760877039116904,0.1,0.2,0.16,42,2,58,310,49.599999999999646,0.19527143307628247,0.0,0.0
127,0.1560061762145661,dt=0.16,0.9907743872136525,21.840864670039256,0.011012508691657276,0.17191915259029056,0.1,0.2,0.16,42,2,58,320,51.19999999999961,0.17095507138562724,0.0,0.0
127,0.15108555612289232,dt=0.16,0.9910502403825259,21.151977857204923,0.010565159236726534,0.1656410380684243,0.1,0.2,0.16,42,2,58,330,52.79999999999958,0.14845145551741812,0.0,0.0
127,0.1462806228385162,dt=0.16,0.9912814078557344,20.479287197392267,0.010156975800935079,0.16011456439895047,0.1,0.2,0.16,42,2,58,340,54.399999999999544,0.12933125944045645,0.0,0.0
127,0.14163301703447218,dt=0.16,0.9914993052045863,19.828622384826105,0.009700555944901872,0.1547748894948103,0.1,0.2,0.16,42,2,58,350,55.99999999999951,0.11604850600666666,0.0,0.0
127,0.1371647410051123,dt=0.16,0.9917387390983607,19.203063740715724,0.009351015224376312,0.149243209400154,0.1,0.2,0.16,42,2,58,360,57.599999999999476,0.10215390199766328,0.0,0.0
127,0.13280200964295788,dt=0.16,0.9919207831219373,18.592281350014105,0.00896569556242491,0.14453582504151313,0.1,0.2,0.16,42,2,58,370,59.19999999999944,0.09180239717127447,0.0,0.0
127,0.128607050497257,dt=0.16,0.992133941442662,18.004987069615982,0.008586452546606478,0.13954508384511113,0.1,0.2,0.16,42,2,58,380,60.79999999999941,0.08284717177942692,0.0,0.0
127,0.12454118518366736,dt=0.16,0.9923308521081262,17.43576592571343,0.008280541026410747,0.13486240540362668,0.1,0.2,0.16,42,2,58,390,62.39999999999937,0.07483384370548454,0.0,0.0
127,0.12059934161524628,dt=0.16,0.992503396157419,16.88390782613448,0.007909734923097902,0.13052524384074685,0.1,0.2,0.16,42,2,58,400,63.99999999999934,0.06917974521879369,0.0,0.0
127,0.1167943263452941,dt=0.16,0.99270416311351,16.351205688341174,0.0076029213215063115,0.12602650000677001,0.1,0.2,0.16,42,2,58,410,65.59999999999931,0.06311499005177065,0.0,0.0
127,0.11310380073049171,dt=0.16,0.9928726676074152,15.83453210226884,0.007307152380079522,0.12195378221548193,0.1,0.2,0.16,42,2,58,420,67.19999999999928,0.05851315369608716,0.0,0.0
127,0.10953357872710782,dt=0.16,0.9930462992873703,15.334701021795096,0.006982269681571959,0.117934146909089,0.1,0.2,0.16,42,2,2,430,68.79999999999924,0.05476552982836341,0.0,0.0
127,0.10607810612311233,dt=0.16,0.9932260470552989,14.850934857235726,0.006735015482901249,0.11399032022372063,0.1,0.2,0.16,42,2,2,440,70.39999999999921,0.051188213784135184,0.0,0.0
127,0.1027275242758252,dt=0.16,0.9933672413409202,14.381853398615528,0.0064426230960980034,0.11039487187726439,0.1,0.2,0.16,42,2,2,450,71.99999999999918,0.04863957633831994,0.0,0.0
127,0.09948786381874912,dt=0.16,0.9935409530028759,13.928300934624877,0.006177792115584548,0.10670798670832117,0.1,0.2,0.16,42,2,2,460,73.59999999999914,0.045824028800725426,0.0,0.0
127,0.09634903350202476,dt=0.16,0.9936926287464177,13.488864690283465,0.005948310771765134,0.10325198837219746,0.1,0.2,0.16,42,2,2,470,75.19999999999911,0.04366245056898602,0.0,0.0
0,0.09330974045775356,dt=0.16,0.9938356375902363,13.063363664085498,0.0056787348305628645,0.09992920850484532,0.1,0.2,0.16,42,2,2,480,76.79999999999907,0.0418846611626764,0.0,0.0
0,0.09036590760051195,dt=0.16,0.9939925130787904,12.651227064071673,0.0054708137681022066,0.09662640112520517,0.1,0.2,0.16,42,2,2,490,78.39999999999904,0.039919132976863204,0.0,0.0
0,0.08751547755878655,dt=0.16,0.9941189560276649,12.252166858230117,0.005247850854028146,0.0935706638213661,0.1,0.2,0.16,42,2,138,500,79.999999999999,0.03852794349431761,0.0,0.0
4,0.3539765300091122,dt=0.16,0.04534856035367211,49.55671420127571,0.37315773905252425,48.237127816558214,0.1,0.2,0.16,42,3,1,10,1.5999999999999999,4.1479160269120365,0.0,0.0
4,0.35143991467135616,dt=0.16,0.11112029104281207,49.20158805398986,0.4361087260912,45.82317086066184,0.1,0.2,0.16,42,3,1,20,3.2000000000000006,5.4260124062606625,0.0,0.0
5,0.34693668529618765,dt=0.16,0.1694472438489566,48.571135941466274,0.45328092747735693,43.25871032963627,0.1,0.2,0.16,42,3,1,30,4.800000000000002,6.068998145718767,0.0,0.0
7,0.3434678851641291,dt=0.16,0.23166686945568668,48.08550392297808,0.4641395136694153,40.64638153660702,0.1,0.2,0.16,42,3,1,40,6.400000000000003,6.289863565967281,0.0,0.0
19,0.3390173029574498,dt=0.16,0.28936921148713596,47.462422414042976,0.47215771394737427,38.00701950121951,0.1,0.2,0.16,42,3,1,50,8.000000000000004,6.4719840655665735,0.0,0.0
33,0.33303778971993986,dt=0.16,0.34203696872409634,46.625290560791576,0.4783870916982045,35.34828367211128,0.1,0.2,0.16,42,3,1,60,9.600000000000005,6.693520505320344,0.0,0.0
59,0.32872708165150577,dt=0.16,0.3999009649119446,46.02179143121081,0.4835758191369029,32.675416327150494,0.1,0.2,0.16,42,3,1,70,11.200000000000006,6.762790531123504,0.0,0.0
91,0.32206933180083347,dt=0.16,0.45093057737205505,45.08970645211669,0.48763846651839293,29.994740857442814,0.1,0.2,0.16,42,3,1,80,12.800000000000008,6.85841817729009,0.0,0.0
98,0.31595078904211654,dt=0.16,0.5038075337381429,44.23311046589632,0.4903620625115406,27.31257042563259,0.1,0.2,0.16,42,3,1,90,14.40000000000001,6.943448800433905,0.0,0.0
106,0.31044356824228786,dt=0.16,0.5578929407177999,43.462099553920304,0.49158635608448226,24.63607694339685,0.1,0.2,0.16,42,3,1,100,16.00000000000001,6.9526217566639685,0.0,0.0
111,0.30205519883053206,dt=0.16,0.605702610110275,42.28772783627449,0.49104546111135383,21.973862755135286,0.1,0.2,0.16,42,3,1,110,17.600000000000012,7.0050120955659585,0.0,0.0
120,0.2962633464413829,dt=0.16,0.6586345367275727,41.47686850179361,0.48853716708319683,19.334849088602397,0.1,0.2,0.16,42,3,1,120,19.200000000000014,6.974378347520207,0.0,0.0
125,0.2888416642140337,dt=0.16,0.7078315837880355,40.43783298996472,0.4836788014933702,16.73021990387993,0.1,0.2,0.16,42,3,1,130,20.800000000000015,6.919220443176688,0.0,0.0
127,0.28075302980778744,dt=0.16,0.755344099131314,39.305424173090245,0.4759558601123465,14.17302366980812,0.1,0.2,0.16,42,3,1,140,22.400000000000016,6.881284842707927,0.0,0.0
128,0.27419719772019946,dt=0.16,0.803457655196671,38.38760768082793,0.4647237497886877,11.678885339807183,0.1,0.2,0.16,42,3,1,150,24.000000000000018,6.725235866441997,0.0,0.0
128,0.2649839059214408,dt=0.16,0.8464584311812485,37.09774682900171,0.4488953460891628,9.268491986375729,0.1,0.2,0.16,42,3,1,160,25.60000000000002,6.561269185916452,0.0,0.0
128,0.257458720806104,dt=0.16,0.8883471896786439,36.044220912854556,0.4268874110410751,6.968306950516981,0.1,0.2,0.16,42,3,1,170,27.20000000000002,6.311652356637526,0.0,0.0
128,0.24961709911606295,dt=0.16,0.9253759921552243,34.94639387624881,0.3932543551149157,4.819486617081663,0.1,0.2,0.16,42,3,1,180,28.800000000000022,5.916610172506926,0.0,0.0
128,0.24034519096474477,dt=0.16,0.9550359165605503,33.648326735064266,0.34011286054138695,2.9068472982833167,0.1,0.2,0.16,42,3,1,190,30.400000000000023,5.362113973156378,0.0,0.0
128,0.23308215247252295,dt=0.16,0.9762543710165665,32.631501346153215,0.26415835391618187,1.332504242435335,0.1,0.2,0.16,42,3,1,200,32.00000000000002,4.479509514344582,0.0,0.0
128,0.2244921657770817,dt=0.16,0.9848123262433527,31.42890320879144,0.14613412256557753,0.5836752370096656,0.1,0.2,0.16,42,3,132,210,33.59999999999999,3.179269995463069,0.0,0.0
127,0.21709420781586336,dt=0.16,0.9849279088820214,30.39318909422087,0.021720523382876677,0.43373591026106306,0.1,0.2,0.16,42,3,132,220,35.19999999999995,1.5630282877662103,0.0,0.0
127,0.2101491967781248,dt=0.16,0.9871192687428247,29.420887548937472,0.021880759146414203,0.30185319613483313,0.1,0.2,0.16,42,3,132,230,36.79999999999992,1.0944652164285218,0.0,0.0
127,0.20267913808300705,dt=0.16,0.9879254382703386,28.375079331620988,0.01568169157136434,0.25425587020762963,0.1,0.2,0.16,42,3,43,240,38.399999999999885,0.7753212629522689,0.0,0.0
127,0.19621321740936776,dt=0.16,0.9884132958038412,27.469850437311486,0.01494842822818922,0.23546282303318894,0.1,0.2,0.16,42,3,43,250,39.99999999999985,0.5976638830181984,0.0,0.0
127,0.1898214477450589,dt=0.16,0.9888549138422044,26.575002684308245,0.01430482759871033,0.2202745544431664,0.1,0.2,0.16,42,3,43,260,41.59999999999982,0.46430175368922294,0.0,0.0
127,0.1835385741605601,dt=0.16,0.9892466789081816,25.695400382478415,0.01362567516312672,0.2084792862520127,0.1,0.2,0.16,42,3,43,270,43.19999999999978,0.38674435313341043,0.0,0.0
127,0.17774834231499784,dt=0.16,0.9896424795141228,24.884767924099698,0.013077819641598012,0.19901185056288004,0.1,0.2,0.16,42,3,35,280,44.79999999999975,0.3194696434739256,0.0,0.0
127,0.17195395344879447,dt=0.16,0.989934032932821,24.073553482831226,0.012530810573248478,0.19095236776022992,0.1,0.2,0.16,42,3,35,290,46.399999999999714,0.26743878744363675,0.0,0.0
127,0.16647062756262246,dt=0.16,0.9902444298373303,23.305887858767143,0.011966002411008328,0.18410678327017757,0.1,0.2,0.16,42,3,22,300,47.99999999999968,0.23027356531990997,0.0,0.0
127,0.16119316478981544,dt=0.16,0.9905407062202336,22.56704307057416,0.01152482598479759,0.17760877039116904,0.1,0.2,0.16,42,3,58,310,49.599999999999646,0.19527143307628247,0.0,0.0
127,0.1560061762145661,dt=0.16,0.9907743872136525,21.840864670039256,0.011012508691657276,0.17191915259029056,0.1,0.2,0.16,42,3,58,320,51.19999999999961,0.17095507138562724,0.0,0.0
127,0.15108555612289232,dt=0.16,0.9910502403825259,21.151977857204923,0.010565159236726534,0.1656410380684243,0.1,0.2,0.16,42,3,58,330,52.79999999999958,0.14845145551741812,0.0,0.0
127,0.1462806228385162,dt=0.16,0.9912814078557344,20.479287197392267,0.010156975800935079,0.16011456439895047,0.1,0.2,0.16,42,3,58,340,54.399999999999544,0.12933125944045645,0.0,0.0
127,0.14163301703447218,dt=0.16,0.9914993052045863,19.828622384826105,0.009700555944901872,0.1547748894948103,0.1,0.2,0.16,42,3,58,350,55.99999999999951,0.11604850600666666,0.0,0.0
127,0.1371647410051123,dt=0.16,0.9917387390983607,19.203063740715724,0.009351015224376312,0.149243209400154,0.1,0.2,0.16,42,3,58,360,57.599999999999476,0.10215390199766328,0.0,0.0
127,0.13280200964295788,dt=0.16,0.9919207831219373,18.592281350014105,0.00896569556242491,0.14453582504151313,0.1,0.2,0.16,42,3,58,370,59.19999999999944,0.09180239717127447,0.0,0.0
127,0.128607050497257,dt=0.16,0.992133941442662,18.004987069615982,0.008586452546606478,0.13954508384511113,0.1,0.2,0.16,42,3,58,380,60.79999999999941,0.08284717177942692,0.0,0.0
127,0.12454118518366736,dt=0.16,0.9923308521081262,17.43576592571343,0.008280541026410747,0.13486240540362668,0.1,0.2,0.16,42,3,58,390,62.39999999999937,0.07483384370548454,0.0,0.0
127,0.12059934161524628,dt=0.16,0.992503396157419,16.88390782613448,0.007909734923097902,0.13052524384074685,0.1,0.2,0.16,42,3,58,400,63.99999999999934,0.06917974521879369,0.0,0.0
127,0.1167943263452941,dt=0.16,0.99270416311351,16.351205688341174,0.0076029213215063115,0.12602650000677001,0.1,0.2,0.16,42,3,58,410,65.59999999999931,0.06311499005177065,0.0,0.0
127,0.11310380073049171,dt=0.16,0.9928726676074152,15.83453210226884,0.007307152380079522,0.12195378221548193,0.1,0.2,0.16,42,3,58,420,67.19999999999928,0.05851315369608716,0.0,0.0
127,0.10953357872710782,dt=0.16,0.9930462992873703,15.334701021795096,0.006982269681571959,0.117934146909089,0.1,0.2,0.16,42,3,2,430,68.79999999999924,0.05476552982836341,0.0,0.0
127,0.10607810612311233,dt=0.16,0.9932260470552989,14.850934857235726,0.006735015482901249,0.11399032022372063,0.1,0.2,0.16,42,3,2,440,70.39999999999921,0.051188213784135184,0.0,0.0
127,0.1027275242758252,dt=0.16,0.9933672413409202,14.381853398615528,0.0064426230960980034,0.11039487187726439,0.1,0.2,0.16,42,3,2,450,71.99999999999918,0.04863957633831994,0.0,0.0
127,0.09948786381874912,dt=0.16,0.9935409530028759,13.928300934624877,0.006177792115584548,0.10670798670832117,0.1,0.2,0.16,42,3,2,460,73.59999999999914,0.045824028800725426,0.0,0.0
127,0.09634903350202476,dt=0.16,0.9936926287464177,13.488864690283465,0.005948310771765134,0.10325198837219746,0.1,0.2,0.16,42,3,2,470,75.19999999999911,0.04366245056898602,0.0,0.0
0,0.09330974045775356,dt=0.16,0.9938356375902363,13.063363664085498,0.0056787348305628645,0.09992920850484532,0.1,0.2,0.16,42,3,2,480,76.79999999999907,0.0418846611626764,0.0,0.0
0,0.09036590760051195,dt=0.16,0.9939925130787904,12.651227064071673,0.0054708137681022066,0.09662640112520517,0.1,0.2,0.16,42,3,2,490,78.39999999999904,0.039919132976863204,0.0,0.0
0,0.08751547755878655,dt=0.16,0.9941189560276649,12.252166858230117,0.005247850854028146,0.0935706638213661,0.1,0.2,0.16,42,3,138,500,79.999999999999,0.03852794349431761,0.0,0.0
4,0.3539765300091122,dt=0.16,0.04534856035367211,49.55671420127571,0.37315773905252425,48.237127816558214,0.1,0.2,0.16,42,4,1,10,1.5999999999999999,4.1479160269120365,0.0,0.0
4,0.35143991467135616,dt=0.16,0.11112029104281207,49.20158805398986,0.4361087260912,45.82317086066184,0.1,0.2,0.16,42,4,1,20,3.2000000000000006,5.4260124062606625,0.0,0.0
5,0.34693668529618765,dt=0.16,0.1694472438489566,48.571135941466274,0.45328092747735693,43.25871032963627,0.1,0.2,0.16,42,4,1,30,4.800000000000002,6.068998145718767,0.0,0.0
7,0.3434678851641291,dt=0.16,0.23166686945568668,48.08550392297808,0.4641395136694153,40.64638153660702,0.1,0.2,0.16,42,4,1,40,6.400000000000003,6.289863565967281,0.0,0.0
19,0.3390173029574498,dt=0.16,0.28936921148713596,47.462422414042976,0.47215771394737427,38.00701950121951,0.1,0.2,0.16,42,4,1,50,8.000000000000004,6.4719840655665735,0.0,0.0
33,0.33303778971993986,dt=0.16,0.34203696872409634,46.625290560791576,0.4783870916982045,35.34828367211128,0.1,0.2,0.16,42,4,1,60,9.600000000000005,6.693520505320344,0.0,0.0
59,0.32872708165150577,dt=0.16,0.3999009649119446,46.02179143121081,0.4835758191369029,32.675416327150494,0.1,0.2,0.16,42,4,1,70,11.200000000000006,6.762790531123504,0.0,0.0
91,0.32206933180083347,dt=0.16,0.45093057737205505,45.08970645211669,0.48763846651839293,29.994740857442814,0.1,0.2,0.16,42,4,1,80,12.800000000000008,6.85841817729009,0.0,0.0
98,0.31595078904211654,dt=0.16,0.5038075337381429,44.23311046589632,0.4903620625115406,27.31257042563259,0.1,0.2,0.16,42,4,1,90,14.40000000000001,6.943448800433905,0.0,0.0
106,0.31044356824228786,dt=0.16,0.5578929407177999,43.462099553920304,0.49158635608448226,24.63607694339685,0.1,0.2,0.16,42,4,1,100,16.00000000000001,6.9526217566639685,0.0,0.0
111,0.30205519883053206,dt=0.16,0.605702610110275,42.28772783627449,0.49104546111135383,21.973862755135286,0.1,0.2,0.16,42,4,1,110,17.600000000000012,7.0050120955659585,0.0,0.0
120,0.2962633464413829,dt=0.16,0.6586345367275727,41.47686850179361,0.48853716708319683,19.334849088602397,0.1,0.2,0.16,42,4,1,120,19.200000000000014,6.974378347520207,0.0,0.0
125,0.2888416642140337,dt=0.16,0.7078315837880355,40.43783298996472,0.4836788014933702,16.73021990387993,0.1,0.2,0.16,42,4,1,130,20.800000000000015,6.919220443176688,0.0,0.0
127,0.28075302980778744,dt=0.16,0.755344099131314,39.305424173090245,0.4759558601123465,14.17302366980812,0.1,0.2,0.16,42,4,1,140,22.400000000000016,6.881284842707927,0.0,0.0
128,0.27419719772019946,dt=0.16,0.803457655196671,38.38760768082793,0.4647237497886877,11.678885339807183,0.1,0.2,0.16,42,4,1,150,24.000000000000018,6.725235866441997,0.0,0.0
128,0.2649839059214408,dt=0.16,0.8464584311812485,37.09774682900171,0.4488953460891628,9.268491986375729,0.1,0.2,0.16,42,4,1,160,25.60000000000002,6.561269185916452,0.0,0.0
128,0.257458720806104,dt=0.16,0.8883471896786439,36.044220912854556,0.4268874110410751,6.968306950516981,0.1,0.2,0.16,42,4,1,170,27.20000000000002,6.311652356637526,0.0,0.0
128,0.24961709911606295,dt=0.16,0.9253759921552243,34.94639387624881,0.3932543551149157,4.819486617081663,0.1,0.2,0.16,42,4,1,180,28.800000000000022,5.916610172506926,0.0,0.0
128,0.24034519096474477,dt=0.16,0.9550359165605503,33.648326735064266,0.34011286054138695,2.9068472982833167,0.1,0.2,0.16,42,4,1,190,30.400000000000023,5.362113973156378,0.0,0.0
128,0.23308215247252295,dt=0.16,0.9762543710165665,32.631501346153215,0.26415835391618187,1.332504242435335,0.1,0.2,0.16,42,4,1,200,32.00000000000002,4.479509514344582,0.0,0.0
128,0.2244921657770817,dt=0.16,0.9848123262433527,31.42890320879144,0.14613412256557753,0.5836752370096656,0.1,0.2,0.16,42,4,132,210,33.59999999999999,3.179269995463069,0.0,0.0
127,0.21709420781586336,dt=0.16,0.9849279088820214,30.39318909422087,0.021720523382876677,0.43373591026106306,0.1,0.2,0.16,42,4,132,220,35.19999999999995,1.5630282877662103,0.0,0.0
127,0.2101491967781248,dt=0.16,0.9871192687428247,29.420887548937472,0.021880759146414203,0.30185319613483313,0.1,0.2,0.16,42,4,132,230,36.79999999999992,1.0944652164285218,0.0,0.0
127,0.20267913808300705,dt=0.16,0.9879254382703386,28.375079331620988,0.01568169157136434,0.25425587020762963,0.1,0.2,0.16,42,4,43,240,38.399999999999885,0.7753212629522689,0.0,0.0
127,0.19621321740936776,dt=0.16,0.9884132958038412,27.469850437311486,0.01494842822818922,0.23546282303318894,0.1,0.2,0.16,42,4,43,250,39.99999999999985,0.5976638830181984,0.0,0.0
127,0.1898214477450589,dt=0.16,0.9888549138422044,26.575002684308245,0.01430482759871033,0.2202745544431664,0.1,0.2,0.16,42,4,43,260,41.59999999999982,0.46430175368922294,0.0,0.0
127,0.1835385741605601,dt=0.16,0.9892466789081816,25.695400382478415,0.01362567516312672,0.2084792862520127,0.1,0.2,0.16,42,4,43,270,43.19999999999978,0.38674435313341043,0.0,0.0
127,0.17774834231499784,dt=0.16,0.9896424795141228,24.884767924099698,0.013077819641598012,0.19901185056288004,0.1,0.2,0.16,42,4,35,280,44.79999999999975,0.3194696434739256,0.0,0.0
127,0.17195395344879447,dt=0.16,0.989934032932821,24.073553482831226,0.012530810573248478,0.19095236776022992,0.1,0.2,0.16,42,4,35,290,46.399999999999714,0.26743878744363675,0.0,0.0
127,0.16647062756262246,dt=0.16,0.9902444298373303,23.305887858767143,0.011966002411008328,0.18410678327017757,0.1,0.2,0.16,42,4,22,300,47.99999999999968,0.23027356531990997,0.0,0.0
127,0.16119316478981544,dt=0.16,0.9905407062202336,22.56704307057416,0.01152482598479759,0.17760877039116904,0.1,0.2,0.16,42,4,58,310,49.599999999999646,0.19527143307628247,0.0,0.0
127,0.1560061762145661,dt=0.16,0.9907743872136525,21.840864670039256,0.011012508691657276,0.17191915259029056,0.1,0.2,0.16,42,4,58,320,51.19999999999961,0.17095507138562724,0.0,0.0
127,0.15108555612289232,dt=0.16,0.9910502403825259,21.151977857204923,0.010565159236726534,0.1656410380684243,0.1,0.2,0.16,42,4,58,330,52.79999999999958,0.14845145551741812,0.0,0.0
127,0.1462806228385162,dt=0.16,0.9912814078557344,20.479287197392267,0.010156975800935079,0.16011456439895047,0.1,0.2,0.16,42,4,58,340,54.399999999999544,0.12933125944045645,0.0,0.0
127,0.14163301703447218,dt=0.16,0.9914993052045863,19.828622384826105,0.009700555944901872,0.1547748894948103,0.1,0.2,0.16,42,4,58,350,55.99999999999951,0.11604850600666666,0.0,0.0
127,0.1371647410051123,dt=0.16,0.9917387390983607,19.203063740715724,0.009351015224376312,0.149243209400154,0.1,0.2,0.16,42,4,58,360,57.599999999999476,0.10215390199766328,0.0,0.0
127,0.13280200964295788,dt=0.16,0.9919207831219373,18.592281350014105,0.00896569556242491,0.14453582504151313,0.1,0.2,0.16,42,4,58,370,59.19999999999944,0.09180239717127447,0.0,0.0
127,0.128607050497257,dt=0.16,0.992133941442662,18.004987069615982,0.008586452546606478,0.13954508384511113,0.1,0.2,0.16,42,4,58,380,60.79999999999941,0.08284717177942692,0.0,0.0
127,0.12454118518366736,dt=0.16,0.9923308521081262,17.43576592571343,0.008280541026410747,0.13486240540362668,0.1,0.2,0.16,42,4,58,390,62.39999999999937,0.07483384370548454,0.0,0.0
127,0.12059934161524628,dt=0.16,0.992503396157419,16.88390782613448,0.007909734923097902,0.13052524384074685,0.1,0.2,0.16,42,4,58,400,63.99999999999934,0.06917974521879369,0.0,0.0
127,0.1167943263452941,dt=0.16,0.99270416311351,16.351205688341174,0.0076029213215063115,0.12602650000677001,0.1,0.2,0.16,42,4,58,410,65.59999999999931,0.06311499005177065,0.0,0.0
127,0.11310380073049171,dt=0.16,0.9928726676074152,15.83453210226884,0.007307152380079522,0.12195378221548193,0.1,0.2,0.16,42,4,58,420,67.19999999999928,0.05851315369608716,0.0,0.0
127,0.10953357872710782,dt=0.16,0.9930462992873703,15.334701021795096,0.006982269681571959,0.117934146909089,0.1,0.2,0.16,42,4,2,430,68.79999999999924,0.05476552982836341,0.0,0.0
127,0.10607810612311233,dt=0.16,0.9932260470552989,14.850934857235726,0.006735015482901249,0.11399032022372063,0.1,0.2,0.16,42,4,2,440,70.39999999999921,0.051188213784135184,0.0,0.0
127,0.1027275242758252,dt=0.16,0.9933672413409202,14.381853398615528,0.0064426230960980034,0.11039487187726439,0.1,0.2,0.16,42,4,2,450,71.99999999999918,0.04863957633831994,0.0,0.0
127,0.09948786381874912,dt=0.16,0.9935409530028759,13.928300934624877,0.006177792115584548,0.10670798670832117,0.1,0.2,0.16,42,4,2,460,73.59999999999914,0.045824028800725426,0.0,0.0
127,0.09634903350202476,dt=0.16,0.9936926287464177,13.488864690283465,0.005948310771765134,0.10325198837219746,0.1,0.2,0.16,42,4,2,470,75.19999999999911,0.04366245056898602,0.0,0.0
0,0.09330974045775356,dt=0.16,0.9938356375902363,13.063363664085498,0.0056787348305628645,0.09992920850484532,0.1,0.2,0.16,42,4,2,480,76.79999999999907,0.0418846611626764,0.0,0.0
0,0.09036590760051195,dt=0.16,0.9939925130787904,12.651227064071673,0.0054708137681022066,0.09662640112520517,0.1,0.2,0.16,42,4,2,490,78.39999999999904,0.039919132976863204,0.0,0.0
0,0.08751547755878655,dt=0.16,0.9941189560276649,12.252166858230117,0.005247850854028146,0.0935706638213661,0.1,0.2,0.16,42,4,138,500,79.999999999999,0.03852794349431761,0.0,0.0
4,0.3531218571446036,dt=0.2,0.06348174792002131,49.4370600002445,0.41097712671312203,47.56933907426974,0.1,0.2,0.2,42,0,1,10,1.9999999999999998,4.75725458817194,0.0,0.0
5,0.34905945475676337,dt=0.2,0.14290849222370966,48.86832366594687,0.4581126710286936,44.43635590793641,0.1,0.2,0.2,42,0,1,20,4.000000000000001,5.863208394964381,0.0,0.0
5,0.3439441566778156,dt=0.2,0.21805075861457587,48.15218193489418,0.473966685401345,41.17840111407713,0.1,0.2,0.2,42,0,1,30,6.000000000000003,6.269451371483209,0.0,0.0
19,0.3386672476156691,dt=0.2,0.29152464439124975,47.41341466619367,0.4845792442063256,37.874223358213605,0.1,0.2,0.2,42,0,1,40,8.000000000000004,6.510503932246388,0.0,0.0
36,0.3317577502559612,dt=0.2,0.3593756929416695,46.44608503583457,0.4924010935443352,34.540572032534264,0.1,0.2,0.2,42,0,1,50,9.999999999999996,6.746953747276297,0.0,0.0
80,0.32559217907245586,dt=0.2,0.429340943935676,45.582905070143816,0.49856149608133393,31.188069885710547,0.1,0.2,0.2,42,0,1,60,11.99999999999999,6.844588051301589,0.0,0.0
98,0.3171350531080698,dt=0.2,0.49324714753780996,44.39890743512977,0.502667996489799,27.82926723591039,0.1,0.2,0.2,42,0,1,70,13.999999999999982,6.992444678008928,0.0,0.0
106,0.3102716089836314,dt=0.2,0.56102812448235,43.43802525770839,0.5044127570275165,24.47745743355577,0.1,0.2,0.2,42,0,1,80,15.999999999999975,6.9976958376242955,0.0,0.0
114,0.3004344139909821,dt=0.2,0.6222410477604341,42.060817958737495,0.5032961988814763,21.149201719350238,0.1,0.2,0.2,42,0,1,90,17.999999999999968,7.069681297121062,0.0,0.0
122,0.2930117199635302,dt=0.2,0.6875464537484055,41.02164079489423,0.49884465235034714,17.862888185442927,0.1,0.2,0.2,42,0,1,100,19.99999999999996,6.993034667919557,0.0,0.0
126,0.2819790037513172,dt=0.2,0.7458005020268976,39.477060525184406,0.49012935062579954,14.642288060969294,0.1,0.2,0.2,42,0,1,110,21.999999999999954,6.956746611101987,0.0,0.0
128,0.2737936462707298,dt=0.2,0.8062031563076975,38.33111047790217,0.4759625373182541,11.51636078499924,0.1,0.2,0.2,42,0,1,120,23.999999999999947,6.767335888554151,0.0,0.0
128,0.26213964384484506,dt=0.2,0.8593298817730195,36.699550138278305,0.45421506905427744,8.525155022992937,0.1,0.2,0.2,42,0,1,130,25.99999999999994,6.553432528342838,0.0,0.0
128,0.25337083521530296,dt=0.2,0.9099375571561918,35.47191693014241,0.4211557198571335,5.7248371647414835,0.1,0.2,0.2,42,0,1,140,27.999999999999932,6.163770574128443,0.0,0.0
128,0.2418503434107862,dt=0.2,0.9498236209388272,33.85904807751007,0.360723877054265,3.23110409769228,0.1,0.2,0.2,42,0,1,150,29.999999999999925,5.526196175542997,0.0,0.0
128,0.23243495327184518,dt=0.2,0.9769798757924703,32.54089345805833,0.2645869295797619,1.2402581694151669,0.1,0.2,0.2,42,0,1,160,31.99999999999992,4.460544845761032,0.0,0.0
127,0.22147997713650713,dt=0.2,0.98450140075954,31.007196799111,0.0995549236340118,0.5644441063474249,0.1,0.2,0.2,42,0,132,170,33.99999999999994,2.691965309988571,0.0,0.0
127,0.21284542101277712,dt=0.2,0.9862097192731188,29.798358941788795,0.03087526990272025,0.36061505721414416,0.1,0.2,0.2,42,0,132,180,35.99999999999997,1.2921799893787642,0.0,0.0
127,0.2036879775382402,dt=0.2,0.9877951017495399,28.516316855353626,0.015636374942293623,0.260753850524246,0.1,0.2,0.2,42,0,43,190,38.0,0.830614890598402,0.0,0.0
127,0.19539029021503243,dt=0.2,0.9883877196712006,27.35464063010454,0.014728333847434712,0.23577072293459,0.1,0.2,0.2,42,0,43,200,40.00000000000003,0.6023883969439432,0.0,0.0
127,0.18732194675674183,dt=0.2,0.9889241104913342,26.225072545943856,0.01394435404111466,0.2168322379439886,0.1,0.2,0.2,42,0,43,210,42.00000000000006,0.4477015391945426,0.0,0.0
127,0.17974521624306972,dt=0.2,0.9894169901979996,25.164330274029762,0.013148934196331251,0.2030053902813071,0.1,0.2,0.2,42,0,43,220,44.000000000000085,0.3591074446134979,0.0,0.0
127,0.17251170604318583,dt=0.2,0.9898241915739429,24.151638846046016,0.012508235055565795,0.1922122717307383,0.1,0.2,0.2,42,0,35,230,46.000000000000114,0.283402146116475,0.0,0.0
127,0.1656184885078259,dt=0.2,0.9902055384117697,23.186588391095626,0.01181047449658823,0.18304059696197225,0.1,0.2,0.2,42,0,22,240,48.00000000000014,0.23471459645664755,0.0,0.0
127,0.15903980090967199,dt=0.2,0.9905565569709397,22.265572127354076,0.011265802446609208,0.17526497584150633,0.1,0.2,0.2,42,0,58,250,50.00000000000017,0.19102090068749888,0.0,0.0
127,0.15271846420058538,dt=0.2,0.9908748760385123,21.380584988081953,0.010634728019982114,0.16784780322506584,0.1,0.2,0.2,42,0,58,260,52.0000000000002,0.16174936016210473,0.0,0.0
127,0.14668947524616868,dt=0.2,0.991188147835689,20.536526534463615,0.010143543197775978,0.16057917041344613,0.1,0.2,0.2,42,0,58,270,54.00000000000023,0.13478651902022168,0.0,0.0
127,0.14087996288472743,dt=0.2,0.9914643059873726,19.72319480386184,0.009579741756958072,0.1539171093381318,0.1,0.2,0.2,42,0,58,280,56.000000000000256,0.11672749154911535,0.0,0.0
127,0.13533378591103182,dt=0.2,0.9917505388083536,18.946730027544454,0.009149108976633288,0.14724939564641162,0.1,0.2,0.2,42,0,58,290,58.000000000000284,0.09944055496952509,0.0,0.0
127,0.12998863788496703,dt=0.2,0.9919961005184005,18.198409303895385,0.008645535100476281,0.14126459641667694,0.1,0.2,0.2,42,0,58,300,60.00000000000031,0.08776908420824149,0.0,0.0
127,0.12487841053072783,dt=0.2,0.9922626975854362,17.482977474301897,0.008243725544559596,0.13518680659411567,0.1,0.2,0.2,42,0,58,310,62.00000000000034,0.07637645642946919,0.0,0.0
127,0.11995517604565925,dt=0.2,0.992482281172851,16.793724646392295,0.00779589685772783,0.12977743649345222,0.1,0.2,0.2,42,0,58,320,64.00000000000037,0.06882689486751835,0.0,0.0
127,0.11524174904074562,dt=0.2,0.9927318946174621,16.133844865704386,0.007432840649021809,0.12424771220030635,0.1,0.2,0.2,42,0,2,330,66.0000000000004,0.0613374012030547,0.0,0.0
127,0.1107038333641791,dt=0.2,0.9929289635197521,15.498536670985075,0.007043682376300865,0.11933211000383001,0.1,0.2,0.2,42,0,2,340,68.00000000000043,0.05645816543360821,0.0,0.0
127,0.1063547917687544,dt=0.2,0.993160860162396,14.889670847625617,0.006698398266300192,0.11432720485783295,0.1,0.2,0.2,42,0,2,350,70.00000000000045,0.05152674856628185,0.0,0.0
127,0.10217155427046178,dt=0.2,0.9933432052206796,14.304017597864648,0.00635328475398394,0.10980814418359822,0.1,0.2,0.2,42,0,2,360,72.00000000000048,0.04824275703497403,0.0,0.0
127,0.09815787231486017,dt=0.2,0.9935584567571953,13.742102124080425,0.006041985880544346,0.1052487551283292,0.1,0.2,0.2,42,0,2,370,74.00000000000051,0.04485033718570502,0.0,0.0
127,0.09429959381677566,dt=0.2,0.9937319370013151,13.201943134348593,0.005742551379659885,0.10107135851433595,0.1,0.2,0.2,42,0,2,380,76.00000000000054,0.042428911687362875,0.0,0.0
0,0.09059457329104487,dt=0.2,0.9939266220946162,12.683240260746281,0.005453689192650381,0.0969246561868667,0.1,0.2,0.2,42,0,2,390,78.00000000000057,0.03995170816598225,0.0,0.0
0,0.08703516709160586,dt=0.2,0.9940923235624785,12.18492339282482,0.005185796145244661,0.09307165172366427,0.1,0.2,0.2,42,0,138,400,80.0000000000006,0.03818382044554749,0.0,0.0
0,0.08361619841963101,dt=0.2,0.9942700642036484,11.706267778748341,0.004910960421127423,0.0893285288684748,0.1,0.2,0.2,42,0,138,410,82.00000000000063,0.03623179749940345,0.0,0.0
0,0.08033220082217447,dt=0.2,0.9944290647148054,11.246508115104426,0.004668149023110743,0.0857960193799672,0.1,0.2,0.2,42,0,31,420,84.00000000000065,0.034649677537568896,0.0,0.0
0,0.07717680642164383,dt=0.2,0.9945910477796106,10.804752899030136,0.004419459872452024,0.08238557442021167,0.1,0.2,0.2,42,0,31,430,86.00000000000068,0.03295651559264828,0.0,0.0
0,0.07414574014796685,dt=0.2,0.9947423008097441,10.38040362071536,0.004210520806637146,0.0791196140808028,0.1,0.2,0.2,42,0,31,440,88.00000000000071,0.03142480386113502,0.0,0.0
0,0.07123390484505235,dt=0.2,0.9948904475928623,9.97274667830733,0.003979282218697214,0.07596854098244786,0.1,0.2,0.2,42,0,31,450,90.00000000000074,0.029914933400357054,0.0,0.0
0,0.06843656560739621,dt=0.2,0.9950350596995029,9.581119185035469,0.0037915793134303813,0.07294274015444721,0.1,0.2,0.2,42,0,31,460,92.00000000000077,0.02844558388870897,0.0,0.0
0,0.06574904167872453,dt=0.2,0.9951700993988217,9.204865835021435,0.0035825690452355005,0.07003932440747766,0.1,0.2,0.2,42,0,31,470,94.0000000000008,0.027111236724509866,0.0,0.0
0,0.06316690555621059,dt=0.2,0.9953075969167436,8.843366777869482,0.003419115102265793,0.06723783806381624,0.1,0.2,0.2,42,0,31,480,96.00000000000082,0.025703800468788843,0.0,0.0
0,0.06068672838474738,dt=0.2,0.995431260887068,8.496141973864633,0.003226930409423792,0.06456636798286541,0.1,0.2,0.2,42,0,31,490,98.00000000000085,0.024533155715259353,0.0,0.0
0,0.05830358682716093,dt=0.2,0.9955626855983843,8.16250215580253,0.0030773717309776297,0.061973888362613694,0.1,0.2,0.2,42,0,31,500,100.00000000000088,0.02320314352455229,0.0,0.0
4,0.3531218571446036,dt=0.2,0.06348174792002131,49.4370600002445,0.41097712671312203,47.56933907426974,0.1,0.2,0.2,42,1,1,10,1.9999999999999998,4.75725458817194,0.0,0.0
5,0.34905945475676337,dt=0.2,0.14290849222370966,48.86832366594687,0.4581126710286936,44.43635590793641,0.1,0.2,0.2,42,1,1,20,4.000000000000001,5.863208394964381,0.0,0.0
5,0.3439441566778156,dt=0.2,0.21805075861457587,48.15218193489418,0.473966685401345,41.17840111407713,0.1,0.2,0.2,42,1,1,30,6.000000000000003,6.269451371483209,0.0,0.0
19,0.3386672476156691,dt=0.2,0.29152464439124975,47.41341466619367,0.4845792442063256,37.874223358213605,0.1,0.2,0.2,42,1,1,40,8.000000000000004,6.510503932246388,0.0,0.0
36,0.3317577502559612,dt=0.2,0.3593756929416695,46.44608503583457,0.4924010935443352,34.540572032534264,0.1,0.2,0.2,42,1,1,50,9.999999999999996,6.746953747276297,0.0,0.0
80,0.32559217907245586,dt=0.2,0.429340943935676,45.582905070143816,0.49856149608133393,31.188069885710547,0.1,0.2,0.2,42,1,1,60,11.99999999999999,6.844588051301589,0.0,0.0
98,0.3171350531080698,dt=0.2,0.49324714753780996,44.39890743512977,0.502667996489799,27.82926723591039,0.1,0.2,0.2,42,1,1,70,13.999999999999982,6.992444678008928,0.0,0.0
106,0.3102716089836314,dt=0.2,0.56102812448235,43.43802525770839,0.5044127570275165,24.47745743355577,0.1,0.2,0.2,42,1,1,80,15.999999999999975,6.9976958376242955,0.0,0.0
114,0.3004344139909821,dt=0.2,0.6222410477604341,42.060817958737495,0.5032961988814763,21.149201719350238,0.1,0.2,0.2,42,1,1,90,17.999999999999968,7.069681297121062,0.0,0.0
122,0.2930117199635302,dt=0.2,0.6875464537484055,41.02164079489423,0.49884465235034714,17.862888185442927,0.1,0.2,0.2,42,1,1,100,19.99999999999996,6.993034667919557,0.0,0.0
126,0.2819790037513172,dt=0.2,0.7458005020268976,39.477060525184406,0.49012935062579954,14.642288060969294,0.1,0.2,0.2,42,1,1,110,21.999999999999954,6.956746611101987,0.0,0.0
128,0.2737936462707298,dt=0.2,0.8062031563076975,38.33111047790217,0.4759625373182541,11.51636078499924,0.1,0.2,0.2,42,1,1,120,23.999999999999947,6.767335888554151,0.0,0.0
128,0.26213964384484506,dt=0.2,0.8593298817730195,36.699550138278305,0.45421506905427744,8.525155022992937,0.1,0.2,0.2,42,1,1,130,25.99999999999994,6.553432528342838,0.0,0.0
128,0.25337083521530296,dt=0.2,0.9099375571561918,35.47191693014241,0.4211557198571335,5.7248371647414835,0.1,0.2,0.2,42,1,1,140,27.999999999999932,6.163770574128443,0.0,0.0
128,0.2418503434107862,dt=0.2,0.9498236209388272,33.85904807751007,0.360723877054265,3.23110409769228,0.1,0.2,0.2,42,1,1,150,29.999999999999925,5.526196175542997,0.0,0.0
128,0.23243495327184518,dt=0.2,0.9769798757924703,32.54089345805833,0.2645869295797619,1.2402581694151669,0.1,0.2,0.2,42,1,1,160,31.99999999999992,4.460544845761032,0.0,0.0
127,0.22147997713650713,dt=0.2,0.98450140075954,31.007196799111,0.0995549236340118,0.5644441063474249,0.1,0.2,0.2,42,1,132,170,33.99999999999994,2.691965309988571,0.0,0.0
127,0.21284542101277712,dt=0.2,0.9862097192731188,29.798358941788795,0.03087526990272025,0.36061505721414416,0.1,0.2,0.2,42,1,132,180,35.99999999999997,1.2921799893787642,0.0,0.0
127,0.2036879775382402,dt=0.2,0.9877951017495399,28.516316855353626,0.015636374942293623,0.260753850524246,0.1,0.2,0.2,42,1,43,190,38.0,0.830614890598402,0.0,0.0
127,0.19539029021503243,dt=0.2,0.9883877196712006,27.35464063010454,0.014728333847434712,0.23577072293459,0.1,0.2,0.2,42,1,43,200,40.00000000000003,0.6023883969439432,0.0,0.0
127,0.18732194675674183,dt=0.2,0.9889241104913342,26.225072545943856,0.01394435404111466,0.2168322379439886,0.1,0.2,0.2,42,1,43,210,42.00000000000006,0.4477015391945426,0.0,0.0
127,0.17974521624306972,dt=0.2,0.9894169901979996,25.164330274029762,0.013148934196331251,0.2030053902813071,0.1,0.2,0.2,42,1,43,220,44.000000000000085,0.3591074446134979,0.0,0.0
127,0.17251170604318583,dt=0.2,0.9898241915739429,24.151638846046016,0.012508235055565795,0.1922122717307383,0.1,0.2,0.2,42,1,35,230,46.000000000000114,0.283402146116475,0.0,0.0
127,0.1656184885078259,dt=0.2,0.9902055384117697,23.186588391095626,0.01181047449658823,0.18304059696197225,0.1,0.2,0.2,42,1,22,240,48.00000000000014,0.23471459645664755,0.0,0.0
127,0.15903980090967199,dt=0.2,0.9905565569709397,22.265572127354076,0.011265802446609208,0.17526497584150633,0.1,0.2,0.2,42,1,58,250,50.00000000000017,0.19102090068749888,0.0,0.0
127,0.15271846420058538,dt=0.2,0.9908748760385123,21.380584988081953,0.010634728019982114,0.16784780322506584,0.1,0.2,0.2,42,1,58,260,52.0000000000002,0.16174936016210473,0.0,0.0
127,0.14668947524616868,dt=0.2,0.991188147835689,20.536526534463615,0.010143543197775978,0.16057917041344613,0.1,0.2,0.2,42,1,58,270,54.00000000000023,0.13478651902022168,0.0,0.0
127,0.14087996288472743,dt=0.2,0.9914643059873726,19.72319480386184,0.009579741756958072,0.1539171093381318,0.1,0.2,0.2,42,1,58,280,56.000000000000256,0.11672749154911535,0.0,0.0
127,0.13533378591103182,dt=0.2,0.9917505388083536,18.946730027544454,0.009149108976633288,0.14724939564641162,0.1,0.2,0.2,42,1,58,290,58.000000000000284,0.09944055496952509,0.0,0.0
127,0.12998863788496703,dt=0.2,0.9919961005184005,18.198409303895385,0.008645535100476281,0.14126459641667694,0.1,0.2,0.2,42,1,58,300,60.00000000000031,0.08776908420824149,0.0,0.0
127,0.12487841053072783,dt=0.2,0.9922626975854362,17.482977474301897,0.008243725544559596,0.13518680659411567,0.1,0.2,0.2,42,1,58,310,62.00000000000034,0.07637645642946919,0.0,0.0
127,0.11995517604565925,dt=0.2,0.992482281172851,16.793724646392295,0.00779589685772783,0.12977743649345222,0.1,0.2,0.2,42,1,58,320,64.00000000000037,0.06882689486751835,0.0,0.0
127,0.11524174904074562,dt=0.2,0.9927318946174621,16.133844865704386,0.007432840649021809,0.12424771220030635,0.1,0.2,0.2,42,1,2,330,66.0000000000004,0.0613374012030547,0.0,0.0
127,0.1107038333641791,dt=0.2,0.9929289635197521,15.498536670985075,0.007043682376300865,0.11933211000383001,0.1,0.2,0.2,42,1,2,340,68.00000000000043,0.05645816543360821,0.0,0.0
127,0.1063547917687544,dt=0.2,0.993160860162396,14.889670847625617,0.006698398266300192,0.11432720485783295,0.1,0.2,0.2,42,1,2,350,70.00000000000045,0.05152674856628185,0.0,0.0
127,0.10217155427046178,dt=0.2,0.9933432052206796,14.304017597864648,0.00635328475398394,0.10980814418359822,0.1,0.2,0.2,42,1,2,360,72.00000000000048,0.04824275703497403,0.0,0.0
127,0.09815787231486017,dt=0.2,0.9935584567571953,13.742102124080425,0.006041985880544346,0.1052487551283292,0.1,0.2,0.2,42,1,2,370,74.00000000000051,0.04485033718570502,0.0,0.0
127,0.09429959381677566,dt=0.2,0.9937319370013151,13.201943134348593,0.005742551379659885,0.10107135851433595,0.1,0.2,0.2,42,1,2,380,76.00000000000054,0.042428911687362875,0.0,0.0
0,0.09059457329104487,dt=0.2,0.9939266220946162,12.683240260746281,0.005453689192650381,0.0969246561868667,0.1,0.2,0.2,42,1,2,390,78.00000000000057,0.03995170816598225,0.0,0.0
0,0.08703516709160586,dt=0.2,0.9940923235624785,12.18492339282482,0.005185796145244661,0.09307165172366427,0.1,0.2,0.2,42,1,138,400,80.0000000000006,0.03818382044554749,0.0,0.0
0,0.08361619841963101,dt=0.2,0.9942700642036484,11.706267778748341,0.004910960421127423,0.0893285288684748,0.1,0.2,0.2,42,1,138,410,82.00000000000063,0.03623179749940345,0.0,0.0
0,0.08033220082217447,dt=0.2,0.9944290647148054,11.246508115104426,0.004668149023110743,0.0857960193799672,0.1,0.2,0.2,42,1,31,420,84.00000000000065,0.034649677537568896,0.0,0.0
0,0.07717680642164383,dt=0.2,0.9945910477796106,10.804752899030136,0.004419459872452024,0.08238557442021167,0.1,0.2,0.2,42,1,31,430,86.00000000000068,0.03295651559264828,0.0,0.0
0,0.07414574014796685,dt=0.2,0.9947423008097441,10.38040362071536,0.004210520806637146,0.0791196140808028,0.1,0.2,0.2,42,1,31,440,88.00000000000071,0.03142480386113502,0.0,0.0
0,0.07123390484505235,dt=0.2,0.9948904475928623,9.97274667830733,0.003979282218697214,0.07596854098244786,0.1,0.2,0.2,42,1,31,450,90.00000000000074,0.029914933400357054,0.0,0.0
0,0.06843656560739621,dt=0.2,0.9950350596995029,9.581119185035469,0.0037915793134303813,0.07294274015444721,0.1,0.2,0.2,42,1,31,460,92.00000000000077,0.02844558388870897,0.0,0.0
0,0.06574904167872453,dt=0.2,0.9951700993988217,9.204865835021435,0.0035825690452355005,0.07003932440747766,0.1,0.2,0.2,42,1,31,470,94.0000000000008,0.027111236724509866,0.0,0.0
0,0.06316690555621059,dt=0.2,0.9953075969167436,8.843366777869482,0.003419115102265793,0.06723783806381624,0.1,0.2,0.2,42,1,31,480,96.00000000000082,0.025703800468788843,0.0,0.0
0,0.06068672838474738,dt=0.2,0.995431260887068,8.496141973864633,0.003226930409423792,0.06456636798286541,0.1,0.2,0.2,42,1,31,490,98.00000000000085,0.024533155715259353,0.0,0.0
0,0.05830358682716093,dt=0.2,0.9955626855983843,8.16250215580253,0.0030773717309776297,0.061973888362613694,0.1,0.2,0.2,42,1,31,500,100.00000000000088,0.02320314352455229,0.0,0.0
4,0.3531218571446036,dt=0.2,0.06348174792002131,49.4370600002445,0.41097712671312203,47.56933907426974,0.1,0.2,0.2,42,2,1,10,1.9999999999999998,4.75725458817194,0.0,0.0
5,0.34905945475676337,dt=0.2,0.14290849222370966,48.86832366594687,0.4581126710286936,44.43635590793641,0.1,0.2,0.2,42,2,1,20,4.000000000000001,5.863208394964381,0.0,0.0
5,0.3439441566778156,dt=0.2,0.21805075861457587,48.15218193489418,0.473966685401345,41.17840111407713,0.1,0.2,0.2,42,2,1,30,6.000000000000003,6.269451371483209,0.0,0.0
19,0.3386672476156691,dt=0.2,0.29152464439124975,47.41341466619367,0.4845792442063256,37.874223358213605,0.1,0.2,0.2,42,2,1,40,8.000000000000004,6.510503932246388,0.0,0.0
36,0.3317577502559612,dt=0.2,0.3593756929416695,46.44608503583457,0.4924010935443352,34.540572032534264,0.1,0.2,0.2,42,2,1,50,9.999999999999996,6.746953747276297,0.0,0.0
80,0.32559217907245586,dt=0.2,0.429340943935676,45.582905070143816,0.49856149608133393,31.188069885710547,0.1,0.2,0.2,42,2,1,60,11.99999999999999,6.844588051301589,0.0,0.0
98,0.3171350531080698,dt=0.2,0.49324714753780996,44.39890743512977,0.502667996489799,27.82926723591039,0.1,0.2,0.2,42,2,1,70,13.999999999999982,6.992444678008928,0.0,0.0
106,0.3102716089836314,dt=0.2,0.56102812448235,43.43802525770839,0.5044127570275165,24.47745743355577,0.1,0.2,0.2,42,2,1,80,15.999999999999975,6.9976958376242955,0.0,0.0
114,0.3004344139909821,dt=0.2,0.6222410477604341,42.060817958737495,0.5032961988814763,21.149201719350238,0.1,0.2,0.2,42,2,1,90,17.999999999999968,7.069681297121062,0.0,0.0
122,0.2930117199635302,dt=0.2,0.6875464537484055,41.02164079489423,0.49884465235034714,17.862888185442927,0.1,0.2,0.2,42,2,1,100,19.99999999999996,6.993034667919557,0.0,0.0
126,0.2819790037513172,dt=0.2,0.7458005020268976,39.477060525184406,0.49012935062579954,14.642288060969294,0.1,0.2,0.2,42,2,1,110,21.999999999999954,6.956746611101987,0.0,0.0
128,0.2737936462707298,dt=0.2,0.8062031563076975,38.33111047790217,0.4759625373182541,11.51636078499924,0.1,0.2,0.2,42,2,1,120,23.999999999999947,6.767335888554151,0.0,0.0
128,0.26213964384484506,dt=0.2,0.8593298817730195,36.699550138278305,0.45421506905427744,8.525155022992937,0.1,0.2,0.2,42,2,1,130,25.99999999999994,6.553432528342838,0.0,0.0
128,0.25337083521530296,dt=0.2,0.9099375571561918,35.47191693014241,0.4211557198571335,5.7248371647414835,0.1,0.2,0.2,42,2,1,140,27.999999999999932,6.163770574128443,0.0,0.0
128,0.2418503434107862,dt=0.2,0.9498236209388272,33.85904807751007,0.360723877054265,3.23110409769228,0.1,0.2,0.2,42,2,1,150,29.999999999999925,5.526196175542997,0.0,0.0
128,0.23243495327184518,dt=0.2,0.9769798757924703,32.54089345805833,0.2645869295797619,1.2402581694151669,0.1,0.2,0.2,42,2,1,160,31.99999999999992,4.460544845761032,0.0,0.0
127,0.22147997713650713,dt=0.2,0.98450140075954,31.007196799111,0.0995549236340118,0.5644441063474249,0.1,0.2,0.2,42,2,132,170,33.99999999999994,2.691965309988571,0.0,0.0
127,0.21284542101277712,dt=0.2,0.9862097192731188,29.798358941788795,0.03087526990272025,0.36061505721414416,0.1,0.2,0.2,42,2,132,180,35.99999999999997,1.2921799893787642,0.0,0.0
127,0.2036879775382402,dt=0.2,0.9877951017495399,28.516316855353626,0.015636374942293623,0.260753850524246,0.1,0.2,0.2,42,2,43,190,38.0,0.830614890598402,0.0,0.0
127,0.19539029021503243,dt=0.2,0.9883877196712006,27.35464063010454,0.014728333847434712,0.23577072293459,0.1,0.2,0.2,42,2,43,200,40.00000000000003,0.6023883969439432,0.0,0.0
127,0.18732194675674183,dt=0.2,0.9889241104913342,26.225072545943856,0.01394435404111466,0.2168322379439886,0.1,0.2,0.2,42,2,43,210,42.00000000000006,0.4477015391945426,0.0,0.0
127,0.17974521624306972,dt=0.2,0.9894169901979996,25.164330274029762,0.013148934196331251,0.2030053902813071,0.1,0.2,0.2,42,2,43,220,44.000000000000085,0.3591074446134979,0.0,0.0
127,0.17251170604318583,dt=0.2,0.9898241915739429,24.151638846046016,0.012508235055565795,0.1922122717307383,0.1,0.2,0.2,42,2,35,230,46.000000000000114,0.283402146116475,0.0,0.0
127,0.1656184885078259,dt=0.2,0.9902055384117697,23.186588391095626,0.01181047449658823,0.18304059696197225,0.1,0.2,0.2,42,2,22,240,48.00000000000014,0.23471459645664755,0.0,0.0
127,0.15903980090967199,dt=0.2,0.9905565569709397,22.265572127354076,0.011265802446609208,0.17526497584150633,0.1,0.2,0.2,42,2,58,250,50.00000000000017,0.19102090068749888,0.0,0.0
127,0.15271846420058538,dt=0.2,0.9908748760385123,21.380584988081953,0.010634728019982114,0.16784780322506584,0.1,0.2,0.2,42,2,58,260,52.0000000000002,0.16174936016210473,0.0,0.0
127,0.14668947524616868,dt=0.2,0.991188147835689,20.536526534463615,0.010143543197775978,0.16057917041344613,0.1,0.2,0.2,42,2,58,270,54.00000000000023,0.13478651902022168,0.0,0.0
127,0.14087996288472743,dt=0.2,0.9914643059873726,19.72319480386184,0.009579741756958072,0.1539171093381318,0.1,0.2,0.2,42,2,58,280,56.000000000000256,0.11672749154911535,0.0,0.0
127,0.13533378591103182,dt=0.2,0.9917505388083536,18.946730027544454,0.009149108976633288,0.14724939564641162,0.1,0.2,0.2,42,2,58,290,58.000000000000284,0.09944055496952509,0.0,0.0
127,0.12998863788496703,dt=0.2,0.9919961005184005,18.198409303895385,0.008645535100476281,0.14126459641667694,0.1,0.2,0.2,42,2,58,300,60.00000000000031,0.08776908420824149,0.0,0.0
127,0.12487841053072783,dt=0.2,0.9922626975854362,17.482977474301897,0.008243725544559596,0.13518680659411567,0.1,0.2,0.2,42,2,58,310,62.00000000000034,0.07637645642946919,0.0,0.0
127,0.11995517604565925,dt=0.2,0.992482281172851,16.793724646392295,0.00779589685772783,0.12977743649345222,0.1,0.2,0.2,42,2,58,320,64.00000000000037,0.06882689486751835,0.0,0.0
127,0.11524174904074562,dt=0.2,0.9927318946174621,16.133844865704386,0.007432840649021809,0.12424771220030635,0.1,0.2,0.2,42,2,2,330,66.0000000000004,0.0613374012030547,0.0,0.0
127,0.1107038333641791,dt=0.2,0.9929289635197521,15.498536670985075,0.007043682376300865,0.11933211000383001,0.1,0.2,0.2,42,2,2,340,68.00000000000043,0.05645816543360821,0.0,0.0
127,0.1063547917687544,dt=0.2,0.993160860162396,14.889670847625617,0.006698398266300192,0.11432720485783295,0.1,0.2,0.2,42,2,2,350,70.00000000000045,0.05152674856628185,0.0,0.0
127,0.10217155427046178,dt=0.2,0.9933432052206796,14.304017597864648,0.00635328475398394,0.10980814418359822,0.1,0.2,0.2,42,2,2,360,72.00000000000048,0.04824275703497403,0.0,0.0
127,0.09815787231486017,dt=0.2,0.9935584567571953,13.742102124080425,0.006041985880544346,0.1052487551283292,0.1,0.2,0.2,42,2,2,370,74.00000000000051,0.04485033718570502,0.0,0.0
127,0.09429959381677566,dt=0.2,0.9937319370013151,13.201943134348593,0.005742551379659885,0.10107135851433595,0.1,0.2,0.2,42,2,2,380,76.00000000000054,0.042428911687362875,0.0,0.0
0,0.09059457329104487,dt=0.2,0.9939266220946162,12.683240260746281,0.005453689192650381,0.0969246561868667,0.1,0.2,0.2,42,2,2,390,78.00000000000057,0.03995170816598225,0.0,0.0
0,0.08703516709160586,dt=0.2,0.9940923235624785,12.18492339282482,0.005185796145244661,0.09307165172366427,0.1,0.2,0.2,42,2,138,400,80.0000000000006,0.03818382044554749,0.0,0.0
0,0.08361619841963101,dt=0.2,0.9942700642036484,11.706267778748341,0.004910960421127423,0.0893285288684748,0.1,0.2,0.2,42,2,138,410,82.00000000000063,0.03623179749940345,0.0,0.0
0,0.08033220082217447,dt=0.2,0.9944290647148054,11.246508115104426,0.004668149023110743,0.0857960193799672,0.1,0.2,0.2,42,2,31,420,84.00000000000065,0.034649677537568896,0.0,0.0
0,0.07717680642164383,dt=0.2,0.9945910477796106,10.804752899030136,0.004419459872452024,0.08238557442021167,0.1,0.2,0.2,42,2,31,430,86.00000000000068,0.03295651559264828,0.0,0.0
0,0.07414574014796685,dt=0.2,0.9947423008097441,10.38040362071536,0.004210520806637146,0.0791196140808028,0.1,0.2,0.2,42,2,31,440,88.00000000000071,0.03142480386113502,0.0,0.0
0,0.07123390484505235,dt=0.2,0.9948904475928623,9.97274667830733,0.003979282218697214,0.07596854098244786,0.1,0.2,0.2,42,2,31,450,90.00000000000074,0.029914933400357054,0.0,0.0
0,0.06843656560739621,dt=0.2,0.9950350596995029,9.581119185035469,0.0037915793134303813,0.07294274015444721,0.1,0.2,0.2,42,2,31,460,92.00000000000077,0.02844558388870897,0.0,0.0
0,0.06574904167872453,dt=0.2,0.9951700993988217,9.204865835021435,0.0035825690452355005,0.07003932440747766,0.1,0.2,0.2,42,2,31,470,94.0000000000008,0.027111236724509866,0.0,0.0
0,0.06316690555621059,dt=0.2,0.9953075969167436,8.843366777869482,0.003419115102265793,0.06723783806381624,0.1,0.2,0.2,42,2,31,480,96.00000000000082,0.025703800468788843,0.0,0.0
0,0.06068672838474738,dt=0.2,0.995431260887068,8.496141973864633,0.003226930409423792,0.06456636798286541,0.1,0.2,0.2,42,2,31,490,98.00000000000085,0.024533155715259353,0.0,0.0
0,0.05830358682716093,dt=0.2,0.9955626855983843,8.16250215580253,0.0030773717309776297,0.061973888362613694,0.1,0.2,0.2,42,2,31,500,100.00000000000088,0.02320314352455229,0.0,0.0
4,0.3531218571446036,dt=0.2,0.06348174792002131,49.4370600002445,0.41097712671312203,47.56933907426974,0.1,0.2,0.2,42,3,1,10,1.9999999999999998,4.75725458817194,0.0,0.0
5,0.34905945475676337,dt=0.2,0.14290849222370966,48.86832366594687,0.4581126710286936,44.43635590793641,0.1,0.2,0.2,42,3,1,20,4.000000000000001,5.863208394964381,0.0,0.0
5,0.3439441566778156,dt=0.2,0.21805075861457587,48.15218193489418,0.473966685401345,41.17840111407713,0.1,0.2,0.2,42,3,1,30,6.000000000000003,6.269451371483209,0.0,0.0
19,0.3386672476156691,dt=0.2,0.29152464439124975,47.41341466619367,0.4845792442063256,37.874223358213605,0.1,0.2,0.2,42,3,1,40,8.000000000000004,6.510503932246388,0.0,0.0
36,0.3317577502559612,dt=0.2,0.3593756929416695,46.44608503583457,0.4924010935443352,34.540572032534264,0.1,0.2,0.2,42,3,1,50,9.999999999999996,6.746953747276297,0.0,0.0
80,0.32559217907245586,dt=0.2,0.429340943935676,45.582905070143816,0.49856149608133393,31.188069885710547,0.1,0.2,0.2,42,3,1,60,11.99999999999999,6.844588051301589,0.0,0.0
98,0.3171350531080698,dt=0.2,0.49324714753780996,44.39890743512977,0.502667996489799,27.82926723591039,0.1,0.2,0.2,42,3,1,70,13.999999999999982,6.992444678008928,0.0,0.0
106,0.3102716089836314,dt=0.2,0.56102812448235,43.43802525770839,0.5044127570275165,24.47745743355577,0.1,0.2,0.2,42,3,1,80,15.999999999999975,6.9976958376242955,0.0,0.0
114,0.3004344139909821,dt=0.2,0.6222410477604341,42.060817958737495,0.5032961988814763,21.149201719350238,0.1,0.2,0.2,42,3,1,90,17.999999999999968,7.069681297121062,0.0,0.0
122,0.2930117199635302,dt=0.2,0.6875464537484055,41.02164079489423,0.49884465235034714,17.862888185442927,0.1,0.2,0.2,42,3,1,100,19.99999999999996,6.993034667919557,0.0,0.0
126,0.2819790037513172,dt=0.2,0.7458005020268976,39.477060525184406,0.49012935062579954,14.642288060969294,0.1,0.2,0.2,42,3,1,110,21.999999999999954,6.956746611101987,0.0,0.0
128,0.2737936462707298,dt=0.2,0.8062031563076975,38.33111047790217,0.4759625373182541,11.51636078499924,0.1,0.2,0.2,42,3,1,120,23.999999999999947,6.767335888554151,0.0,0.0
128,0.26213964384484506,dt=0.2,0.8593298817730195,36.699550138278305,0.45421506905427744,8.525155022992937,0.1,0.2,0.2,42,3,1,130,25.99999999999994,6.553432528342838,0.0,0.0
128,0.25337083521530296,dt=0.2,0.9099375571561918,35.47191693014241,0.4211557198571335,5.7248371647414835,0.1,0.2,0.2,42,3,1,140,27.999999999999932,6.163770574128443,0.0,0.0
128,0.2418503434107862,dt=0.2,0.9498236209388272,33.85904807751007,0.360723877054265,3.23110409769228,0.1,0.2,0.2,42,3,1,150,29.999999999999925,5.526196175542997,0.0,0.0
128,0.23243495327184518,dt=0.2,0.9769798757924703,32.54089345805833,0.2645869295797619,1.2402581694151669,0.1,0.2,0.2,42,3,1,160,31.99999999999992,4.460544845761032,0.0,0.0
127,0.22147997713650713,dt=0.2,0.98450140075954,31.007196799111,0.0995549236340118,0.5644441063474249,0.1,0.2,0.2,42,3,132,170,33.99999999999994,2.691965309988571,0.0,0.0
127,0.21284542101277712,dt=0.2,0.9862097192731188,29.798358941788795,0.03087526990272025,0.36061505721414416,0.1,0.2,0.2,42,3,132,180,35.99999999999997,1.2921799893787642,0.0,0.0
127,0.2036879775382402,dt=0.2,0.9877951017495399,28.516316855353626,0.015636374942293623,0.260753850524246,0.1,0.2,0.2,42,3,43,190,38.0,0.830614890598402,0.0,0.0
127,0.19539029021503243,dt=0.2,0.9883877196712006,27.35464063010454,0.014728333847434712,0.23577072293459,0.1,0.2,0.2,42,3,43,200,40.00000000000003,0.6023883969439432,0.0,0.0
127,0.18732194675674183,dt=0.2,0.9889241104913342,26.225072545943856,0.01394435404111466,0.2168322379439886,0.1,0.2,0.2,42,3,43,210,42.00000000000006,0.4477015391945426,0.0,0.0
127,0.17974521624306972,dt=0.2,0.9894169901979996,25.164330274029762,0.013148934196331251,0.2030053902813071,0.1,0.2,0.2,42,3,43,220,44.000000000000085,0.3591074446134979,0.0,0.0
127,0.17251170604318583,dt=0.2,0.9898241915739429,24.151638846046016,0.012508235055565795,0.1922122717307383,0.1,0.2,0.2,42,3,35,230,46.000000000000114,0.283402146116475,0.0,0.0
127,0.1656184885078259,dt=0.2,0.9902055384117697,23.186588391095626,0.01181047449658823,0.18304059696197225,0.1,0.2,0.2,42,3,22,240,48.00000000000014,0.23471459645664755,0.0,0.0
127,0.15903980090967199,dt=0.2,0.9905565569709397,22.265572127354076,0.011265802446609208,0.17526497584150633,0.1,0.2,0.2,42,3,58,250,50.00000000000017,0.19102090068749888,0.0,0.0
127,0.15271846420058538,dt=0.2,0.9908748760385123,21.380584988081953,0.010634728019982114,0.16784780322506584,0.1,0.2,0.2,42,3,58,260,52.0000000000002,0.16174936016210473,0.0,0.0
127,0.14668947524616868,dt=0.2,0.991188147835689,20.536526534463615,0.010143543197775978,0.16057917041344613,0.1,0.2,0.2,42,3,58,270,54.00000000000023,0.13478651902022168,0.0,0.0
127,0.14087996288472743,dt=0.2,0.9914643059873726,19.72319480386184,0.009579741756958072,0.1539171093381318,0.1,0.2,0.2,42,3,58,280,56.000000000000256,0.11672749154911535,0.0,0.0
127,0.13533378591103182,dt=0.2,0.9917505388083536,18.946730027544454,0.009149108976633288,0.14724939564641162,0.1,0.2,0.2,42,3,58,290,58.000000000000284,0.09944055496952509,0.0,0.0
127,0.12998863788496703,dt=0.2,0.9919961005184005,18.198409303895385,0.008645535100476281,0.14126459641667694,0.1,0.2,0.2,42,3,58,300,60.00000000000031,0.08776908420824149,0.0,0.0
127,0.12487841053072783,dt=0.2,0.9922626975854362,17.482977474301897,0.008243725544559596,0.13518680659411567,0.1,0.2,0.2,42,3,58,310,62.00000000000034,0.07637645642946919,0.0,0.0
127,0.11995517604565925,dt=0.2,0.992482281172851,16.793724646392295,0.00779589685772783,0.12977743649345222,0.1,0.2,0.2,42,3,58,320,64.00000000000037,0.06882689486751835,0.0,0.0
127,0.11524174904074562,dt=0.2,0.9927318946174621,16.133844865704386,0.007432840649021809,0.12424771220030635,0.1,0.2,0.2,42,3,2,330,66.0000000000004,0.0613374012030547,0.0,0.0
127,0.1107038333641791,dt=0.2,0.9929289635197521,15.498536670985075,0.007043682376300865,0.11933211000383001,0.1,0.2,0.2,42,3,2,340,68.00000000000043,0.05645816543360821,0.0,0.0
127,0.1063547917687544,dt=0.2,0.993160860162396,14.889670847625617,0.006698398266300192,0.11432720485783295,0.1,0.2,0.2,42,3,2,350,70.00000000000045,0.05152674856628185,0.0,0.0
127,0.10217155427046178,dt=0.2,0.9933432052206796,14.304017597864648,0.00635328475398394,0.10980814418359822,0.1,0.2,0.2,42,3,2,360,72.00000000000048,0.04824275703497403,0.0,0.0
127,0.09815787231486017,dt=0.2,0.9935584567571953,13.742102124080425,0.006041985880544346,0.1052487551283292,0.1,0.2,0.2,42,3,2,370,74.00000000000051,0.04485033718570502,0.0,0.0
127,0.09429959381677566,dt=0.2,0.9937319370013151,13.201943134348593,0.005742551379659885,0.10107135851433595,0.1,0.2,0.2,42,3,2,380,76.00000000000054,0.042428911687362875,0.0,0.0
0,0.09059457329104487,dt=0.2,0.9939266220946162,12.683240260746281,0.005453689192650381,0.0969246561868667,0.1,0.2,0.2,42,3,2,390,78.00000000000057,0.03995170816598225,0.0,0.0
0,0.08703516709160586,dt=0.2,0.9940923235624785,12.18492339282482,0.005185796145244661,0.09307165172366427,0.1,0.2,0.2,42,3,138,400,80.0000000000006,0.03818382044554749,0.0,0.0
0,0.08361619841963101,dt=0.2,0.9942700642036484,11.706267778748341,0.004910960421127423,0.0893285288684748,0.1,0.2,0.2,42,3,138,410,82.00000000000063,0.03623179749940345,0.0,0.0
0,0.08033220082217447,dt=0.2,0.9944290647148054,11.246508115104426,0.004668149023110743,0.0857960193799672,0.1,0.2,0.2,42,3,31,420,84.00000000000065,0.034649677537568896,0.0,0.0
0,0.07717680642164383,dt=0.2,0.9945910477796106,10.804752899030136,0.004419459872452024,0.08238557442021167,0.1,0.2,0.2,42,3,31,430,86.00000000000068,0.03295651559264828,0.0,0.0
0,0.07414574014796685,dt=0.2,0.9947423008097441,10.38040362071536,0.004210520806637146,0.0791196140808028,0.1,0.2,0.2,42,3,31,440,88.00000000000071,0.03142480386113502,0.0,0.0
0,0.07123390484505235,dt=0.2,0.9948904475928623,9.97274667830733,0.003979282218697214,0.07596854098244786,0.1,0.2,0.2,42,3,31,450,90.00000000000074,0.029914933400357054,0.0,0.0
0,0.06843656560739621,dt=0.2,0.9950350596995029,9.581119185035469,0.0037915793134303813,0.07294274015444721,0.1,0.2,0.2,42,3,31,460,92.00000000000077,0.02844558388870897,0.0,0.0
0,0.06574904167872453,dt=0.2,0.9951700993988217,9.204865835021435,0.0035825690452355005,0.07003932440747766,0.1,0.2,0.2,42,3,31,470,94.0000000000008,0.027111236724509866,0.0,0.0
0,0.06316690555621059,dt=0.2,0.9953075969167436,8.843366777869482,0.003419115102265793,0.06723783806381624,0.1,0.2,0.2,42,3,31,480,96.00000000000082,0.025703800468788843,0.0,0.0
0,0.06068672838474738,dt=0.2,0.995431260887068,8.496141973864633,0.003226930409423792,0.06456636798286541,0.1,0.2,0.2,42,3,31,490,98.00000000000085,0.024533155715259353,0.0,0.0
0,0.05830358682716093,dt=0.2,0.9955626855983843,8.16250215580253,0.0030773717309776297,0.061973888362613694,0.1,0.2,0.2,42,3,31,500,100.00000000000088,0.02320314352455229,0.0,0.0
4,0.3531218571446036,dt=0.2,0.06348174792002131,49.4370600002445,0.41097712671312203,47.56933907426974,0.1,0.2,0.2,42,4,1,10,1.9999999999999998,4.75725458817194,0.0,0.0
5,0.34905945475676337,dt=0.2,0.14290849222370966,48.86832366594687,0.4581126710286936,44.43635590793641,0.1,0.2,0.2,42,4,1,20,4.000000000000001,5.863208394964381,0.0,0.0
5,0.3439441566778156,dt=0.2,0.21805075861457587,48.15218193489418,0.473966685401345,41.17840111407713,0.1,0.2,0.2,42,4,1,30,6.000000000000003,6.269451371483209,0.0,0.0
19,0.3386672476156691,dt=0.2,0.29152464439124975,47.41341466619367,0.4845792442063256,37.874223358213605,0.1,0.2,0.2,42,4,1,40,8.000000000000004,6.510503932246388,0.0,0.0
36,0.3317577502559612,dt=0.2,0.3593756929416695,46.44608503583457,0.4924010935443352,34.540572032534264,0.1,0.2,0.2,42,4,1,50,9.999999999999996,6.746953747276297,0.0,0.0
80,0.32559217907245586,dt=0.2,0.429340943935676,45.582905070143816,0.49856149608133393,31.188069885710547,0.1,0.2,0.2,42,4,1,60,11.99999999999999,6.844588051301589,0.0,0.0
98,0.3171350531080698,dt=0.2,0.49324714753780996,44.39890743512977,0.502667996489799,27.82926723591039,0.1,0.2,0.2,42,4,1,70,13.999999999999982,6.992444678008928,0.0,0.0
106,0.3102716089836314,dt=0.2,0.56102812448235,43.43802525770839,0.5044127570275165,24.47745743355577,0.1,0.2,0.2,42,4,1,80,15.999999999999975,6.9976958376242955,0.0,0.0
114,0.3004344139909821,dt=0.2,0.6222410477604341,42.060817958737495,0.5032961988814763,21.149201719350238,0.1,0.2,0.2,42,4,1,90,17.999999999999968,7.069681297121062,0.0,0.0
122,0.2930117199635302,dt=0.2,0.6875464537484055,41.02164079489423,0.49884465235034714,17.862888185442927,0.1,0.2,0.2,42,4,1,100,19.99999999999996,6.993034667919557,0.0,0.0
126,0.2819790037513172,dt=0.2,0.7458005020268976,39.477060525184406,0.49012935062579954,14.642288060969294,0.1,0.2,0.2,42,4,1,110,21.999999999999954,6.956746611101987,0.0,0.0
128,0.2737936462707298,dt=0.2,0.8062031563076975,38.33111047790217,0.4759625373182541,11.51636078499924,0.1,0.2,0.2,42,4,1,120,23.999999999999947,6.767335888554151,0.0,0.0
128,0.26213964384484506,dt=0.2,0.8593298817730195,36.699550138278305,0.45421506905427744,8.525155022992937,0.1,0.2,0.2,42,4,1,130,25.99999999999994,6.553432528342838,0.0,0.0
128,0.25337083521530296,dt=0.2,0.9099375571561918,35.47191693014241,0.4211557198571335,5.7248371647414835,0.1,0.2,0.2,42,4,1,140,27.999999999999932,6.163770574128443,0.0,0.0
128,0.2418503434107862,dt=0.2,0.9498236209388272,33.85904807751007,0.360723877054265,3.23110409769228,0.1,0.2,0.2,42,4,1,150,29.999999999999925,5.526196175542997,0.0,0.0
128,0.23243495327184518,dt=0.2,0.9769798757924703,32.54089345805833,0.2645869295797619,1.2402581694151669,0.1,0.2,0.2,42,4,1,160,31.99999999999992,4.460544845761032,0.0,0.0
127,0.22147997713650713,dt=0.2,0.98450140075954,31.007196799111,0.0995549236340118,0.5644441063474249,0.1,0.2,0.2,42,4,132,170,33.99999999999994,2.691965309988571,0.0,0.0
127,0.21284542101277712,dt=0.2,0.9862097192731188,29.798358941788795,0.03087526990272025,0.36061505721414416,0.1,0.2,0.2,42,4,132,180,35.99999999999997,1.2921799893787642,0.0,0.0
127,0.2036879775382402,dt=0.2,0.9877951017495399,28.516316855353626,0.015636374942293623,0.260753850524246,0.1,0.2,0.2,42,4,43,190,38.0,0.830614890598402,0.0,0.0
127,0.19539029021503243,dt=0.2,0.9883877196712006,27.35464063010454,0.014728333847434712,0.23577072293459,0.1,0.2,0.2,42,4,43,200,40.00000000000003,0.6023883969439432,0.0,0.0
127,0.18732194675674183,dt=0.2,0.9889241104913342,26.225072545943856,0.01394435404111466,0.2168322379439886,0.1,0.2,0.2,42,4,43,210,42.00000000000006,0.4477015391945426,0.0,0.0
127,0.17974521624306972,dt=0.2,0.9894169901979996,25.164330274029762,0.013148934196331251,0.2030053902813071,0.1,0.2,0.2,42,4,43,220,44.000000000000085,0.3591074446134979,0.0,0.0
127,0.17251170604318583,dt=0.2,0.9898241915739429,24.151638846046016,0.012508235055565795,0.1922122717307383,0.1,0.2,0.2,42,4,35,230,46.000000000000114,0.283402146116475,0.0,0.0
127,0.1656184885078259,dt=0.2,0.9902055384117697,23.186588391095626,0.01181047449658823,0.18304059696197225,0.1,0.2,0.2,42,4,22,240,48.00000000000014,0.23471459645664755,0.0,0.0
127,0.15903980090967199,dt=0.2,0.9905565569709397,22.265572127354076,0.011265802446609208,0.17526497584150633,0.1,0.2,0.2,42,4,58,250,50.00000000000017,0.19102090068749888,0.0,0.0
127,0.15271846420058538,dt=0.2,0.9908748760385123,21.380584988081953,0.010634728019982114,0.16784780322506584,0.1,0.2,0.2,42,4,58,260,52.0000000000002,0.16174936016210473,0.0,0.0
127,0.14668947524616868,dt=0.2,0.991188147835689,20.536526534463615,0.010143543197775978,0.16057917041344613,0.1,0.2,0.2,42,4,58,270,54.00000000000023,0.13478651902022168,0.0,0.0
127,0.14087996288472743,dt=0.2,0.9914643059873726,19.72319480386184,0.009579741756958072,0.1539171093381318,0.1,0.2,0.2,42,4,58,280,56.000000000000256,0.11672749154911535,0.0,0.0
127,0.13533378591103182,dt=0.2,0.9917505388083536,18.946730027544454,0.009149108976633288,0.14724939564641162,0.1,0.2,0.2,42,4,58,290,58.000000000000284,0.09944055496952509,0.0,0.0
127,0.12998863788496703,dt=0.2,0.9919961005184005,18.198409303895385,0.008645535100476281,0.14126459641667694,0.1,0.2,0.2,42,4,58,300,60.00000000000031,0.08776908420824149,0.0,0.0
127,0.12487841053072783,dt=0.2,0.9922626975854362,17.482977474301897,0.008243725544559596,0.13518680659411567,0.1,0.2,0.2,42,4,58,310,62.00000000000034,0.07637645642946919,0.0,0.0
127,0.11995517604565925,dt=0.2,0.992482281172851,16.793724646392295,0.00779589685772783,0.12977743649345222,0.1,0.2,0.2,42,4,58,320,64.00000000000037,0.06882689486751835,0.0,0.0
127,0.11524174904074562,dt=0.2,0.9927318946174621,16.133844865704386,0.007432840649021809,0.12424771220030635,0.1,0.2,0.2,42,4,2,330,66.0000000000004,0.0613374012030547,0.0,0.0
127,0.1107038333641791,dt=0.2,0.9929289635197521,15.498536670985075,0.007043682376300865,0.11933211000383001,0.1,0.2,0.2,42,4,2,340,68.00000000000043,0.05645816543360821,0.0,0.0
127,0.1063547917687544,dt=0.2,0.993160860162396,14.889670847625617,0.006698398266300192,0.11432720485783295,0.1,0.2,0.2,42,4,2,350,70.00000000000045,0.05152674856628185,0.0,0.0
127,0.10217155427046178,dt=0.2,0.9933432052206796,14.304017597864648,0.00635328475398394,0.10980814418359822,0.1,0.2,0.2,42,4,2,360,72.00000000000048,0.04824275703497403,0.0,0.0
127,0.09815787231486017,dt=0.2,0.9935584567571953,13.742102124080425,0.006041985880544346,0.1052487551283292,0.1,0.2,0.2,42,4,2,370,74.00000000000051,0.04485033718570502,0.0,0.0
127,0.09429959381677566,dt=0.2,0.9937319370013151,13.201943134348593,0.005742551379659885,0.10107135851433595,0.1,0.2,0.2,42,4,2,380,76.00000000000054,0.042428911687362875,0.0,0.0
0,0.09059457329104487,dt=0.2,0.9939266220946162,12.683240260746281,0.005453689192650381,0.0969246561868667,0.1,0.2,0.2,42,4,2,390,78.00000000000057,0.03995170816598225,0.0,0.0
0,0.08703516709160586,dt=0.2,0.9940923235624785,12.18492339282482,0.005185796145244661,0.09307165172366427,0.1,0.2,0.2,42,4,138,400,80.0000000000006,0.03818382044554749,0.0,0.0
0,0.08361619841963101,dt=0.2,0.9942700642036484,11.706267778748341,0.004910960421127423,0.0893285288684748,0.1,0.2,0.2,42,4,138,410,82.00000000000063,0.03623179749940345,0.0,0.0
0,0.08033220082217447,dt=0.2,0.9944290647148054,11.246508115104426,0.004668149023110743,0.0857960193799672,0.1,0.2,0.2,42,4,31,420,84.00000000000065,0.034649677537568896,0.0,0.0
0,0.07717680642164383,dt=0.2,0.9945910477796106,10.804752899030136,0.004419459872452024,0.08238557442021167,0.1,0.2,0.2,42,4,31,430,86.00000000000068,0.03295651559264828,0.0,0.0
0,0.07414574014796685,dt=0.2,0.9947423008097441,10.38040362071536,0.004210520806637146,0.0791196140808028,0.1,0.2,0.2,42,4,31,440,88.00000000000071,0.03142480386113502,0.0,0.0
0,0.07123390484505235,dt=0.2,0.9948904475928623,9.97274667830733,0.003979282218697214,0.07596854098244786,0.1,0.2,0.2,42,4,31,450,90.00000000000074,0.029914933400357054,0.0,0.0
0,0.06843656560739621,dt=0.2,0.9950350596995029,9.581119185035469,0.0037915793134303813,0.07294274015444721,0.1,0.2,0.2,42,4,31,460,92.00000000000077,0.02844558388870897,0.0,0.0
0,0.06574904167872453,dt=0.2,0.9951700993988217,9.204865835021435,0.0035825690452355005,0.07003932440747766,0.1,0.2,0.2,42,4,31,470,94.0000000000008,0.027111236724509866,0.0,0.0
0,0.06316690555621059,dt=0.2,0.9953075969167436,8.843366777869482,0.003419115102265793,0.06723783806381624,0.1,0.2,0.2,42,4,31,480,96.00000000000082,0.025703800468788843,0.0,0.0
0,0.06068672838474738,dt=0.2,0.995431260887068,8.496141973864633,0.003226930409423792,0.06456636798286541,0.1,0.2,0.2,42,4,31,490,98.00000000000085,0.024533155715259353,0.0,0.0
0,0.05830358682716093,dt=0.2,0.9955626855983843,8.16250215580253,0.0030773717309776297,0.061973888362613694,0.1,0.2,0.2,42,4,31,500,100.00000000000088,0.02320314352455229,0.0,0.0
