activeCount,avgRho,condition,entropy,mass,maxFluxAbs,maxRho,param_c_press,param_damping,param_dt,param_rng_seed,rep,rhoMaxId,step,t,totalFlux,vortNorm_global,vortNorm_global_ema
1,0.3567524867809165,damping=0.05,0.009627256406287936,49.945348149328304,0.2092034335736389,49.673683070323484,0.1,0.05,0.12,42,0,1,5,0.6,1.6937832808851918,0.0,0.0
3,0.35650889345808773,damping=0.05,0.027988525238698474,49.91124508413228,0.2988353476438846,49.09722890157061,0.1,0.05,0.12,42,0,1,10,1.2000000000000002,3.1738312174376757,0.0,0.0
4,0.35627661772844543,damping=0.05,0.05132311647753468,49.87872648198236,0.3623864029503441,48.373567405576786,0.1,0.05,0.12,42,0,1,15,1.8000000000000007,4.521974044345712,0.0,0.0
4,0.3560278761786752,damping=0.05,0.0758974244624089,49.843902665014525,0.37775954061781836,47.576601728753374,0.1,0.05,0.12,42,0,1,20,2.4000000000000012,4.9580472548392045,0.0,0.0
4,0.355763990808858,damping=0.05,0.10079875761088258,49.80695871324012,0.4113692233057254,46.73327811926952,0.1,0.05,0.12,42,0,1,25,3.0000000000000018,5.40193037215262,0.0,0.0
4,0.3552148272258404,damping=0.05,0.12439939965983195,49.73007581161766,0.40662253292198763,45.86820775855727,0.1,0.05,0.12,42,0,1,30,3.6000000000000023,5.573745035357055,0.0,0.0
5,0.3543665599571723,damping=0.05,0.1468979429857032,49.61131839400412,0.42977754500875043,44.983769484897266,0.1,0.05,0.12,42,0,1,35,4.200000000000003,6.0028389445345995,0.0,0.0
5,0.3533677629541039,damping=0.05,0.1686462398670937,49.47148681357454,0.4194619952432429,44.09167587905455,0.1,0.05,0.12,42,0,1,40,4.800000000000003,6.050408557359414,0.0,0.0
5,0.3527390318291117,damping=0.05,0.19195140901657695,49.383464456075636,0.4402248469501616,43.18741622491134,0.1,0.05,0.12,42,0,1,45,5.400000000000004,6.3064141039418855,0.0,0.0
5,0.3524069546680087,damping=0.05,0.21601700929181392,49.33697365352122,0.427896672188258,42.279492861507805,0.1,0.05,0.12,42,0,1,50,6.000000000000004,6.22932116066342,0.0,0.0
9,0.35205809067091215,damping=0.05,0.23981971387121062,49.2881326939277,0.4476268084954278,41.36180010924837,0.1,0.05,0.12,42,0,1,55,6.600000000000005,6.470396807411985,0.0,0.0
14,0.35169729326267013,damping=0.05,0.26320120065289426,49.23762105677382,0.4343621223301615,40.442106088532,0.1,0.05,0.12,42,0,1,60,7.2000000000000055,6.411309754963049,0.0,0.0
20,0.35087088149203877,damping=0.05,0.2849222264953246,49.12192340888543,0.45390184184814936,39.513635337085425,0.1,0.05,0.12,42,0,1,65,7.800000000000006,6.620140417835599,0.0,0.0
23,0.34965515422958465,damping=0.05,0.3051750918279555,48.95172159214185,0.4400904940399821,38.5839421524194,0.1,0.05,0.12,42,0,1,70,8.400000000000004,6.5424019356201235,0.0,0.0
30,0.34829685906037877,damping=0.05,0.3250671904188555,48.761560268453024,0.45948490815711607,37.64603468156139,0.1,0.05,0.12,42,0,1,75,9.0,6.78067817809142,0.0,0.0
38,0.34746666488781763,damping=0.05,0.34649038067366994,48.64533308429447,0.4452188959636345,36.70747024193157,0.1,0.05,0.12,42,0,1,80,9.599999999999996,6.720842909280691,0.0,0.0
48,0.3470344410366,damping=0.05,0.3690301724841856,48.584821745124,0.4645306936670602,35.76112782601738,0.1,0.05,0.12,42,0,1,85,10.199999999999992,6.901174860121394,0.0,0.0
68,0.34658635565299317,damping=0.05,0.3911764043473173,48.52208979141904,0.44977978505891103,34.814695972355416,0.1,0.05,0.12,42,0,1,90,10.799999999999988,6.785719588328286,0.0,0.0
85,0.3461260379440083,damping=0.05,0.4131615712293227,48.45764531216116,0.4688532273514484,33.86108764774077,0.1,0.05,0.12,42,0,1,95,11.399999999999984,6.977963477946876,0.0,0.0
92,0.34510701979892267,damping=0.05,0.4334225751388381,48.314982771849174,0.45362161609758545,32.90810177243733,0.1,0.05,0.12,42,0,1,100,11.99999999999998,6.857945259576079,0.0,0.0
98,0.34364433062980804,damping=0.05,0.45259030977629044,48.110206288173124,0.4725183657135886,31.948563445739037,0.1,0.05,0.12,42,0,1,105,12.599999999999977,7.058771717496279,0.0,0.0
98,0.34206036268183876,damping=0.05,0.471349060701146,47.88845077545743,0.45690508882485165,30.99027711828117,0.1,0.05,0.12,42,0,1,110,13.199999999999973,6.958691728543766,0.0,0.0
101,0.3410825007275453,damping=0.05,0.4916318568128514,47.751550101856346,0.47562995451087936,30.02599094134137,0.1,0.05,0.12,42,0,1,115,13.799999999999969,7.16838440603173,0.0,0.0
106,0.3405518562103908,damping=0.05,0.5126723567899413,47.677259869454716,0.4596011477322346,29.063587669205546,0.1,0.05,0.12,42,0,1,120,14.399999999999965,7.023714929793185,0.0,0.0
107,0.3400041093369749,damping=0.05,0.5335254573118322,47.600575307176484,0.4779865894467014,28.095873005479714,0.1,0.05,0.12,42,0,1,125,14.999999999999961,7.188819825504801,0.0,0.0
109,0.3394448525261356,damping=0.05,0.5540198004853014,47.52227935365898,0.4614535522533846,27.130869566881266,0.1,0.05,0.12,42,0,1,130,15.599999999999957,7.048947134019925,0.0,0.0
115,0.33827096287600517,damping=0.05,0.5731952182052754,47.35793480264072,0.47945121699003235,26.161396179253995,0.1,0.05,0.12,42,0,1,135,16.199999999999957,7.2139752063209235,0.0,0.0
116,0.3366378252620303,damping=0.05,0.5912880342820747,47.12929553668424,0.46250422881611675,25.19547658470199,0.1,0.05,0.12,42,0,1,140,16.79999999999996,7.08054078050116,0.0,0.0
117,0.3348885300915908,damping=0.05,0.6091930883321448,46.88439421282271,0.4801425668300348,24.225891892151726,0.1,0.05,0.12,42,0,1,145,17.399999999999967,7.268768055297502,0.0,0.0
120,0.3337908629395042,damping=0.05,0.6280906831379008,46.73072081153059,0.46281726099748793,23.260665835052492,0.1,0.05,0.12,42,0,1,150,17.99999999999997,7.143649442152109,0.0,0.0
124,0.33316202466643874,damping=0.05,0.6476529510948504,46.64268345330142,0.4799880596100725,22.292628383859377,0.1,0.05,0.12,42,0,1,155,18.599999999999977,7.2877192056844455,0.0,0.0
127,0.33251789633768686,damping=0.05,0.6668059094724114,46.55250548727616,0.46216392176791343,21.329912040096662,0.1,0.05,0.12,42,0,1,160,19.19999999999998,7.118162162963789,0.0,0.0
127,0.3318620112052523,damping=0.05,0.6857247167233116,46.460681568735325,0.47866136105463114,20.365496444138522,0.1,0.05,0.12,42,0,1,165,19.799999999999986,7.261411577887915,0.0,0.0
127,0.33034514728105063,damping=0.05,0.7030656568856444,46.24832061934709,0.4603376210756283,19.407553924399032,0.1,0.05,0.12,42,0,1,170,20.39999999999999,7.094215229643241,0.0,0.0
127,0.32856014703435554,damping=0.05,0.7199412739509297,45.99842058480978,0.47615925952430005,18.449116856815987,0.1,0.05,0.12,42,0,1,175,20.999999999999996,7.250327912118119,0.0,0.0
127,0.3266704419565214,damping=0.05,0.7364349166104575,45.73386187391299,0.45740662842413515,17.49831507657229,0.1,0.05,0.12,42,0,1,180,21.6,7.099680795149187,0.0,0.0
127,0.32546070449127573,damping=0.05,0.7536775664136257,45.5644986287786,0.4724655619456495,16.548280323647834,0.1,0.05,0.12,42,0,1,185,22.200000000000006,7.251959735653385,0.0,0.0
128,0.3247402205060086,damping=0.05,0.7710915512389425,45.4636308708412,0.45319335787050125,15.607185577984078,0.1,0.05,0.12,42,0,1,190,22.80000000000001,7.060508954884933,0.0,0.0
128,0.324003594748565,damping=0.05,0.7881554822192149,45.3605032647991,0.46719955183954404,14.668421868248252,0.1,0.05,0.12,42,0,1,195,23.400000000000016,7.163439933768595,0.0,0.0
128,0.3232569049790921,damping=0.05,0.8047079333257574,45.25596669707289,0.4472642305008388,13.74026199651989,0.1,0.05,0.12,42,0,1,200,24.00000000000002,6.966093953098939,0.0,0.0
128,0.3216307824178945,damping=0.05,0.8201004475611882,45.02830953850523,0.46002324855085264,12.81635623198861,0.1,0.05,0.12,42,0,1,205,24.600000000000026,7.066388155570067,0.0,0.0
128,0.31974790908205514,damping=0.05,0.834848927010521,44.76470727148772,0.43944400703448466,11.904957794777681,0.1,0.05,0.12,42,0,1,210,25.20000000000003,6.878218539828083,0.0,0.0
128,0.3177682633608072,damping=0.05,0.8492422837100425,44.48755687051301,0.45079810389734515,10.99998242605105,0.1,0.05,0.12,42,0,1,215,25.800000000000036,6.986072565963079,0.0,0.0
128,0.3164775355635143,damping=0.05,0.8637270857597451,44.306854978892005,0.4294897769611647,10.109697011453987,0.1,0.05,0.12,42,0,1,220,26.40000000000004,6.793802099935009,0.0,0.0
128,0.31567151134463106,damping=0.05,0.8780991691533383,44.19401158824835,0.43903516946078736,9.22847517647264,0.1,0.05,0.12,42,0,1,225,27.000000000000046,6.847208235093371,0.0,0.0
128,0.31485289979823666,damping=0.05,0.8917823128801139,44.07940597175313,0.4167054101680986,8.364749839161245,0.1,0.05,0.12,42,0,1,230,27.60000000000005,6.6052025902930325,0.0,0.0
128,0.3140249205101111,damping=0.05,0.904856780333701,43.96348887141556,0.42332254812445236,7.513916616155712,0.1,0.05,0.12,42,0,1,235,28.200000000000056,6.629866436929393,0.0,0.0
128,0.31234094008367813,damping=0.05,0.9167215277128583,43.72773161171494,0.39795744391546134,6.687078503031166,0.1,0.05,0.12,42,0,1,240,28.80000000000006,6.364099644453948,0.0,0.0
129,0.3104189610181759,damping=0.05,0.9278093681518699,43.45865454254463,0.3991398741762676,5.882312918874894,0.1,0.05,0.12,42,0,1,245,29.400000000000066,6.352628064157139,0.0,0.0
129,0.3084318595877799,damping=0.05,0.9380596635722971,43.18046034228919,0.3713060587505675,5.109339985598305,0.1,0.05,0.12,42,0,1,250,30.00000000000007,6.0667819074472185,0.0,0.0
129,0.3073429435700494,damping=0.05,0.947880633364815,43.028012099806915,0.3678517716500055,4.365691748572679,0.1,0.05,0.12,42,0,1,255,30.600000000000076,5.9952628159056465,0.0,0.0
129,0.3064693886749253,damping=0.05,0.9567487906549386,42.90571441448954,0.33785784990836804,3.660503483185169,0.1,0.05,0.12,42,0,1,260,31.20000000000008,5.645301656253539,0.0,0.0
129,0.3055854644195292,damping=0.05,0.9645862227281538,42.78196501873409,0.32881767046020294,2.9925908029327797,0.1,0.05,0.12,42,0,1,265,31.800000000000086,5.486025094261475,0.0,0.0
129,0.3046970448307833,damping=0.05,0.9712736535314014,42.657586276309665,0.29591151255527354,2.371579370966113,0.1,0.05,0.12,42,0,1,270,32.40000000000008,5.093758586343039,0.0,0.0
129,0.3030773791655415,damping=0.05,0.9766588707631828,42.43083308317581,0.27930065288999967,1.798739516520419,0.1,0.05,0.12,42,0,1,275,33.000000000000064,4.860145865922753,0.0,0.0
129,0.30128596539627595,damping=0.05,0.9807931628233971,42.180035155478635,0.24187003624414075,1.2851254159524912,0.1,0.05,0.12,42,0,1,280,33.60000000000005,4.422420857158046,0.0,0.0
129,0.29947405266291144,damping=0.05,0.9836921151362317,41.926367372807604,0.21395361591525044,0.8362655904300067,0.1,0.05,0.12,42,0,1,285,34.20000000000004,4.090301112282012,0.0,0.0
129,0.2983975632953051,damping=0.05,0.9854433772337811,41.77565886134271,0.16869038203406964,0.7348496244037304,0.1,0.05,0.12,42,0,132,290,34.800000000000026,3.555729110429979,0.0,0.0
129,0.29749429271831823,damping=0.05,0.9859773424964879,41.64920098056455,0.12316344704734042,0.6898952664911105,0.1,0.05,0.12,42,0,132,295,35.40000000000001,3.029868691905773,0.0,0.0
128,0.2965928483735569,damping=0.05,0.9854563495417393,41.52299877229797,0.06768070722105697,0.6368663646175284,0.1,0.05,0.12,42,0,132,300,36.0,2.355241180640586,0.0,0.0
1,0.3567524867809165,damping=0.05,0.009627256406287936,49.945348149328304,0.2092034335736389,49.673683070323484,0.1,0.05,0.12,42,1,1,5,0.6,1.6937832808851918,0.0,0.0
3,0.35650889345808773,damping=0.05,0.027988525238698474,49.91124508413228,0.2988353476438846,49.09722890157061,0.1,0.05,0.12,42,1,1,10,1.2000000000000002,3.1738312174376757,0.0,0.0
4,0.35627661772844543,damping=0.05,0.05132311647753468,49.87872648198236,0.3623864029503441,48.373567405576786,0.1,0.05,0.12,42,1,1,15,1.8000000000000007,4.521974044345712,0.0,0.0
4,0.3560278761786752,damping=0.05,0.0758974244624089,49.843902665014525,0.37775954061781836,47.576601728753374,0.1,0.05,0.12,42,1,1,20,2.4000000000000012,4.9580472548392045,0.0,0.0
4,0.355763990808858,damping=0.05,0.10079875761088258,49.80695871324012,0.4113692233057254,46.73327811926952,0.1,0.05,0.12,42,1,1,25,3.0000000000000018,5.40193037215262,0.0,0.0
4,0.3552148272258404,damping=0.05,0.12439939965983195,49.73007581161766,0.40662253292198763,45.86820775855727,0.1,0.05,0.12,42,1,1,30,3.6000000000000023,5.573745035357055,0.0,0.0
5,0.3543665599571723,damping=0.05,0.1468979429857032,49.61131839400412,0.42977754500875043,44.983769484897266,0.1,0.05,0.12,42,1,1,35,4.200000000000003,6.0028389445345995,0.0,0.0
5,0.3533677629541039,damping=0.05,0.1686462398670937,49.47148681357454,0.4194619952432429,44.09167587905455,0.1,0.05,0.12,42,1,1,40,4.800000000000003,6.050408557359414,0.0,0.0
5,0.3527390318291117,damping=0.05,0.19195140901657695,49.383464456075636,0.4402248469501616,43.18741622491134,0.1,0.05,0.12,42,1,1,45,5.400000000000004,6.3064141039418855,0.0,0.0
5,0.3524069546680087,damping=0.05,0.21601700929181392,49.33697365352122,0.427896672188258,42.279492861507805,0.1,0.05,0.12,42,1,1,50,6.000000000000004,6.22932116066342,0.0,0.0
9,0.35205809067091215,damping=0.05,0.23981971387121062,49.2881326939277,0.4476268084954278,41.36180010924837,0.1,0.05,0.12,42,1,1,55,6.600000000000005,6.470396807411985,0.0,0.0
14,0.35169729326267013,damping=0.05,0.26320120065289426,49.23762105677382,0.4343621223301615,40.442106088532,0.1,0.05,0.12,42,1,1,60,7.2000000000000055,6.411309754963049,0.0,0.0
20,0.35087088149203877,damping=0.05,0.2849222264953246,49.12192340888543,0.45390184184814936,39.513635337085425,0.1,0.05,0.12,42,1,1,65,7.800000000000006,6.620140417835599,0.0,0.0
23,0.34965515422958465,damping=0.05,0.3051750918279555,48.95172159214185,0.4400904940399821,38.5839421524194,0.1,0.05,0.12,42,1,1,70,8.400000000000004,6.5424019356201235,0.0,0.0
30,0.34829685906037877,damping=0.05,0.3250671904188555,48.761560268453024,0.45948490815711607,37.64603468156139,0.1,0.05,0.12,42,1,1,75,9.0,6.78067817809142,0.0,0.0
38,0.34746666488781763,damping=0.05,0.34649038067366994,48.64533308429447,0.4452188959636345,36.70747024193157,0.1,0.05,0.12,42,1,1,80,9.599999999999996,6.720842909280691,0.0,0.0
48,0.3470344410366,damping=0.05,0.3690301724841856,48.584821745124,0.4645306936670602,35.76112782601738,0.1,0.05,0.12,42,1,1,85,10.199999999999992,6.901174860121394,0.0,0.0
68,0.34658635565299317,damping=0.05,0.3911764043473173,48.52208979141904,0.44977978505891103,34.814695972355416,0.1,0.05,0.12,42,1,1,90,10.799999999999988,6.785719588328286,0.0,0.0
85,0.3461260379440083,damping=0.05,0.4131615712293227,48.45764531216116,0.4688532273514484,33.86108764774077,0.1,0.05,0.12,42,1,1,95,11.399999999999984,6.977963477946876,0.0,0.0
92,0.34510701979892267,damping=0.05,0.4334225751388381,48.314982771849174,0.45362161609758545,32.90810177243733,0.1,0.05,0.12,42,1,1,100,11.99999999999998,6.857945259576079,0.0,0.0
98,0.34364433062980804,damping=0.05,0.45259030977629044,48.110206288173124,0.4725183657135886,31.948563445739037,0.1,0.05,0.12,42,1,1,105,12.599999999999977,7.058771717496279,0.0,0.0
98,0.34206036268183876,damping=0.05,0.471349060701146,47.88845077545743,0.45690508882485165,30.99027711828117,0.1,0.05,0.12,42,1,1,110,13.199999999999973,6.958691728543766,0.0,0.0
101,0.3410825007275453,damping=0.05,0.4916318568128514,47.751550101856346,0.47562995451087936,30.02599094134137,0.1,0.05,0.12,42,1,1,115,13.799999999999969,7.16838440603173,0.0,0.0
106,0.3405518562103908,damping=0.05,0.5126723567899413,47.677259869454716,0.4596011477322346,29.063587669205546,0.1,0.05,0.12,42,1,1,120,14.399999999999965,7.023714929793185,0.0,0.0
107,0.3400041093369749,damping=0.05,0.5335254573118322,47.600575307176484,0.4779865894467014,28.095873005479714,0.1,0.05,0.12,42,1,1,125,14.999999999999961,7.188819825504801,0.0,0.0
109,0.3394448525261356,damping=0.05,0.5540198004853014,47.52227935365898,0.4614535522533846,27.130869566881266,0.1,0.05,0.12,42,1,1,130,15.599999999999957,7.048947134019925,0.0,0.0
115,0.33827096287600517,damping=0.05,0.5731952182052754,47.35793480264072,0.47945121699003235,26.161396179253995,0.1,0.05,0.12,42,1,1,135,16.199999999999957,7.2139752063209235,0.0,0.0
116,0.3366378252620303,damping=0.05,0.5912880342820747,47.12929553668424,0.46250422881611675,25.19547658470199,0.1,0.05,0.12,42,1,1,140,16.79999999999996,7.08054078050116,0.0,0.0
117,0.3348885300915908,damping=0.05,0.6091930883321448,46.88439421282271,0.4801425668300348,24.225891892151726,0.1,0.05,0.12,42,1,1,145,17.399999999999967,7.268768055297502,0.0,0.0
120,0.3337908629395042,damping=0.05,0.6280906831379008,46.73072081153059,0.46281726099748793,23.260665835052492,0.1,0.05,0.12,42,1,1,150,17.99999999999997,7.143649442152109,0.0,0.0
124,0.33316202466643874,damping=0.05,0.6476529510948504,46.64268345330142,0.4799880596100725,22.292628383859377,0.1,0.05,0.12,42,1,1,155,18.599999999999977,7.2877192056844455,0.0,0.0
127,0.33251789633768686,damping=0.05,0.6668059094724114,46.55250548727616,0.46216392176791343,21.329912040096662,0.1,0.05,0.12,42,1,1,160,19.19999999999998,7.118162162963789,0.0,0.0
127,0.3318620112052523,damping=0.05,0.6857247167233116,46.460681568735325,0.47866136105463114,20.365496444138522,0.1,0.05,0.12,42,1,1,165,19.799999999999986,7.261411577887915,0.0,0.0
127,0.33034514728105063,damping=0.05,0.7030656568856444,46.24832061934709,0.4603376210756283,19.407553924399032,0.1,0.05,0.12,42,1,1,170,20.39999999999999,7.094215229643241,0.0,0.0
127,0.32856014703435554,damping=0.05,0.7199412739509297,45.99842058480978,0.47615925952430005,18.449116856815987,0.1,0.05,0.12,42,1,1,175,20.999999999999996,7.250327912118119,0.0,0.0
127,0.3266704419565214,damping=0.05,0.7364349166104575,45.73386187391299,0.45740662842413515,17.49831507657229,0.1,0.05,0.12,42,1,1,180,21.6,7.099680795149187,0.0,0.0
127,0.32546070449127573,damping=0.05,0.7536775664136257,45.5644986287786,0.4724655619456495,16.548280323647834,0.1,0.05,0.12,42,1,1,185,22.200000000000006,7.251959735653385,0.0,0.0
128,0.3247402205060086,damping=0.05,0.7710915512389425,45.4636308708412,0.45319335787050125,15.607185577984078,0.1,0.05,0.12,42,1,1,190,22.80000000000001,7.060508954884933,0.0,0.0
128,0.324003594748565,damping=0.05,0.7881554822192149,45.3605032647991,0.46719955183954404,14.668421868248252,0.1,0.05,0.12,42,1,1,195,23.400000000000016,7.163439933768595,0.0,0.0
128,0.3232569049790921,damping=0.05,0.8047079333257574,45.25596669707289,0.4472642305008388,13.74026199651989,0.1,0.05,0.12,42,1,1,200,24.00000000000002,6.966093953098939,0.0,0.0
128,0.3216307824178945,damping=0.05,0.8201004475611882,45.02830953850523,0.46002324855085264,12.81635623198861,0.1,0.05,0.12,42,1,1,205,24.600000000000026,7.066388155570067,0.0,0.0
128,0.31974790908205514,damping=0.05,0.834848927010521,44.76470727148772,0.43944400703448466,11.904957794777681,0.1,0.05,0.12,42,1,1,210,25.20000000000003,6.878218539828083,0.0,0.0
128,0.3177682633608072,damping=0.05,0.8492422837100425,44.48755687051301,0.45079810389734515,10.99998242605105,0.1,0.05,0.12,42,1,1,215,25.800000000000036,6.986072565963079,0.0,0.0
128,0.3164775355635143,damping=0.05,0.8637270857597451,44.306854978892005,0.4294897769611647,10.109697011453987,0.1,0.05,0.12,42,1,1,220,26.40000000000004,6.793802099935009,0.0,0.0
128,0.31567151134463106,damping=0.05,0.8780991691533383,44.19401158824835,0.43903516946078736,9.22847517647264,0.1,0.05,0.12,42,1,1,225,27.000000000000046,6.847208235093371,0.0,0.0
128,0.31485289979823666,damping=0.05,0.8917823128801139,44.07940597175313,0.4167054101680986,8.364749839161245,0.1,0.05,0.12,42,1,1,230,27.60000000000005,6.6052025902930325,0.0,0.0
128,0.3140249205101111,damping=0.05,0.904856780333701,43.96348887141556,0.42332254812445236,7.513916616155712,0.1,0.05,0.12,42,1,1,235,28.200000000000056,6.629866436929393,0.0,0.0
128,0.31234094008367813,damping=0.05,0.9167215277128583,43.72773161171494,0.39795744391546134,6.687078503031166,0.1,0.05,0.12,42,1,1,240,28.80000000000006,6.364099644453948,0.0,0.0
129,0.3104189610181759,damping=0.05,0.9278093681518699,43.45865454254463,0.3991398741762676,5.882312918874894,0.1,0.05,0.12,42,1,1,245,29.400000000000066,6.352628064157139,0.0,0.0
129,0.3084318595877799,damping=0.05,0.9380596635722971,43.18046034228919,0.3713060587505675,5.109339985598305,0.1,0.05,0.12,42,1,1,250,30.00000000000007,6.0667819074472185,0.0,0.0
129,0.3073429435700494,damping=0.05,0.947880633364815,43.028012099806915,0.3678517716500055,4.365691748572679,0.1,0.05,0.12,42,1,1,255,30.600000000000076,5.9952628159056465,0.0,0.0
129,0.3064693886749253,damping=0.05,0.9567487906549386,42.90571441448954,0.33785784990836804,3.660503483185169,0.1,0.05,0.12,42,1,1,260,31.20000000000008,5.645301656253539,0.0,0.0
129,0.3055854644195292,damping=0.05,0.9645862227281538,42.78196501873409,0.32881767046020294,2.9925908029327797,0.1,0.05,0.12,42,1,1,265,31.800000000000086,5.486025094261475,0.0,0.0
129,0.3046970448307833,damping=0.05,0.9712736535314014,42.657586276309665,0.29591151255527354,2.371579370966113,0.1,0.05,0.12,42,1,1,270,32.40000000000008,5.093758586343039,0.0,0.0
129,0.3030773791655415,damping=0.05,0.9766588707631828,42.43083308317581,0.27930065288999967,1.798739516520419,0.1,0.05,0.12,42,1,1,275,33.000000000000064,4.860145865922753,0.0,0.0
129,0.30128596539627595,damping=0.05,0.9807931628233971,42.180035155478635,0.24187003624414075,1.2851254159524912,0.1,0.05,0.12,42,1,1,280,33.60000000000005,4.422420857158046,0.0,0.0
129,0.29947405266291144,damping=0.05,0.9836921151362317,41.926367372807604,0.21395361591525044,0.8362655904300067,0.1,0.05,0.12,42,1,1,285,34.20000000000004,4.090301112282012,0.0,0.0
129,0.2983975632953051,damping=0.05,0.9854433772337811,41.77565886134271,0.16869038203406964,0.7348496244037304,0.1,0.05,0.12,42,1,132,290,34.800000000000026,3.555729110429979,0.0,0.0
129,0.29749429271831823,damping=0.05,0.9859773424964879,41.64920098056455,0.12316344704734042,0.6898952664911105,0.1,0.05,0.12,42,1,132,295,35.40000000000001,3.029868691905773,0.0,0.0
128,0.2965928483735569,damping=0.05,0.9854563495417393,41.52299877229797,0.06768070722105697,0.6368663646175284,0.1,0.05,0.12,42,1,132,300,36.0,2.355241180640586,0.0,0.0
1,0.3567524867809165,damping=0.05,0.009627256406287936,49.945348149328304,0.2092034335736389,49.673683070323484,0.1,0.05,0.12,42,2,1,5,0.6,1.6937832808851918,0.0,0.0
3,0.35650889345808773,damping=0.05,0.027988525238698474,49.91124508413228,0.2988353476438846,49.09722890157061,0.1,0.05,0.12,42,2,1,10,1.2000000000000002,3.1738312174376757,0.0,0.0
4,0.35627661772844543,damping=0.05,0.05132311647753468,49.87872648198236,0.3623864029503441,48.373567405576786,0.1,0.05,0.12,42,2,1,15,1.8000000000000007,4.521974044345712,0.0,0.0
4,0.3560278761786752,damping=0.05,0.0758974244624089,49.843902665014525,0.37775954061781836,47.576601728753374,0.1,0.05,0.12,42,2,1,20,2.4000000000000012,4.9580472548392045,0.0,0.0
4,0.355763990808858,damping=0.05,0.10079875761088258,49.80695871324012,0.4113692233057254,46.73327811926952,0.1,0.05,0.12,42,2,1,25,3.0000000000000018,5.40193037215262,0.0,0.0
4,0.3552148272258404,damping=0.05,0.12439939965983195,49.73007581161766,0.40662253292198763,45.86820775855727,0.1,0.05,0.12,42,2,1,30,3.6000000000000023,5.573745035357055,0.0,0.0
5,0.3543665599571723,damping=0.05,0.1468979429857032,49.61131839400412,0.42977754500875043,44.983769484897266,0.1,0.05,0.12,42,2,1,35,4.200000000000003,6.0028389445345995,0.0,0.0
5,0.3533677629541039,damping=0.05,0.1686462398670937,49.47148681357454,0.4194619952432429,44.09167587905455,0.1,0.05,0.12,42,2,1,40,4.800000000000003,6.050408557359414,0.0,0.0
5,0.3527390318291117,damping=0.05,0.19195140901657695,49.383464456075636,0.4402248469501616,43.18741622491134,0.1,0.05,0.12,42,2,1,45,5.400000000000004,6.3064141039418855,0.0,0.0
5,0.3524069546680087,damping=0.05,0.21601700929181392,49.33697365352122,0.427896672188258,42.279492861507805,0.1,0.05,0.12,42,2,1,50,6.000000000000004,6.22932116066342,0.0,0.0
9,0.35205809067091215,damping=0.05,0.23981971387121062,49.2881326939277,0.4476268084954278,41.36180010924837,0.1,0.05,0.12,42,2,1,55,6.600000000000005,6.470396807411985,0.0,0.0
14,0.35169729326267013,damping=0.05,0.26320120065289426,49.23762105677382,0.4343621223301615,40.442106088532,0.1,0.05,0.12,42,2,1,60,7.2000000000000055,6.411309754963049,0.0,0.0
20,0.35087088149203877,damping=0.05,0.2849222264953246,49.12192340888543,0.45390184184814936,39.513635337085425,0.1,0.05,0.12,42,2,1,65,7.800000000000006,6.620140417835599,0.0,0.0
23,0.34965515422958465,damping=0.05,0.3051750918279555,48.95172159214185,0.4400904940399821,38.5839421524194,0.1,0.05,0.12,42,2,1,70,8.400000000000004,6.5424019356201235,0.0,0.0
30,0.34829685906037877,damping=0.05,0.3250671904188555,48.761560268453024,0.45948490815711607,37.64603468156139,0.1,0.05,0.12,42,2,1,75,9.0,6.78067817809142,0.0,0.0
38,0.34746666488781763,damping=0.05,0.34649038067366994,48.64533308429447,0.4452188959636345,36.70747024193157,0.1,0.05,0.12,42,2,1,80,9.599999999999996,6.720842909280691,0.0,0.0
48,0.3470344410366,damping=0.05,0.3690301724841856,48.584821745124,0.4645306936670602,35.76112782601738,0.1,0.05,0.12,42,2,1,85,10.199999999999992,6.901174860121394,0.0,0.0
68,0.34658635565299317,damping=0.05,0.3911764043473173,48.52208979141904,0.44977978505891103,34.814695972355416,0.1,0.05,0.12,42,2,1,90,10.799999999999988,6.785719588328286,0.0,0.0
85,0.3461260379440083,damping=0.05,0.4131615712293227,48.45764531216116,0.4688532273514484,33.86108764774077,0.1,0.05,0.12,42,2,1,95,11.399999999999984,6.977963477946876,0.0,0.0
92,0.34510701979892267,damping=0.05,0.4334225751388381,48.314982771849174,0.45362161609758545,32.90810177243733,0.1,0.05,0.12,42,2,1,100,11.99999999999998,6.857945259576079,0.0,0.0
98,0.34364433062980804,damping=0.05,0.45259030977629044,48.110206288173124,0.4725183657135886,31.948563445739037,0.1,0.05,0.12,42,2,1,105,12.599999999999977,7.058771717496279,0.0,0.0
98,0.34206036268183876,damping=0.05,0.471349060701146,47.88845077545743,0.45690508882485165,30.99027711828117,0.1,0.05,0.12,42,2,1,110,13.199999999999973,6.958691728543766,0.0,0.0
101,0.3410825007275453,damping=0.05,0.4916318568128514,47.751550101856346,0.47562995451087936,30.02599094134137,0.1,0.05,0.12,42,2,1,115,13.799999999999969,7.16838440603173,0.0,0.0
106,0.3405518562103908,damping=0.05,0.5126723567899413,47.677259869454716,0.4596011477322346,29.063587669205546,0.1,0.05,0.12,42,2,1,120,14.399999999999965,7.023714929793185,0.0,0.0
107,0.3400041093369749,damping=0.05,0.5335254573118322,47.600575307176484,0.4779865894467014,28.095873005479714,0.1,0.05,0.12,42,2,1,125,14.999999999999961,7.188819825504801,0.0,0.0
109,0.3394448525261356,damping=0.05,0.5540198004853014,47.52227935365898,0.4614535522533846,27.130869566881266,0.1,0.05,0.12,42,2,1,130,15.599999999999957,7.048947134019925,0.0,0.0
115,0.33827096287600517,damping=0.05,0.5731952182052754,47.35793480264072,0.47945121699003235,26.161396179253995,0.1,0.05,0.12,42,2,1,135,16.199999999999957,7.2139752063209235,0.0,0.0
116,0.3366378252620303,damping=0.05,0.5912880342820747,47.12929553668424,0.46250422881611675,25.19547658470199,0.1,0.05,0.12,42,2,1,140,16.79999999999996,7.08054078050116,0.0,0.0
117,0.3348885300915908,damping=0.05,0.6091930883321448,46.88439421282271,0.4801425668300348,24.225891892151726,0.1,0.05,0.12,42,2,1,145,17.399999999999967,7.268768055297502,0.0,0.0
120,0.3337908629395042,damping=0.05,0.6280906831379008,46.73072081153059,0.46281726099748793,23.260665835052492,0.1,0.05,0.12,42,2,1,150,17.99999999999997,7.143649442152109,0.0,0.0
124,0.33316202466643874,damping=0.05,0.6476529510948504,46.64268345330142,0.4799880596100725,22.292628383859377,0.1,0.05,0.12,42,2,1,155,18.599999999999977,7.2877192056844455,0.0,0.0
127,0.33251789633768686,damping=0.05,0.6668059094724114,46.55250548727616,0.46216392176791343,21.329912040096662,0.1,0.05,0.12,42,2,1,160,19.19999999999998,7.118162162963789,0.0,0.0
127,0.3318620112052523,damping=0.05,0.6857247167233116,46.460681568735325,0.47866136105463114,20.365496444138522,0.1,0.05,0.12,42,2,1,165,19.799999999999986,7.261411577887915,0.0,0.0
127,0.33034514728105063,damping=0.05,0.7030656568856444,46.24832061934709,0.4603376210756283,19.407553924399032,0.1,0.05,0.12,42,2,1,170,20.39999999999999,7.094215229643241,0.0,0.0
127,0.32856014703435554,damping=0.05,0.7199412739509297,45.99842058480978,0.47615925952430005,18.449116856815987,0.1,0.05,0.12,42,2,1,175,20.999999999999996,7.250327912118119,0.0,0.0
127,0.3266704419565214,damping=0.05,0.7364349166104575,45.73386187391299,0.45740662842413515,17.49831507657229,0.1,0.05,0.12,42,2,1,180,21.6,7.099680795149187,0.0,0.0
127,0.32546070449127573,damping=0.05,0.7536775664136257,45.5644986287786,0.4724655619456495,16.548280323647834,0.1,0.05,0.12,42,2,1,185,22.200000000000006,7.251959735653385,0.0,0.0
128,0.3247402205060086,damping=0.05,0.7710915512389425,45.4636308708412,0.45319335787050125,15.607185577984078,0.1,0.05,0.12,42,2,1,190,22.80000000000001,7.060508954884933,0.0,0.0
128,0.324003594748565,damping=0.05,0.7881554822192149,45.3605032647991,0.46719955183954404,14.668421868248252,0.1,0.05,0.12,42,2,1,195,23.400000000000016,7.163439933768595,0.0,0.0
128,0.3232569049790921,damping=0.05,0.8047079333257574,45.25596669707289,0.4472642305008388,13.74026199651989,0.1,0.05,0.12,42,2,1,200,24.00000000000002,6.966093953098939,0.0,0.0
128,0.3216307824178945,damping=0.05,0.8201004475611882,45.02830953850523,0.46002324855085264,12.81635623198861,0.1,0.05,0.12,42,2,1,205,24.600000000000026,7.066388155570067,0.0,0.0
128,0.31974790908205514,damping=0.05,0.834848927010521,44.76470727148772,0.43944400703448466,11.904957794777681,0.1,0.05,0.12,42,2,1,210,25.20000000000003,6.878218539828083,0.0,0.0
128,0.3177682633608072,damping=0.05,0.8492422837100425,44.48755687051301,0.45079810389734515,10.99998242605105,0.1,0.05,0.12,42,2,1,215,25.800000000000036,6.986072565963079,0.0,0.0
128,0.3164775355635143,damping=0.05,0.8637270857597451,44.306854978892005,0.4294897769611647,10.109697011453987,0.1,0.05,0.12,42,2,1,220,26.40000000000004,6.793802099935009,0.0,0.0
128,0.31567151134463106,damping=0.05,0.8780991691533383,44.19401158824835,0.43903516946078736,9.22847517647264,0.1,0.05,0.12,42,2,1,225,27.000000000000046,6.847208235093371,0.0,0.0
128,0.31485289979823666,damping=0.05,0.8917823128801139,44.07940597175313,0.4167054101680986,8.364749839161245,0.1,0.05,0.12,42,2,1,230,27.60000000000005,6.6052025902930325,0.0,0.0
128,0.3140249205101111,damping=0.05,0.904856780333701,43.96348887141556,0.42332254812445236,7.513916616155712,0.1,0.05,0.12,42,2,1,235,28.200000000000056,6.629866436929393,0.0,0.0
128,0.31234094008367813,damping=0.05,0.9167215277128583,43.72773161171494,0.39795744391546134,6.687078503031166,0.1,0.05,0.12,42,2,1,240,28.80000000000006,6.364099644453948,0.0,0.0
129,0.3104189610181759,damping=0.05,0.9278093681518699,43.45865454254463,0.3991398741762676,5.882312918874894,0.1,0.05,0.12,42,2,1,245,29.400000000000066,6.352628064157139,0.0,0.0
129,0.3084318595877799,damping=0.05,0.9380596635722971,43.18046034228919,0.3713060587505675,5.109339985598305,0.1,0.05,0.12,42,2,1,250,30.00000000000007,6.0667819074472185,0.0,0.0
129,0.3073429435700494,damping=0.05,0.947880633364815,43.028012099806915,0.3678517716500055,4.365691748572679,0.1,0.05,0.12,42,2,1,255,30.600000000000076,5.9952628159056465,0.0,0.0
129,0.3064693886749253,damping=0.05,0.9567487906549386,42.90571441448954,0.33785784990836804,3.660503483185169,0.1,0.05,0.12,42,2,1,260,31.20000000000008,5.645301656253539,0.0,0.0
129,0.3055854644195292,damping=0.05,0.9645862227281538,42.78196501873409,0.32881767046020294,2.9925908029327797,0.1,0.05,0.12,42,2,1,265,31.800000000000086,5.486025094261475,0.0,0.0
129,0.3046970448307833,damping=0.05,0.9712736535314014,42.657586276309665,0.29591151255527354,2.371579370966113,0.1,0.05,0.12,42,2,1,270,32.40000000000008,5.093758586343039,0.0,0.0
129,0.3030773791655415,damping=0.05,0.9766588707631828,42.43083308317581,0.27930065288999967,1.798739516520419,0.1,0.05,0.12,42,2,1,275,33.000000000000064,4.860145865922753,0.0,0.0
129,0.30128596539627595,damping=0.05,0.9807931628233971,42.180035155478635,0.24187003624414075,1.2851254159524912,0.1,0.05,0.12,42,2,1,280,33.60000000000005,4.422420857158046,0.0,0.0
129,0.29947405266291144,damping=0.05,0.9836921151362317,41.926367372807604,0.21395361591525044,0.8362655904300067,0.1,0.05,0.12,42,2,1,285,34.20000000000004,4.090301112282012,0.0,0.0
129,0.2983975632953051,damping=0.05,0.9854433772337811,41.77565886134271,0.16869038203406964,0.7348496244037304,0.1,0.05,0.12,42,2,132,290,34.800000000000026,3.555729110429979,0.0,0.0
129,0.29749429271831823,damping=0.05,0.9859773424964879,41.64920098056455,0.12316344704734042,0.6898952664911105,0.1,0.05,0.12,42,2,132,295,35.40000000000001,3.029868691905773,0.0,0.0
128,0.2965928483735569,damping=0.05,0.9854563495417393,41.52299877229797,0.06768070722105697,0.6368663646175284,0.1,0.05,0.12,42,2,132,300,36.0,2.355241180640586,0.0,0.0
1,0.3567524867809165,damping=0.05,0.009627256406287936,49.945348149328304,0.2092034335736389,49.673683070323484,0.1,0.05,0.12,42,3,1,5,0.6,1.6937832808851918,0.0,0.0
3,0.35650889345808773,damping=0.05,0.027988525238698474,49.91124508413228,0.2988353476438846,49.09722890157061,0.1,0.05,0.12,42,3,1,10,1.2000000000000002,3.1738312174376757,0.0,0.0
4,0.35627661772844543,damping=0.05,0.05132311647753468,49.87872648198236,0.3623864029503441,48.373567405576786,0.1,0.05,0.12,42,3,1,15,1.8000000000000007,4.521974044345712,0.0,0.0
4,0.3560278761786752,damping=0.05,0.0758974244624089,49.843902665014525,0.37775954061781836,47.576601728753374,0.1,0.05,0.12,42,3,1,20,2.4000000000000012,4.9580472548392045,0.0,0.0
4,0.355763990808858,damping=0.05,0.10079875761088258,49.80695871324012,0.4113692233057254,46.73327811926952,0.1,0.05,0.12,42,3,1,25,3.0000000000000018,5.40193037215262,0.0,0.0
4,0.3552148272258404,damping=0.05,0.12439939965983195,49.73007581161766,0.40662253292198763,45.86820775855727,0.1,0.05,0.12,42,3,1,30,3.6000000000000023,5.573745035357055,0.0,0.0
5,0.3543665599571723,damping=0.05,0.1468979429857032,49.61131839400412,0.42977754500875043,44.983769484897266,0.1,0.05,0.12,42,3,1,35,4.200000000000003,6.0028389445345995,0.0,0.0
5,0.3533677629541039,damping=0.05,0.1686462398670937,49.47148681357454,0.4194619952432429,44.09167587905455,0.1,0.05,0.12,42,3,1,40,4.800000000000003,6.050408557359414,0.0,0.0
5,0.3527390318291117,damping=0.05,0.19195140901657695,49.383464456075636,0.4402248469501616,43.18741622491134,0.1,0.05,0.12,42,3,1,45,5.400000000000004,6.3064141039418855,0.0,0.0
5,0.3524069546680087,damping=0.05,0.21601700929181392,49.33697365352122,0.427896672188258,42.279492861507805,0.1,0.05,0.12,42,3,1,50,6.000000000000004,6.22932116066342,0.0,0.0
9,0.35205809067091215,damping=0.05,0.23981971387121062,49.2881326939277,0.4476268084954278,41.36180010924837,0.1,0.05,0.12,42,3,1,55,6.600000000000005,6.470396807411985,0.0,0.0
14,0.35169729326267013,damping=0.05,0.26320120065289426,49.23762105677382,0.4343621223301615,40.442106088532,0.1,0.05,0.12,42,3,1,60,7.2000000000000055,6.411309754963049,0.0,0.0
20,0.35087088149203877,damping=0.05,0.2849222264953246,49.12192340888543,0.45390184184814936,39.513635337085425,0.1,0.05,0.12,42,3,1,65,7.800000000000006,6.620140417835599,0.0,0.0
23,0.34965515422958465,damping=0.05,0.3051750918279555,48.95172159214185,0.4400904940399821,38.5839421524194,0.1,0.05,0.12,42,3,1,70,8.400000000000004,6.5424019356201235,0.0,0.0
30,0.34829685906037877,damping=0.05,0.3250671904188555,48.761560268453024,0.45948490815711607,37.64603468156139,0.1,0.05,0.12,42,3,1,75,9.0,6.78067817809142,0.0,0.0
38,0.34746666488781763,damping=0.05,0.34649038067366994,48.64533308429447,0.4452188959636345,36.70747024193157,0.1,0.05,0.12,42,3,1,80,9.599999999999996,6.720842909280691,0.0,0.0
48,0.3470344410366,damping=0.05,0.3690301724841856,48.584821745124,0.4645306936670602,35.76112782601738,0.1,0.05,0.12,42,3,1,85,10.199999999999992,6.901174860121394,0.0,0.0
68,0.34658635565299317,damping=0.05,0.3911764043473173,48.52208979141904,0.44977978505891103,34.814695972355416,0.1,0.05,0.12,42,3,1,90,10.799999999999988,6.785719588328286,0.0,0.0
85,0.3461260379440083,damping=0.05,0.4131615712293227,48.45764531216116,0.4688532273514484,33.86108764774077,0.1,0.05,0.12,42,3,1,95,11.399999999999984,6.977963477946876,0.0,0.0
92,0.34510701979892267,damping=0.05,0.4334225751388381,48.314982771849174,0.45362161609758545,32.90810177243733,0.1,0.05,0.12,42,3,1,100,11.99999999999998,6.857945259576079,0.0,0.0
98,0.34364433062980804,damping=0.05,0.45259030977629044,48.110206288173124,0.4725183657135886,31.948563445739037,0.1,0.05,0.12,42,3,1,105,12.599999999999977,7.058771717496279,0.0,0.0
98,0.34206036268183876,damping=0.05,0.471349060701146,47.88845077545743,0.45690508882485165,30.99027711828117,0.1,0.05,0.12,42,3,1,110,13.199999999999973,6.958691728543766,0.0,0.0
101,0.3410825007275453,damping=0.05,0.4916318568128514,47.751550101856346,0.47562995451087936,30.02599094134137,0.1,0.05,0.12,42,3,1,115,13.799999999999969,7.16838440603173,0.0,0.0
106,0.3405518562103908,damping=0.05,0.5126723567899413,47.677259869454716,0.4596011477322346,29.063587669205546,0.1,0.05,0.12,42,3,1,120,14.399999999999965,7.023714929793185,0.0,0.0
107,0.3400041093369749,damping=0.05,0.5335254573118322,47.600575307176484,0.4779865894467014,28.095873005479714,0.1,0.05,0.12,42,3,1,125,14.999999999999961,7.188819825504801,0.0,0.0
109,0.3394448525261356,damping=0.05,0.5540198004853014,47.52227935365898,0.4614535522533846,27.130869566881266,0.1,0.05,0.12,42,3,1,130,15.599999999999957,7.048947134019925,0.0,0.0
115,0.33827096287600517,damping=0.05,0.5731952182052754,47.35793480264072,0.47945121699003235,26.161396179253995,0.1,0.05,0.12,42,3,1,135,16.199999999999957,7.2139752063209235,0.0,0.0
116,0.3366378252620303,damping=0.05,0.5912880342820747,47.12929553668424,0.46250422881611675,25.19547658470199,0.1,0.05,0.12,42,3,1,140,16.79999999999996,7.08054078050116,0.0,0.0
117,0.3348885300915908,damping=0.05,0.6091930883321448,46.88439421282271,0.4801425668300348,24.225891892151726,0.1,0.05,0.12,42,3,1,145,17.399999999999967,7.268768055297502,0.0,0.0
120,0.3337908629395042,damping=0.05,0.6280906831379008,46.73072081153059,0.46281726099748793,23.260665835052492,0.1,0.05,0.12,42,3,1,150,17.99999999999997,7.143649442152109,0.0,0.0
124,0.33316202466643874,damping=0.05,0.6476529510948504,46.64268345330142,0.4799880596100725,22.292628383859377,0.1,0.05,0.12,42,3,1,155,18.599999999999977,7.2877192056844455,0.0,0.0
127,0.33251789633768686,damping=0.05,0.6668059094724114,46.55250548727616,0.46216392176791343,21.329912040096662,0.1,0.05,0.12,42,3,1,160,19.19999999999998,7.118162162963789,0.0,0.0
127,0.3318620112052523,damping=0.05,0.6857247167233116,46.460681568735325,0.47866136105463114,20.365496444138522,0.1,0.05,0.12,42,3,1,165,19.799999999999986,7.261411577887915,0.0,0.0
127,0.33034514728105063,damping=0.05,0.7030656568856444,46.24832061934709,0.4603376210756283,19.407553924399032,0.1,0.05,0.12,42,3,1,170,20.39999999999999,7.094215229643241,0.0,0.0
127,0.32856014703435554,damping=0.05,0.7199412739509297,45.99842058480978,0.47615925952430005,18.449116856815987,0.1,0.05,0.12,42,3,1,175,20.999999999999996,7.250327912118119,0.0,0.0
127,0.3266704419565214,damping=0.05,0.7364349166104575,45.73386187391299,0.45740662842413515,17.49831507657229,0.1,0.05,0.12,42,3,1,180,21.6,7.099680795149187,0.0,0.0
127,0.32546070449127573,damping=0.05,0.7536775664136257,45.5644986287786,0.4724655619456495,16.548280323647834,0.1,0.05,0.12,42,3,1,185,22.200000000000006,7.251959735653385,0.0,0.0
128,0.3247402205060086,damping=0.05,0.7710915512389425,45.4636308708412,0.45319335787050125,15.607185577984078,0.1,0.05,0.12,42,3,1,190,22.80000000000001,7.060508954884933,0.0,0.0
128,0.324003594748565,damping=0.05,0.7881554822192149,45.3605032647991,0.46719955183954404,14.668421868248252,0.1,0.05,0.12,42,3,1,195,23.400000000000016,7.163439933768595,0.0,0.0
128,0.3232569049790921,damping=0.05,0.8047079333257574,45.25596669707289,0.4472642305008388,13.74026199651989,0.1,0.05,0.12,42,3,1,200,24.00000000000002,6.966093953098939,0.0,0.0
128,0.3216307824178945,damping=0.05,0.8201004475611882,45.02830953850523,0.46002324855085264,12.81635623198861,0.1,0.05,0.12,42,3,1,205,24.600000000000026,7.066388155570067,0.0,0.0
128,0.31974790908205514,damping=0.05,0.834848927010521,44.76470727148772,0.43944400703448466,11.904957794777681,0.1,0.05,0.12,42,3,1,210,25.20000000000003,6.878218539828083,0.0,0.0
128,0.3177682633608072,damping=0.05,0.8492422837100425,44.48755687051301,0.45079810389734515,10.99998242605105,0.1,0.05,0.12,42,3,1,215,25.800000000000036,6.986072565963079,0.0,0.0
128,0.3164775355635143,damping=0.05,0.8637270857597451,44.306854978892005,0.4294897769611647,10.109697011453987,0.1,0.05,0.12,42,3,1,220,26.40000000000004,6.793802099935009,0.0,0.0
128,0.31567151134463106,damping=0.05,0.8780991691533383,44.19401158824835,0.43903516946078736,9.22847517647264,0.1,0.05,0.12,42,3,1,225,27.000000000000046,6.847208235093371,0.0,0.0
128,0.31485289979823666,damping=0.05,0.8917823128801139,44.07940597175313,0.4167054101680986,8.364749839161245,0.1,0.05,0.12,42,3,1,230,27.60000000000005,6.6052025902930325,0.0,0.0
128,0.3140249205101111,damping=0.05,0.904856780333701,43.96348887141556,0.42332254812445236,7.513916616155712,0.1,0.05,0.12,42,3,1,235,28.200000000000056,6.629866436929393,0.0,0.0
128,0.31234094008367813,damping=0.05,0.9167215277128583,43.72773161171494,0.39795744391546134,6.687078503031166,0.1,0.05,0.12,42,3,1,240,28.80000000000006,6.364099644453948,0.0,0.0
129,0.3104189610181759,damping=0.05,0.9278093681518699,43.45865454254463,0.3991398741762676,5.882312918874894,0.1,0.05,0.12,42,3,1,245,29.400000000000066,6.352628064157139,0.0,0.0
129,0.3084318595877799,damping=0.05,0.9380596635722971,43.18046034228919,0.3713060587505675,5.109339985598305,0.1,0.05,0.12,42,3,1,250,30.00000000000007,6.0667819074472185,0.0,0.0
129,0.3073429435700494,damping=0.05,0.947880633364815,43.028012099806915,0.3678517716500055,4.365691748572679,0.1,0.05,0.12,42,3,1,255,30.600000000000076,5.9952628159056465,0.0,0.0
129,0.3064693886749253,damping=0.05,0.9567487906549386,42.90571441448954,0.33785784990836804,3.660503483185169,0.1,0.05,0.12,42,3,1,260,31.20000000000008,5.645301656253539,0.0,0.0
129,0.3055854644195292,damping=0.05,0.9645862227281538,42.78196501873409,0.32881767046020294,2.9925908029327797,0.1,0.05,0.12,42,3,1,265,31.800000000000086,5.486025094261475,0.0,0.0
129,0.3046970448307833,damping=0.05,0.9712736535314014,42.657586276309665,0.29591151255527354,2.371579370966113,0.1,0.05,0.12,42,3,1,270,32.40000000000008,5.093758586343039,0.0,0.0
129,0.3030773791655415,damping=0.05,0.9766588707631828,42.43083308317581,0.27930065288999967,1.798739516520419,0.1,0.05,0.12,42,3,1,275,33.000000000000064,4.860145865922753,0.0,0.0
129,0.30128596539627595,damping=0.05,0.9807931628233971,42.180035155478635,0.24187003624414075,1.2851254159524912,0.1,0.05,0.12,42,3,1,280,33.60000000000005,4.422420857158046,0.0,0.0
129,0.29947405266291144,damping=0.05,0.9836921151362317,41.926367372807604,0.21395361591525044,0.8362655904300067,0.1,0.05,0.12,42,3,1,285,34.20000000000004,4.090301112282012,0.0,0.0
129,0.2983975632953051,damping=0.05,0.9854433772337811,41.77565886134271,0.16869038203406964,0.7348496244037304,0.1,0.05,0.12,42,3,132,290,34.800000000000026,3.555729110429979,0.0,0.0
129,0.29749429271831823,damping=0.05,0.9859773424964879,41.64920098056455,0.12316344704734042,0.6898952664911105,0.1,0.05,0.12,42,3,132,295,35.40000000000001,3.029868691905773,0.0,0.0
128,0.2965928483735569,damping=0.05,0.9854563495417393,41.52299877229797,0.06768070722105697,0.6368663646175284,0.1,0.05,0.12,42,3,132,300,36.0,2.355241180640586,0.0,0.0
1,0.3567524867809165,damping=0.05,0.009627256406287936,49.945348149328304,0.2092034335736389,49.673683070323484,0.1,0.05,0.12,42,4,1,5,0.6,1.6937832808851918,0.0,0.0
3,0.35650889345808773,damping=0.05,0.027988525238698474,49.91124508413228,0.2988353476438846,49.09722890157061,0.1,0.05,0.12,42,4,1,10,1.2000000000000002,3.1738312174376757,0.0,0.0
4,0.35627661772844543,damping=0.05,0.05132311647753468,49.87872648198236,0.3623864029503441,48.373567405576786,0.1,0.05,0.12,42,4,1,15,1.8000000000000007,4.521974044345712,0.0,0.0
4,0.3560278761786752,damping=0.05,0.0758974244624089,49.843902665014525,0.37775954061781836,47.576601728753374,0.1,0.05,0.12,42,4,1,20,2.4000000000000012,4.9580472548392045,0.0,0.0
4,0.355763990808858,damping=0.05,0.10079875761088258,49.80695871324012,0.4113692233057254,46.73327811926952,0.1,0.05,0.12,42,4,1,25,3.0000000000000018,5.40193037215262,0.0,0.0
4,0.3552148272258404,damping=0.05,0.12439939965983195,49.73007581161766,0.40662253292198763,45.86820775855727,0.1,0.05,0.12,42,4,1,30,3.6000000000000023,5.573745035357055,0.0,0.0
5,0.3543665599571723,damping=0.05,0.1468979429857032,49.61131839400412,0.42977754500875043,44.983769484897266,0.1,0.05,0.12,42,4,1,35,4.200000000000003,6.0028389445345995,0.0,0.0
5,0.3533677629541039,damping=0.05,0.1686462398670937,49.47148681357454,0.4194619952432429,44.09167587905455,0.1,0.05,0.12,42,4,1,40,4.800000000000003,6.050408557359414,0.0,0.0
5,0.3527390318291117,damping=0.05,0.19195140901657695,49.383464456075636,0.4402248469501616,43.18741622491134,0.1,0.05,0.12,42,4,1,45,5.400000000000004,6.3064141039418855,0.0,0.0
5,0.3524069546680087,damping=0.05,0.21601700929181392,49.33697365352122,0.427896672188258,42.279492861507805,0.1,0.05,0.12,42,4,1,50,6.000000000000004,6.22932116066342,0.0,0.0
9,0.35205809067091215,damping=0.05,0.23981971387121062,49.2881326939277,0.4476268084954278,41.36180010924837,0.1,0.05,0.12,42,4,1,55,6.600000000000005,6.470396807411985,0.0,0.0
14,0.35169729326267013,damping=0.05,0.26320120065289426,49.23762105677382,0.4343621223301615,40.442106088532,0.1,0.05,0.12,42,4,1,60,7.2000000000000055,6.411309754963049,0.0,0.0
20,0.35087088149203877,damping=0.05,0.2849222264953246,49.12192340888543,0.45390184184814936,39.513635337085425,0.1,0.05,0.12,42,4,1,65,7.800000000000006,6.620140417835599,0.0,0.0
23,0.34965515422958465,damping=0.05,0.3051750918279555,48.95172159214185,0.4400904940399821,38.5839421524194,0.1,0.05,0.12,42,4,1,70,8.400000000000004,6.5424019356201235,0.0,0.0
30,0.34829685906037877,damping=0.05,0.3250671904188555,48.761560268453024,0.45948490815711607,37.64603468156139,0.1,0.05,0.12,42,4,1,75,9.0,6.78067817809142,0.0,0.0
38,0.34746666488781763,damping=0.05,0.34649038067366994,48.64533308429447,0.4452188959636345,36.70747024193157,0.1,0.05,0.12,42,4,1,80,9.599999999999996,6.720842909280691,0.0,0.0
48,0.3470344410366,damping=0.05,0.3690301724841856,48.584821745124,0.4645306936670602,35.76112782601738,0.1,0.05,0.12,42,4,1,85,10.199999999999992,6.901174860121394,0.0,0.0
68,0.34658635565299317,damping=0.05,0.3911764043473173,48.52208979141904,0.44977978505891103,34.814695972355416,0.1,0.05,0.12,42,4,1,90,10.799999999999988,6.785719588328286,0.0,0.0
85,0.3461260379440083,damping=0.05,0.4131615712293227,48.45764531216116,0.4688532273514484,33.86108764774077,0.1,0.05,0.12,42,4,1,95,11.399999999999984,6.977963477946876,0.0,0.0
92,0.34510701979892267,damping=0.05,0.4334225751388381,48.314982771849174,0.45362161609758545,32.90810177243733,0.1,0.05,0.12,42,4,1,100,11.99999999999998,6.857945259576079,0.0,0.0
98,0.34364433062980804,damping=0.05,0.45259030977629044,48.110206288173124,0.4725183657135886,31.948563445739037,0.1,0.05,0.12,42,4,1,105,12.599999999999977,7.058771717496279,0.0,0.0
98,0.34206036268183876,damping=0.05,0.471349060701146,47.88845077545743,0.45690508882485165,30.99027711828117,0.1,0.05,0.12,42,4,1,110,13.199999999999973,6.958691728543766,0.0,0.0
101,0.3410825007275453,damping=0.05,0.4916318568128514,47.751550101856346,0.47562995451087936,30.02599094134137,0.1,0.05,0.12,42,4,1,115,13.799999999999969,7.16838440603173,0.0,0.0
106,0.3405518562103908,damping=0.05,0.5126723567899413,47.677259869454716,0.4596011477322346,29.063587669205546,0.1,0.05,0.12,42,4,1,120,14.399999999999965,7.023714929793185,0.0,0.0
107,0.3400041093369749,damping=0.05,0.5335254573118322,47.600575307176484,0.4779865894467014,28.095873005479714,0.1,0.05,0.12,42,4,1,125,14.999999999999961,7.188819825504801,0.0,0.0
109,0.3394448525261356,damping=0.05,0.5540198004853014,47.52227935365898,0.4614535522533846,27.130869566881266,0.1,0.05,0.12,42,4,1,130,15.599999999999957,7.048947134019925,0.0,0.0
115,0.33827096287600517,damping=0.05,0.5731952182052754,47.35793480264072,0.47945121699003235,26.161396179253995,0.1,0.05,0.12,42,4,1,135,16.199999999999957,7.2139752063209235,0.0,0.0
116,0.3366378252620303,damping=0.05,0.5912880342820747,47.12929553668424,0.46250422881611675,25.19547658470199,0.1,0.05,0.12,42,4,1,140,16.79999999999996,7.08054078050116,0.0,0.0
117,0.3348885300915908,damping=0.05,0.6091930883321448,46.88439421282271,0.4801425668300348,24.225891892151726,0.1,0.05,0.12,42,4,1,145,17.399999999999967,7.268768055297502,0.0,0.0
120,0.3337908629395042,damping=0.05,0.6280906831379008,46.73072081153059,0.46281726099748793,23.260665835052492,0.1,0.05,0.12,42,4,1,150,17.99999999999997,7.143649442152109,0.0,0.0
124,0.33316202466643874,damping=0.05,0.6476529510948504,46.64268345330142,0.4799880596100725,22.292628383859377,0.1,0.05,0.12,42,4,1,155,18.599999999999977,7.2877192056844455,0.0,0.0
127,0.33251789633768686,damping=0.05,0.6668059094724114,46.55250548727616,0.46216392176791343,21.329912040096662,0.1,0.05,0.12,42,4,1,160,19.19999999999998,7.118162162963789,0.0,0.0
127,0.3318620112052523,damping=0.05,0.6857247167233116,46.460681568735325,0.47866136105463114,20.365496444138522,0.1,0.05,0.12,42,4,1,165,19.799999999999986,7.261411577887915,0.0,0.0
127,0.33034514728105063,damping=0.05,0.7030656568856444,46.24832061934709,0.4603376210756283,19.407553924399032,0.1,0.05,0.12,42,4,1,170,20.39999999999999,7.094215229643241,0.0,0.0
127,0.32856014703435554,damping=0.05,0.7199412739509297,45.99842058480978,0.47615925952430005,18.449116856815987,0.1,0.05,0.12,42,4,1,175,20.999999999999996,7.250327912118119,0.0,0.0
127,0.3266704419565214,damping=0.05,0.7364349166104575,45.73386187391299,0.45740662842413515,17.49831507657229,0.1,0.05,0.12,42,4,1,180,21.6,7.099680795149187,0.0,0.0
127,0.32546070449127573,damping=0.05,0.7536775664136257,45.5644986287786,0.4724655619456495,16.548280323647834,0.1,0.05,0.12,42,4,1,185,22.200000000000006,7.251959735653385,0.0,0.0
128,0.3247402205060086,damping=0.05,0.7710915512389425,45.4636308708412,0.45319335787050125,15.607185577984078,0.1,0.05,0.12,42,4,1,190,22.80000000000001,7.060508954884933,0.0,0.0
128,0.324003594748565,damping=0.05,0.7881554822192149,45.3605032647991,0.46719955183954404,14.668421868248252,0.1,0.05,0.12,42,4,1,195,23.400000000000016,7.163439933768595,0.0,0.0
128,0.3232569049790921,damping=0.05,0.8047079333257574,45.25596669707289,0.4472642305008388,13.74026199651989,0.1,0.05,0.12,42,4,1,200,24.00000000000002,6.966093953098939,0.0,0.0
128,0.3216307824178945,damping=0.05,0.8201004475611882,45.02830953850523,0.46002324855085264,12.81635623198861,0.1,0.05,0.12,42,4,1,205,24.600000000000026,7.066388155570067,0.0,0.0
128,0.31974790908205514,damping=0.05,0.834848927010521,44.76470727148772,0.43944400703448466,11.904957794777681,0.1,0.05,0.12,42,4,1,210,25.20000000000003,6.878218539828083,0.0,0.0
128,0.3177682633608072,damping=0.05,0.8492422837100425,44.48755687051301,0.45079810389734515,10.99998242605105,0.1,0.05,0.12,42,4,1,215,25.800000000000036,6.986072565963079,0.0,0.0
128,0.3164775355635143,damping=0.05,0.8637270857597451,44.306854978892005,0.4294897769611647,10.109697011453987,0.1,0.05,0.12,42,4,1,220,26.40000000000004,6.793802099935009,0.0,0.0
128,0.31567151134463106,damping=0.05,0.8780991691533383,44.19401158824835,0.43903516946078736,9.22847517647264,0.1,0.05,0.12,42,4,1,225,27.000000000000046,6.847208235093371,0.0,0.0
128,0.31485289979823666,damping=0.05,0.8917823128801139,44.07940597175313,0.4167054101680986,8.364749839161245,0.1,0.05,0.12,42,4,1,230,27.60000000000005,6.6052025902930325,0.0,0.0
128,0.3140249205101111,damping=0.05,0.904856780333701,43.96348887141556,0.42332254812445236,7.513916616155712,0.1,0.05,0.12,42,4,1,235,28.200000000000056,6.629866436929393,0.0,0.0
128,0.31234094008367813,damping=0.05,0.9167215277128583,43.72773161171494,0.39795744391546134,6.687078503031166,0.1,0.05,0.12,42,4,1,240,28.80000000000006,6.364099644453948,0.0,0.0
129,0.3104189610181759,damping=0.05,0.9278093681518699,43.45865454254463,0.3991398741762676,5.882312918874894,0.1,0.05,0.12,42,4,1,245,29.400000000000066,6.352628064157139,0.0,0.0
129,0.3084318595877799,damping=0.05,0.9380596635722971,43.18046034228919,0.3713060587505675,5.109339985598305,0.1,0.05,0.12,42,4,1,250,30.00000000000007,6.0667819074472185,0.0,0.0
129,0.3073429435700494,damping=0.05,0.947880633364815,43.028012099806915,0.3678517716500055,4.365691748572679,0.1,0.05,0.12,42,4,1,255,30.600000000000076,5.9952628159056465,0.0,0.0
129,0.3064693886749253,damping=0.05,0.9567487906549386,42.90571441448954,0.33785784990836804,3.660503483185169,0.1,0.05,0.12,42,4,1,260,31.20000000000008,5.645301656253539,0.0,0.0
129,0.3055854644195292,damping=0.05,0.9645862227281538,42.78196501873409,0.32881767046020294,2.9925908029327797,0.1,0.05,0.12,42,4,1,265,31.800000000000086,5.486025094261475,0.0,0.0
129,0.3046970448307833,damping=0.05,0.9712736535314014,42.657586276309665,0.29591151255527354,2.371579370966113,0.1,0.05,0.12,42,4,1,270,32.40000000000008,5.093758586343039,0.0,0.0
129,0.3030773791655415,damping=0.05,0.9766588707631828,42.43083308317581,0.27930065288999967,1.798739516520419,0.1,0.05,0.12,42,4,1,275,33.000000000000064,4.860145865922753,0.0,0.0
129,0.30128596539627595,damping=0.05,0.9807931628233971,42.180035155478635,0.24187003624414075,1.2851254159524912,0.1,0.05,0.12,42,4,1,280,33.60000000000005,4.422420857158046,0.0,0.0
129,0.29947405266291144,damping=0.05,0.9836921151362317,41.926367372807604,0.21395361591525044,0.8362655904300067,0.1,0.05,0.12,42,4,1,285,34.20000000000004,4.090301112282012,0.0,0.0
129,0.2983975632953051,damping=0.05,0.9854433772337811,41.77565886134271,0.16869038203406964,0.7348496244037304,0.1,0.05,0.12,42,4,132,290,34.800000000000026,3.555729110429979,0.0,0.0
129,0.29749429271831823,damping=0.05,0.9859773424964879,41.64920098056455,0.12316344704734042,0.6898952664911105,0.1,0.05,0.12,42,4,132,295,35.40000000000001,3.029868691905773,0.0,0.0
128,0.2965928483735569,damping=0.05,0.9854563495417393,41.52299877229797,0.06768070722105697,0.6368663646175284,0.1,0.05,0.12,42,4,132,300,36.0,2.355241180640586,0.0,0.0
1,0.356382049980474,damping=0.1,0.009622401938186686,49.893486997266365,0.209170418631633,49.62225116423407,0.1,0.1,0.12,42,0,1,5,0.6,1.6932311760083925,0.0,0.0
3,0.3559362595330899,damping=0.1,0.027957413680499733,49.831076334632584,0.29876194903101033,49.019335116540205,0.1,0.1,0.12,42,0,1,10,1.2000000000000002,3.171288291555243,0.0,0.0
4,0.3554909411639949,damping=0.1,0.051234807168808696,49.768731762959284,0.36225847854391463,48.26969328188224,0.1,0.1,0.12,42,0,1,15,1.8000000000000007,4.516405220235676,0.0,0.0
4,0.3550167323294615,damping=0.1,0.0757204345422535,49.70234252612461,0.377584068766175,47.44728132517909,0.1,0.1,0.12,42,0,1,20,2.4000000000000012,4.950961304527473,0.0,0.0
4,0.3545141177730841,damping=0.1,0.10050278370000282,49.63197648823178,0.41112483913469045,46.57908236811179,0.1,0.1,0.12,42,0,1,25,3.0000000000000018,5.393204591744085,0.0,0.0
4,0.3537137662109083,damping=0.1,0.1239548258493082,49.51992726952716,0.4063358782962008,45.68971888554318,0.1,0.1,0.12,42,0,1,30,3.6000000000000023,5.562898680169832,0.0,0.0
5,0.352603173821155,damping=0.1,0.14628102415672498,49.3644443349617,0.42942063025704,44.78158632800883,0.1,0.1,0.12,42,0,1,35,4.200000000000003,5.988874696268289,0.0,0.0
5,0.35133111003255435,damping=0.1,0.16783703111251488,49.18635540455761,0.41906369120148146,43.86639907692695,0.1,0.1,0.12,42,0,1,40,4.800000000000003,6.034440823981475,0.0,0.0
5,0.35041524838545135,damping=0.1,0.1909381796618159,49.05813477396319,0.4397464633200525,42.93966429367885,0.1,0.1,0.12,42,0,1,45,5.400000000000004,6.288341335701538,0.0,0.0
5,0.34978051337079236,damping=0.1,0.21478423197062163,48.96927187191093,0.42738032587049546,42.009880717461584,0.1,0.1,0.12,42,0,1,50,6.000000000000004,6.209711170069822,0.0,0.0
9,0.34911505208428734,damping=0.1,0.23835408009033587,48.876107291800224,0.44702742898631564,41.070957687546034,0.1,0.1,0.12,42,0,1,55,6.600000000000005,6.448231262083314,0.0,0.0
13,0.3484237634110825,damping=0.1,0.26149170539908256,48.77932687755155,0.43372853221520524,40.13065531282573,0.1,0.1,0.12,42,0,1,60,7.2000000000000055,6.387415274094307,0.0,0.0
18,0.3472575315128148,damping=0.1,0.2829580152068377,48.616054411794074,0.45317777991968017,39.18221574288482,0.1,0.1,0.12,42,0,1,65,7.800000000000006,6.593910391288162,0.0,0.0
21,0.34569396463806207,damping=0.1,0.3029479572677256,48.39715504932869,0.43933446570599016,38.233183755653386,0.1,0.1,0.12,42,0,1,70,8.400000000000004,6.514636298148973,0.0,0.0
28,0.3439782514698003,damping=0.1,0.32257634468302604,48.15695520577204,0.4586320783120192,37.2765870764931,0.1,0.1,0.12,42,0,1,75,9.0,6.749953159517441,0.0,0.0
36,0.34277427808760813,damping=0.1,0.3437504273796515,47.988398932265135,0.44433657877200383,36.31997174660168,0.1,0.1,0.12,42,0,1,80,9.599999999999996,6.688399334492812,0.0,0.0
43,0.3419506875479941,damping=0.1,0.3660546826442599,47.87309625671918,0.46354308792890586,35.35623978015179,0.1,0.1,0.12,42,0,1,85,10.199999999999992,6.865536307894122,0.0,0.0
59,0.3410976914715061,damping=0.1,0.38797001717204127,47.75367680601085,0.44876437680574083,34.39306681840562,0.1,0.1,0.12,42,0,1,90,10.799999999999988,6.748866938726375,0.0,0.0
79,0.34021898922197685,damping=0.1,0.40973525212715306,47.63065849107676,0.4677244973602911,33.42339071412,0.1,0.1,0.12,42,0,1,95,11.399999999999984,6.93869868317758,0.0,0.0
89,0.3387765186742832,damping=0.1,0.42977342628740256,47.42871261439965,0.452467215185232,32.454994651095326,0.1,0.1,0.12,42,0,1,100,11.99999999999998,6.817529004108676,0.0,0.0
97,0.3368854658358609,damping=0.1,0.4487227048146325,47.163965217020525,0.471240555927954,31.480731622210985,0.1,0.1,0.12,42,0,1,105,12.599999999999977,7.015559529311654,0.0,0.0
98,0.334864118252693,damping=0.1,0.4672734678127952,46.880976555377025,0.4556015536372196,30.508389355731055,0.1,0.1,0.12,42,0,1,110,13.199999999999973,6.914389312852962,0.0,0.0
98,0.333429970485479,damping=0.1,0.4873942187250193,46.68019586796706,0.4741902448341351,29.53074810108272,0.1,0.1,0.12,42,0,1,115,13.799999999999969,7.121358652046718,0.0,0.0
106,0.3324239019240788,damping=0.1,0.5083082987042382,46.53934626937103,0.4581351551655844,28.555672305989066,0.1,0.1,0.12,42,0,1,120,14.399999999999965,6.975026719254386,0.0,0.0
106,0.33138784072686717,damping=0.1,0.529059052791853,46.3942977017614,0.4763708540384002,27.576003148609995,0.1,0.1,0.12,42,0,1,125,14.999999999999961,7.137579830216486,0.0,0.0
107,0.3303274764237616,damping=0.1,0.5494732653296499,46.24584669932662,0.45981114124236544,26.59974240247948,0.1,0.1,0.12,42,0,1,130,15.599999999999957,6.996909636204535,0.0,0.0
110,0.3286513833741722,damping=0.1,0.5685744401169139,46.01119367238411,0.47764328490581287,25.619748434843693,0.1,0.1,0.12,42,0,1,135,16.199999999999957,7.159196204970658,0.0,0.0
114,0.3265137165083655,damping=0.1,0.5866001974118827,45.71192031117118,0.46066699378412024,24.644022818383128,0.1,0.1,0.12,42,0,1,140,16.79999999999996,7.024618575543133,0.0,0.0
115,0.3242515836254445,damping=0.1,0.6044653277235565,45.39522170756223,0.47811927904479146,23.665392210891824,0.1,0.1,0.12,42,0,1,145,17.399999999999967,7.20964763008358,0.0,0.0
117,0.32262028702475,damping=0.1,0.623386760208328,45.166840183465,0.46075954593988805,22.691857387798937,0.1,0.1,0.12,42,0,1,150,17.99999999999997,7.08355881610299,0.0,0.0
120,0.3214379122427612,damping=0.1,0.6430315567034098,45.00130771398657,0.4777196782548945,21.716300528801202,0.1,0.1,0.12,42,0,1,155,18.599999999999977,7.22379626082994,0.0,0.0
125,0.3202282740742804,damping=0.1,0.6622954632210641,44.831958370399256,0.45985499117180245,20.746829660635626,0.1,0.1,0.12,42,0,1,160,19.19999999999998,7.053313231556859,0.0,0.0
127,0.31899507988029496,damping=0.1,0.6813612906784059,44.65931118324129,0.4761134309671884,19.776483870739415,0.1,0.1,0.12,42,0,1,165,19.799999999999986,7.193382631388141,0.0,0.0
127,0.3169087587570538,damping=0.1,0.6988419740549191,44.36722622598754,0.4577407134647708,18.813409726754127,0.1,0.1,0.12,42,0,1,170,20.39999999999999,7.024857836495718,0.0,0.0
127,0.3145505506553749,damping=0.1,0.7158842084717888,44.03707709175249,0.4732869977069388,17.85070904242793,0.1,0.1,0.12,42,0,1,175,20.999999999999996,7.176819230741753,0.0,0.0
127,0.31208038154748957,damping=0.1,0.7325724392706486,43.69125341664854,0.45447125746803185,16.89648657658082,0.1,0.1,0.12,42,0,1,180,21.6,7.024501840361833,0.0,0.0
127,0.3102680839874048,damping=0.1,0.7500869590449516,43.43753175823667,0.46920771599708183,15.94395682183074,0.1,0.1,0.12,42,0,1,185,22.200000000000006,7.172255451935021,0.0,0.0
128,0.3089246641251481,damping=0.1,0.7678266837976103,43.24945297752073,0.44985324625728396,15.001268805837983,0.1,0.1,0.12,42,0,1,190,22.80000000000001,6.978476818946031,0.0,0.0
128,0.3075545409541081,damping=0.1,0.7852484288586679,43.05763573357513,0.46347863358154534,14.06191235975384,0.1,0.1,0.12,42,0,1,195,23.400000000000016,7.076655775509665,0.0,0.0
128,0.30616396973236276,damping=0.1,0.8021822413578776,42.86295576253079,0.44343568315344495,13.134138483324962,0.1,0.1,0.12,42,0,1,200,24.00000000000002,6.877574334578358,0.0,0.0
128,0.3039073419054125,damping=0.1,0.8179522116384099,42.54702786675775,0.4557384352691472,12.21171777482286,0.1,0.1,0.12,42,0,1,205,24.600000000000026,6.971953196768715,0.0,0.0
128,0.30139276780555857,damping=0.1,0.8330914790209667,42.1949874927782,0.43501364191262054,11.302887799833229,0.1,0.1,0.12,42,0,1,210,25.20000000000003,6.780831475769538,0.0,0.0
128,0.29877609799418076,damping=0.1,0.8478995101929734,41.828653719185304,0.44580782571980504,10.401716227106514,0.1,0.1,0.12,42,0,1,215,25.800000000000036,6.881320564861518,0.0,0.0
128,0.29682490489356317,damping=0.1,0.8628417779061927,41.55548668509884,0.42429680088850563,9.516467003608584,0.1,0.1,0.12,42,0,1,220,26.40000000000004,6.685250371942844,0.0,0.0
128,0.2953380704751519,damping=0.1,0.877698664916906,41.34732986652127,0.4331394632316903,8.641710942129452,0.1,0.1,0.12,42,0,1,225,27.000000000000046,6.729680731721567,0.0,0.0
128,0.2938301243913819,damping=0.1,0.8918588684044382,41.136217414793464,0.41052247913900647,7.785900373162526,0.1,0.1,0.12,42,0,1,230,27.60000000000005,6.483289417632945,0.0,0.0
128,0.29230468720697544,damping=0.1,0.9053999541358533,40.92265620897656,0.41623567138008954,6.944695266700805,0.1,0.1,0.12,42,0,1,235,28.200000000000056,6.497517593632848,0.0,0.0
128,0.2899441843985005,damping=0.1,0.9176878857178326,40.592185815790074,0.3904580842482855,6.129249854868439,0.1,0.1,0.12,42,0,1,240,28.80000000000006,6.225230205097102,0.0,0.0
128,0.28734904783908194,damping=0.1,0.9291631474933421,40.228866697471474,0.3904457120287317,5.3379997950456115,0.1,0.1,0.12,42,0,1,245,29.400000000000066,6.19886970293231,0.0,0.0
128,0.284687021142247,damping=0.1,0.9397488028745747,39.85618295991458,0.36199550353911913,4.580786717630628,0.1,0.1,0.12,42,0,1,250,30.00000000000007,5.903254589922622,0.0,0.0
129,0.28289035180983957,damping=0.1,0.9498514468355137,39.60464925337754,0.35689079021162984,3.855672369577215,0.1,0.1,0.12,42,0,1,255,30.600000000000076,5.812244176110216,0.0,0.0
128,0.28129671893843977,damping=0.1,0.9589082182961562,39.38154065138157,0.3259354061943611,3.1720538432788605,0.1,0.1,0.12,42,0,1,260,31.20000000000008,5.4485757077117185,0.0,0.0
128,0.2796886770495157,damping=0.1,0.9668186296939613,39.1564147869322,0.31449562935795666,2.529583562986624,0.1,0.1,0.12,42,0,1,265,31.800000000000086,5.262591972183548,0.0,0.0
128,0.2780728164149832,damping=0.1,0.9734400681208065,38.93019429809765,0.28000064398089425,1.9384466539827543,0.1,0.1,0.12,42,0,1,270,32.40000000000008,4.849298949155283,0.0,0.0
129,0.2757620904629126,damping=0.1,0.9785969185249734,38.60669266480777,0.2596408967565361,1.4013632924803356,0.1,0.1,0.12,42,0,1,275,33.000000000000064,4.574647658898141,0.0,0.0
129,0.2732941383503778,damping=0.1,0.9823209438992851,38.26117936905289,0.21937350857922797,0.9306201041711157,0.1,0.1,0.12,42,0,1,280,33.60000000000005,4.100614895901277,0.0,0.0
129,0.2708157008046634,damping=0.1,0.9846112702398292,37.914198112652876,0.1851124883988258,0.6974638142242794,0.1,0.1,0.12,42,0,132,285,34.20000000000004,3.7017625265281975,0.0,0.0
129,0.26903047275799463,damping=0.1,0.9855812624126117,37.66426618611925,0.13472676250653912,0.6543036815475677,0.1,0.1,0.12,42,0,132,290,34.800000000000026,3.1079665395175162,0.0,0.0
128,0.26741149874840153,damping=0.1,0.9852149312453462,37.43760982477622,0.08005203045590474,0.6026942142525364,0.1,0.1,0.12,42,0,132,295,35.40000000000001,2.4922564959106275,0.0,0.0
128,0.26617839154646067,damping=0.1,0.9852570647166209,37.26497481650449,0.029122236146467,0.543249615198379,0.1,0.1,0.12,42,0,132,300,36.0,1.8342448158528584,0.0,0.0
1,0.356382049980474,damping=0.1,0.009622401938186686,49.893486997266365,0.209170418631633,49.62225116423407,0.1,0.1,0.12,42,1,1,5,0.6,1.6932311760083925,0.0,0.0
3,0.3559362595330899,damping=0.1,0.027957413680499733,49.831076334632584,0.29876194903101033,49.019335116540205,0.1,0.1,0.12,42,1,1,10,1.2000000000000002,3.171288291555243,0.0,0.0
4,0.3554909411639949,damping=0.1,0.051234807168808696,49.768731762959284,0.36225847854391463,48.26969328188224,0.1,0.1,0.12,42,1,1,15,1.8000000000000007,4.516405220235676,0.0,0.0
4,0.3550167323294615,damping=0.1,0.0757204345422535,49.70234252612461,0.377584068766175,47.44728132517909,0.1,0.1,0.12,42,1,1,20,2.4000000000000012,4.950961304527473,0.0,0.0
4,0.3545141177730841,damping=0.1,0.10050278370000282,49.63197648823178,0.41112483913469045,46.57908236811179,0.1,0.1,0.12,42,1,1,25,3.0000000000000018,5.393204591744085,0.0,0.0
4,0.3537137662109083,damping=0.1,0.1239548258493082,49.51992726952716,0.4063358782962008,45.68971888554318,0.1,0.1,0.12,42,1,1,30,3.6000000000000023,5.562898680169832,0.0,0.0
5,0.352603173821155,damping=0.1,0.14628102415672498,49.3644443349617,0.42942063025704,44.78158632800883,0.1,0.1,0.12,42,1,1,35,4.200000000000003,5.988874696268289,0.0,0.0
5,0.35133111003255435,damping=0.1,0.16783703111251488,49.18635540455761,0.41906369120148146,43.86639907692695,0.1,0.1,0.12,42,1,1,40,4.800000000000003,6.034440823981475,0.0,0.0
5,0.35041524838545135,damping=0.1,0.1909381796618159,49.05813477396319,0.4397464633200525,42.93966429367885,0.1,0.1,0.12,42,1,1,45,5.400000000000004,6.288341335701538,0.0,0.0
5,0.34978051337079236,damping=0.1,0.21478423197062163,48.96927187191093,0.42738032587049546,42.009880717461584,0.1,0.1,0.12,42,1,1,50,6.000000000000004,6.209711170069822,0.0,0.0
9,0.34911505208428734,damping=0.1,0.23835408009033587,48.876107291800224,0.44702742898631564,41.070957687546034,0.1,0.1,0.12,42,1,1,55,6.600000000000005,6.448231262083314,0.0,0.0
13,0.3484237634110825,damping=0.1,0.26149170539908256,48.77932687755155,0.43372853221520524,40.13065531282573,0.1,0.1,0.12,42,1,1,60,7.2000000000000055,6.387415274094307,0.0,0.0
18,0.3472575315128148,damping=0.1,0.2829580152068377,48.616054411794074,0.45317777991968017,39.18221574288482,0.1,0.1,0.12,42,1,1,65,7.800000000000006,6.593910391288162,0.0,0.0
21,0.34569396463806207,damping=0.1,0.3029479572677256,48.39715504932869,0.43933446570599016,38.233183755653386,0.1,0.1,0.12,42,1,1,70,8.400000000000004,6.514636298148973,0.0,0.0
28,0.3439782514698003,damping=0.1,0.32257634468302604,48.15695520577204,0.4586320783120192,37.2765870764931,0.1,0.1,0.12,42,1,1,75,9.0,6.749953159517441,0.0,0.0
36,0.34277427808760813,damping=0.1,0.3437504273796515,47.988398932265135,0.44433657877200383,36.31997174660168,0.1,0.1,0.12,42,1,1,80,9.599999999999996,6.688399334492812,0.0,0.0
43,0.3419506875479941,damping=0.1,0.3660546826442599,47.87309625671918,0.46354308792890586,35.35623978015179,0.1,0.1,0.12,42,1,1,85,10.199999999999992,6.865536307894122,0.0,0.0
59,0.3410976914715061,damping=0.1,0.38797001717204127,47.75367680601085,0.44876437680574083,34.39306681840562,0.1,0.1,0.12,42,1,1,90,10.799999999999988,6.748866938726375,0.0,0.0
79,0.34021898922197685,damping=0.1,0.40973525212715306,47.63065849107676,0.4677244973602911,33.42339071412,0.1,0.1,0.12,42,1,1,95,11.399999999999984,6.93869868317758,0.0,0.0
89,0.3387765186742832,damping=0.1,0.42977342628740256,47.42871261439965,0.452467215185232,32.454994651095326,0.1,0.1,0.12,42,1,1,100,11.99999999999998,6.817529004108676,0.0,0.0
97,0.3368854658358609,damping=0.1,0.4487227048146325,47.163965217020525,0.471240555927954,31.480731622210985,0.1,0.1,0.12,42,1,1,105,12.599999999999977,7.015559529311654,0.0,0.0
98,0.334864118252693,damping=0.1,0.4672734678127952,46.880976555377025,0.4556015536372196,30.508389355731055,0.1,0.1,0.12,42,1,1,110,13.199999999999973,6.914389312852962,0.0,0.0
98,0.333429970485479,damping=0.1,0.4873942187250193,46.68019586796706,0.4741902448341351,29.53074810108272,0.1,0.1,0.12,42,1,1,115,13.799999999999969,7.121358652046718,0.0,0.0
106,0.3324239019240788,damping=0.1,0.5083082987042382,46.53934626937103,0.4581351551655844,28.555672305989066,0.1,0.1,0.12,42,1,1,120,14.399999999999965,6.975026719254386,0.0,0.0
106,0.33138784072686717,damping=0.1,0.529059052791853,46.3942977017614,0.4763708540384002,27.576003148609995,0.1,0.1,0.12,42,1,1,125,14.999999999999961,7.137579830216486,0.0,0.0
107,0.3303274764237616,damping=0.1,0.5494732653296499,46.24584669932662,0.45981114124236544,26.59974240247948,0.1,0.1,0.12,42,1,1,130,15.599999999999957,6.996909636204535,0.0,0.0
110,0.3286513833741722,damping=0.1,0.5685744401169139,46.01119367238411,0.47764328490581287,25.619748434843693,0.1,0.1,0.12,42,1,1,135,16.199999999999957,7.159196204970658,0.0,0.0
114,0.3265137165083655,damping=0.1,0.5866001974118827,45.71192031117118,0.46066699378412024,24.644022818383128,0.1,0.1,0.12,42,1,1,140,16.79999999999996,7.024618575543133,0.0,0.0
115,0.3242515836254445,damping=0.1,0.6044653277235565,45.39522170756223,0.47811927904479146,23.665392210891824,0.1,0.1,0.12,42,1,1,145,17.399999999999967,7.20964763008358,0.0,0.0
117,0.32262028702475,damping=0.1,0.623386760208328,45.166840183465,0.46075954593988805,22.691857387798937,0.1,0.1,0.12,42,1,1,150,17.99999999999997,7.08355881610299,0.0,0.0
120,0.3214379122427612,damping=0.1,0.6430315567034098,45.00130771398657,0.4777196782548945,21.716300528801202,0.1,0.1,0.12,42,1,1,155,18.599999999999977,7.22379626082994,0.0,0.0
125,0.3202282740742804,damping=0.1,0.6622954632210641,44.831958370399256,0.45985499117180245,20.746829660635626,0.1,0.1,0.12,42,1,1,160,19.19999999999998,7.053313231556859,0.0,0.0
127,0.31899507988029496,damping=0.1,0.6813612906784059,44.65931118324129,0.4761134309671884,19.776483870739415,0.1,0.1,0.12,42,1,1,165,19.799999999999986,7.193382631388141,0.0,0.0
127,0.3169087587570538,damping=0.1,0.6988419740549191,44.36722622598754,0.4577407134647708,18.813409726754127,0.1,0.1,0.12,42,1,1,170,20.39999999999999,7.024857836495718,0.0,0.0
127,0.3145505506553749,damping=0.1,0.7158842084717888,44.03707709175249,0.4732869977069388,17.85070904242793,0.1,0.1,0.12,42,1,1,175,20.999999999999996,7.176819230741753,0.0,0.0
127,0.31208038154748957,damping=0.1,0.7325724392706486,43.69125341664854,0.45447125746803185,16.89648657658082,0.1,0.1,0.12,42,1,1,180,21.6,7.024501840361833,0.0,0.0
127,0.3102680839874048,damping=0.1,0.7500869590449516,43.43753175823667,0.46920771599708183,15.94395682183074,0.1,0.1,0.12,42,1,1,185,22.200000000000006,7.172255451935021,0.0,0.0
128,0.3089246641251481,damping=0.1,0.7678266837976103,43.24945297752073,0.44985324625728396,15.001268805837983,0.1,0.1,0.12,42,1,1,190,22.80000000000001,6.978476818946031,0.0,0.0
128,0.3075545409541081,damping=0.1,0.7852484288586679,43.05763573357513,0.46347863358154534,14.06191235975384,0.1,0.1,0.12,42,1,1,195,23.400000000000016,7.076655775509665,0.0,0.0
128,0.30616396973236276,damping=0.1,0.8021822413578776,42.86295576253079,0.44343568315344495,13.134138483324962,0.1,0.1,0.12,42,1,1,200,24.00000000000002,6.877574334578358,0.0,0.0
128,0.3039073419054125,damping=0.1,0.8179522116384099,42.54702786675775,0.4557384352691472,12.21171777482286,0.1,0.1,0.12,42,1,1,205,24.600000000000026,6.971953196768715,0.0,0.0
128,0.30139276780555857,damping=0.1,0.8330914790209667,42.1949874927782,0.43501364191262054,11.302887799833229,0.1,0.1,0.12,42,1,1,210,25.20000000000003,6.780831475769538,0.0,0.0
128,0.29877609799418076,damping=0.1,0.8478995101929734,41.828653719185304,0.44580782571980504,10.401716227106514,0.1,0.1,0.12,42,1,1,215,25.800000000000036,6.881320564861518,0.0,0.0
128,0.29682490489356317,damping=0.1,0.8628417779061927,41.55548668509884,0.42429680088850563,9.516467003608584,0.1,0.1,0.12,42,1,1,220,26.40000000000004,6.685250371942844,0.0,0.0
128,0.2953380704751519,damping=0.1,0.877698664916906,41.34732986652127,0.4331394632316903,8.641710942129452,0.1,0.1,0.12,42,1,1,225,27.000000000000046,6.729680731721567,0.0,0.0
128,0.2938301243913819,damping=0.1,0.8918588684044382,41.136217414793464,0.41052247913900647,7.785900373162526,0.1,0.1,0.12,42,1,1,230,27.60000000000005,6.483289417632945,0.0,0.0
128,0.29230468720697544,damping=0.1,0.9053999541358533,40.92265620897656,0.41623567138008954,6.944695266700805,0.1,0.1,0.12,42,1,1,235,28.200000000000056,6.497517593632848,0.0,0.0
128,0.2899441843985005,damping=0.1,0.9176878857178326,40.592185815790074,0.3904580842482855,6.129249854868439,0.1,0.1,0.12,42,1,1,240,28.80000000000006,6.225230205097102,0.0,0.0
128,0.28734904783908194,damping=0.1,0.9291631474933421,40.228866697471474,0.3904457120287317,5.3379997950456115,0.1,0.1,0.12,42,1,1,245,29.400000000000066,6.19886970293231,0.0,0.0
128,0.284687021142247,damping=0.1,0.9397488028745747,39.85618295991458,0.36199550353911913,4.580786717630628,0.1,0.1,0.12,42,1,1,250,30.00000000000007,5.903254589922622,0.0,0.0
129,0.28289035180983957,damping=0.1,0.9498514468355137,39.60464925337754,0.35689079021162984,3.855672369577215,0.1,0.1,0.12,42,1,1,255,30.600000000000076,5.812244176110216,0.0,0.0
128,0.28129671893843977,damping=0.1,0.9589082182961562,39.38154065138157,0.3259354061943611,3.1720538432788605,0.1,0.1,0.12,42,1,1,260,31.20000000000008,5.4485757077117185,0.0,0.0
128,0.2796886770495157,damping=0.1,0.9668186296939613,39.1564147869322,0.31449562935795666,2.529583562986624,0.1,0.1,0.12,42,1,1,265,31.800000000000086,5.262591972183548,0.0,0.0
128,0.2780728164149832,damping=0.1,0.9734400681208065,38.93019429809765,0.28000064398089425,1.9384466539827543,0.1,0.1,0.12,42,1,1,270,32.40000000000008,4.849298949155283,0.0,0.0
129,0.2757620904629126,damping=0.1,0.9785969185249734,38.60669266480777,0.2596408967565361,1.4013632924803356,0.1,0.1,0.12,42,1,1,275,33.000000000000064,4.574647658898141,0.0,0.0
129,0.2732941383503778,damping=0.1,0.9823209438992851,38.26117936905289,0.21937350857922797,0.9306201041711157,0.1,0.1,0.12,42,1,1,280,33.60000000000005,4.100614895901277,0.0,0.0
129,0.2708157008046634,damping=0.1,0.9846112702398292,37.914198112652876,0.1851124883988258,0.6974638142242794,0.1,0.1,0.12,42,1,132,285,34.20000000000004,3.7017625265281975,0.0,0.0
129,0.26903047275799463,damping=0.1,0.9855812624126117,37.66426618611925,0.13472676250653912,0.6543036815475677,0.1,0.1,0.12,42,1,132,290,34.800000000000026,3.1079665395175162,0.0,0.0
128,0.26741149874840153,damping=0.1,0.9852149312453462,37.43760982477622,0.08005203045590474,0.6026942142525364,0.1,0.1,0.12,42,1,132,295,35.40000000000001,2.4922564959106275,0.0,0.0
128,0.26617839154646067,damping=0.1,0.9852570647166209,37.26497481650449,0.029122236146467,0.543249615198379,0.1,0.1,0.12,42,1,132,300,36.0,1.8342448158528584,0.0,0.0
1,0.356382049980474,damping=0.1,0.009622401938186686,49.893486997266365,0.209170418631633,49.62225116423407,0.1,0.1,0.12,42,2,1,5,0.6,1.6932311760083925,0.0,0.0
3,0.3559362595330899,damping=0.1,0.027957413680499733,49.831076334632584,0.29876194903101033,49.019335116540205,0.1,0.1,0.12,42,2,1,10,1.2000000000000002,3.171288291555243,0.0,0.0
4,0.3554909411639949,damping=0.1,0.051234807168808696,49.768731762959284,0.36225847854391463,48.26969328188224,0.1,0.1,0.12,42,2,1,15,1.8000000000000007,4.516405220235676,0.0,0.0
4,0.3550167323294615,damping=0.1,0.0757204345422535,49.70234252612461,0.377584068766175,47.44728132517909,0.1,0.1,0.12,42,2,1,20,2.4000000000000012,4.950961304527473,0.0,0.0
4,0.3545141177730841,damping=0.1,0.10050278370000282,49.63197648823178,0.41112483913469045,46.57908236811179,0.1,0.1,0.12,42,2,1,25,3.0000000000000018,5.393204591744085,0.0,0.0
4,0.3537137662109083,damping=0.1,0.1239548258493082,49.51992726952716,0.4063358782962008,45.68971888554318,0.1,0.1,0.12,42,2,1,30,3.6000000000000023,5.562898680169832,0.0,0.0
5,0.352603173821155,damping=0.1,0.14628102415672498,49.3644443349617,0.42942063025704,44.78158632800883,0.1,0.1,0.12,42,2,1,35,4.200000000000003,5.988874696268289,0.0,0.0
5,0.35133111003255435,damping=0.1,0.16783703111251488,49.18635540455761,0.41906369120148146,43.86639907692695,0.1,0.1,0.12,42,2,1,40,4.800000000000003,6.034440823981475,0.0,0.0
5,0.35041524838545135,damping=0.1,0.1909381796618159,49.05813477396319,0.4397464633200525,42.93966429367885,0.1,0.1,0.12,42,2,1,45,5.400000000000004,6.288341335701538,0.0,0.0
5,0.34978051337079236,damping=0.1,0.21478423197062163,48.96927187191093,0.42738032587049546,42.009880717461584,0.1,0.1,0.12,42,2,1,50,6.000000000000004,6.209711170069822,0.0,0.0
9,0.34911505208428734,damping=0.1,0.23835408009033587,48.876107291800224,0.44702742898631564,41.070957687546034,0.1,0.1,0.12,42,2,1,55,6.600000000000005,6.448231262083314,0.0,0.0
13,0.3484237634110825,damping=0.1,0.26149170539908256,48.77932687755155,0.43372853221520524,40.13065531282573,0.1,0.1,0.12,42,2,1,60,7.2000000000000055,6.387415274094307,0.0,0.0
18,0.3472575315128148,damping=0.1,0.2829580152068377,48.616054411794074,0.45317777991968017,39.18221574288482,0.1,0.1,0.12,42,2,1,65,7.800000000000006,6.593910391288162,0.0,0.0
21,0.34569396463806207,damping=0.1,0.3029479572677256,48.39715504932869,0.43933446570599016,38.233183755653386,0.1,0.1,0.12,42,2,1,70,8.400000000000004,6.514636298148973,0.0,0.0
28,0.3439782514698003,damping=0.1,0.32257634468302604,48.15695520577204,0.4586320783120192,37.2765870764931,0.1,0.1,0.12,42,2,1,75,9.0,6.749953159517441,0.0,0.0
36,0.34277427808760813,damping=0.1,0.3437504273796515,47.988398932265135,0.44433657877200383,36.31997174660168,0.1,0.1,0.12,42,2,1,80,9.599999999999996,6.688399334492812,0.0,0.0
43,0.3419506875479941,damping=0.1,0.3660546826442599,47.87309625671918,0.46354308792890586,35.35623978015179,0.1,0.1,0.12,42,2,1,85,10.199999999999992,6.865536307894122,0.0,0.0
59,0.3410976914715061,damping=0.1,0.38797001717204127,47.75367680601085,0.44876437680574083,34.39306681840562,0.1,0.1,0.12,42,2,1,90,10.799999999999988,6.748866938726375,0.0,0.0
79,0.34021898922197685,damping=0.1,0.40973525212715306,47.63065849107676,0.4677244973602911,33.42339071412,0.1,0.1,0.12,42,2,1,95,11.399999999999984,6.93869868317758,0.0,0.0
89,0.3387765186742832,damping=0.1,0.42977342628740256,47.42871261439965,0.452467215185232,32.454994651095326,0.1,0.1,0.12,42,2,1,100,11.99999999999998,6.817529004108676,0.0,0.0
97,0.3368854658358609,damping=0.1,0.4487227048146325,47.163965217020525,0.471240555927954,31.480731622210985,0.1,0.1,0.12,42,2,1,105,12.599999999999977,7.015559529311654,0.0,0.0
98,0.334864118252693,damping=0.1,0.4672734678127952,46.880976555377025,0.4556015536372196,30.508389355731055,0.1,0.1,0.12,42,2,1,110,13.199999999999973,6.914389312852962,0.0,0.0
98,0.333429970485479,damping=0.1,0.4873942187250193,46.68019586796706,0.4741902448341351,29.53074810108272,0.1,0.1,0.12,42,2,1,115,13.799999999999969,7.121358652046718,0.0,0.0
106,0.3324239019240788,damping=0.1,0.5083082987042382,46.53934626937103,0.4581351551655844,28.555672305989066,0.1,0.1,0.12,42,2,1,120,14.399999999999965,6.975026719254386,0.0,0.0
106,0.33138784072686717,damping=0.1,0.529059052791853,46.3942977017614,0.4763708540384002,27.576003148609995,0.1,0.1,0.12,42,2,1,125,14.999999999999961,7.137579830216486,0.0,0.0
107,0.3303274764237616,damping=0.1,0.5494732653296499,46.24584669932662,0.45981114124236544,26.59974240247948,0.1,0.1,0.12,42,2,1,130,15.599999999999957,6.996909636204535,0.0,0.0
110,0.3286513833741722,damping=0.1,0.5685744401169139,46.01119367238411,0.47764328490581287,25.619748434843693,0.1,0.1,0.12,42,2,1,135,16.199999999999957,7.159196204970658,0.0,0.0
114,0.3265137165083655,damping=0.1,0.5866001974118827,45.71192031117118,0.46066699378412024,24.644022818383128,0.1,0.1,0.12,42,2,1,140,16.79999999999996,7.024618575543133,0.0,0.0
115,0.3242515836254445,damping=0.1,0.6044653277235565,45.39522170756223,0.47811927904479146,23.665392210891824,0.1,0.1,0.12,42,2,1,145,17.399999999999967,7.20964763008358,0.0,0.0
117,0.32262028702475,damping=0.1,0.623386760208328,45.166840183465,0.46075954593988805,22.691857387798937,0.1,0.1,0.12,42,2,1,150,17.99999999999997,7.08355881610299,0.0,0.0
120,0.3214379122427612,damping=0.1,0.6430315567034098,45.00130771398657,0.4777196782548945,21.716300528801202,0.1,0.1,0.12,42,2,1,155,18.599999999999977,7.22379626082994,0.0,0.0
125,0.3202282740742804,damping=0.1,0.6622954632210641,44.831958370399256,0.45985499117180245,20.746829660635626,0.1,0.1,0.12,42,2,1,160,19.19999999999998,7.053313231556859,0.0,0.0
127,0.31899507988029496,damping=0.1,0.6813612906784059,44.65931118324129,0.4761134309671884,19.776483870739415,0.1,0.1,0.12,42,2,1,165,19.799999999999986,7.193382631388141,0.0,0.0
127,0.3169087587570538,damping=0.1,0.6988419740549191,44.36722622598754,0.4577407134647708,18.813409726754127,0.1,0.1,0.12,42,2,1,170,20.39999999999999,7.024857836495718,0.0,0.0
127,0.3145505506553749,damping=0.1,0.7158842084717888,44.03707709175249,0.4732869977069388,17.85070904242793,0.1,0.1,0.12,42,2,1,175,20.999999999999996,7.176819230741753,0.0,0.0
127,0.31208038154748957,damping=0.1,0.7325724392706486,43.69125341664854,0.45447125746803185,16.89648657658082,0.1,0.1,0.12,42,2,1,180,21.6,7.024501840361833,0.0,0.0
127,0.3102680839874048,damping=0.1,0.7500869590449516,43.43753175823667,0.46920771599708183,15.94395682183074,0.1,0.1,0.12,42,2,1,185,22.200000000000006,7.172255451935021,0.0,0.0
128,0.3089246641251481,damping=0.1,0.7678266837976103,43.24945297752073,0.44985324625728396,15.001268805837983,0.1,0.1,0.12,42,2,1,190,22.80000000000001,6.978476818946031,0.0,0.0
128,0.3075545409541081,damping=0.1,0.7852484288586679,43.05763573357513,0.46347863358154534,14.06191235975384,0.1,0.1,0.12,42,2,1,195,23.400000000000016,7.076655775509665,0.0,0.0
128,0.30616396973236276,damping=0.1,0.8021822413578776,42.86295576253079,0.44343568315344495,13.134138483324962,0.1,0.1,0.12,42,2,1,200,24.00000000000002,6.877574334578358,0.0,0.0
128,0.3039073419054125,damping=0.1,0.8179522116384099,42.54702786675775,0.4557384352691472,12.21171777482286,0.1,0.1,0.12,42,2,1,205,24.600000000000026,6.971953196768715,0.0,0.0
128,0.30139276780555857,damping=0.1,0.8330914790209667,42.1949874927782,0.43501364191262054,11.302887799833229,0.1,0.1,0.12,42,2,1,210,25.20000000000003,6.780831475769538,0.0,0.0
128,0.29877609799418076,damping=0.1,0.8478995101929734,41.828653719185304,0.44580782571980504,10.401716227106514,0.1,0.1,0.12,42,2,1,215,25.800000000000036,6.881320564861518,0.0,0.0
128,0.29682490489356317,damping=0.1,0.8628417779061927,41.55548668509884,0.42429680088850563,9.516467003608584,0.1,0.1,0.12,42,2,1,220,26.40000000000004,6.685250371942844,0.0,0.0
128,0.2953380704751519,damping=0.1,0.877698664916906,41.34732986652127,0.4331394632316903,8.641710942129452,0.1,0.1,0.12,42,2,1,225,27.000000000000046,6.729680731721567,0.0,0.0
128,0.2938301243913819,damping=0.1,0.8918588684044382,41.136217414793464,0.41052247913900647,7.785900373162526,0.1,0.1,0.12,42,2,1,230,27.60000000000005,6.483289417632945,0.0,0.0
128,0.29230468720697544,damping=0.1,0.9053999541358533,40.92265620897656,0.41623567138008954,6.944695266700805,0.1,0.1,0.12,42,2,1,235,28.200000000000056,6.497517593632848,0.0,0.0
128,0.2899441843985005,damping=0.1,0.9176878857178326,40.592185815790074,0.3904580842482855,6.129249854868439,0.1,0.1,0.12,42,2,1,240,28.80000000000006,6.225230205097102,0.0,0.0
128,0.28734904783908194,damping=0.1,0.9291631474933421,40.228866697471474,0.3904457120287317,5.3379997950456115,0.1,0.1,0.12,42,2,1,245,29.400000000000066,6.19886970293231,0.0,0.0
128,0.284687021142247,damping=0.1,0.9397488028745747,39.85618295991458,0.36199550353911913,4.580786717630628,0.1,0.1,0.12,42,2,1,250,30.00000000000007,5.903254589922622,0.0,0.0
129,0.28289035180983957,damping=0.1,0.9498514468355137,39.60464925337754,0.35689079021162984,3.855672369577215,0.1,0.1,0.12,42,2,1,255,30.600000000000076,5.812244176110216,0.0,0.0
128,0.28129671893843977,damping=0.1,0.9589082182961562,39.38154065138157,0.3259354061943611,3.1720538432788605,0.1,0.1,0.12,42,2,1,260,31.20000000000008,5.4485757077117185,0.0,0.0
128,0.2796886770495157,damping=0.1,0.9668186296939613,39.1564147869322,0.31449562935795666,2.529583562986624,0.1,0.1,0.12,42,2,1,265,31.800000000000086,5.262591972183548,0.0,0.0
128,0.2780728164149832,damping=0.1,0.9734400681208065,38.93019429809765,0.28000064398089425,1.9384466539827543,0.1,0.1,0.12,42,2,1,270,32.40000000000008,4.849298949155283,0.0,0.0
129,0.2757620904629126,damping=0.1,0.9785969185249734,38.60669266480777,0.2596408967565361,1.4013632924803356,0.1,0.1,0.12,42,2,1,275,33.000000000000064,4.574647658898141,0.0,0.0
129,0.2732941383503778,damping=0.1,0.9823209438992851,38.26117936905289,0.21937350857922797,0.9306201041711157,0.1,0.1,0.12,42,2,1,280,33.60000000000005,4.100614895901277,0.0,0.0
129,0.2708157008046634,damping=0.1,0.9846112702398292,37.914198112652876,0.1851124883988258,0.6974638142242794,0.1,0.1,0.12,42,2,132,285,34.20000000000004,3.7017625265281975,0.0,0.0
129,0.26903047275799463,damping=0.1,0.9855812624126117,37.66426618611925,0.13472676250653912,0.6543036815475677,0.1,0.1,0.12,42,2,132,290,34.800000000000026,3.1079665395175162,0.0,0.0
128,0.26741149874840153,damping=0.1,0.9852149312453462,37.43760982477622,0.08005203045590474,0.6026942142525364,0.1,0.1,0.12,42,2,132,295,35.40000000000001,2.4922564959106275,0.0,0.0
128,0.26617839154646067,damping=0.1,0.9852570647166209,37.26497481650449,0.029122236146467,0.543249615198379,0.1,0.1,0.12,42,2,132,300,36.0,1.8342448158528584,0.0,0.0
1,0.356382049980474,damping=0.1,0.009622401938186686,49.893486997266365,0.209170418631633,49.62225116423407,0.1,0.1,0.12,42,3,1,5,0.6,1.6932311760083925,0.0,0.0
3,0.3559362595330899,damping=0.1,0.027957413680499733,49.831076334632584,0.29876194903101033,49.019335116540205,0.1,0.1,0.12,42,3,1,10,1.2000000000000002,3.171288291555243,0.0,0.0
4,0.3554909411639949,damping=0.1,0.051234807168808696,49.768731762959284,0.36225847854391463,48.26969328188224,0.1,0.1,0.12,42,3,1,15,1.8000000000000007,4.516405220235676,0.0,0.0
4,0.3550167323294615,damping=0.1,0.0757204345422535,49.70234252612461,0.377584068766175,47.44728132517909,0.1,0.1,0.12,42,3,1,20,2.4000000000000012,4.950961304527473,0.0,0.0
4,0.3545141177730841,damping=0.1,0.10050278370000282,49.63197648823178,0.41112483913469045,46.57908236811179,0.1,0.1,0.12,42,3,1,25,3.0000000000000018,5.393204591744085,0.0,0.0
4,0.3537137662109083,damping=0.1,0.1239548258493082,49.51992726952716,0.4063358782962008,45.68971888554318,0.1,0.1,0.12,42,3,1,30,3.6000000000000023,5.562898680169832,0.0,0.0
5,0.352603173821155,damping=0.1,0.14628102415672498,49.3644443349617,0.42942063025704,44.78158632800883,0.1,0.1,0.12,42,3,1,35,4.200000000000003,5.988874696268289,0.0,0.0
5,0.35133111003255435,damping=0.1,0.16783703111251488,49.18635540455761,0.41906369120148146,43.86639907692695,0.1,0.1,0.12,42,3,1,40,4.800000000000003,6.034440823981475,0.0,0.0
5,0.35041524838545135,damping=0.1,0.1909381796618159,49.05813477396319,0.4397464633200525,42.93966429367885,0.1,0.1,0.12,42,3,1,45,5.400000000000004,6.288341335701538,0.0,0.0
5,0.34978051337079236,damping=0.1,0.21478423197062163,48.96927187191093,0.42738032587049546,42.009880717461584,0.1,0.1,0.12,42,3,1,50,6.000000000000004,6.209711170069822,0.0,0.0
9,0.34911505208428734,damping=0.1,0.23835408009033587,48.876107291800224,0.44702742898631564,41.070957687546034,0.1,0.1,0.12,42,3,1,55,6.600000000000005,6.448231262083314,0.0,0.0
13,0.3484237634110825,damping=0.1,0.26149170539908256,48.77932687755155,0.43372853221520524,40.13065531282573,0.1,0.1,0.12,42,3,1,60,7.2000000000000055,6.387415274094307,0.0,0.0
18,0.3472575315128148,damping=0.1,0.2829580152068377,48.616054411794074,0.45317777991968017,39.18221574288482,0.1,0.1,0.12,42,3,1,65,7.800000000000006,6.593910391288162,0.0,0.0
21,0.34569396463806207,damping=0.1,0.3029479572677256,48.39715504932869,0.43933446570599016,38.233183755653386,0.1,0.1,0.12,42,3,1,70,8.400000000000004,6.514636298148973,0.0,0.0
28,0.3439782514698003,damping=0.1,0.32257634468302604,48.15695520577204,0.4586320783120192,37.2765870764931,0.1,0.1,0.12,42,3,1,75,9.0,6.749953159517441,0.0,0.0
36,0.34277427808760813,damping=0.1,0.3437504273796515,47.988398932265135,0.44433657877200383,36.31997174660168,0.1,0.1,0.12,42,3,1,80,9.599999999999996,6.688399334492812,0.0,0.0
43,0.3419506875479941,damping=0.1,0.3660546826442599,47.87309625671918,0.46354308792890586,35.35623978015179,0.1,0.1,0.12,42,3,1,85,10.199999999999992,6.865536307894122,0.0,0.0
59,0.3410976914715061,damping=0.1,0.38797001717204127,47.75367680601085,0.44876437680574083,34.39306681840562,0.1,0.1,0.12,42,3,1,90,10.799999999999988,6.748866938726375,0.0,0.0
79,0.34021898922197685,damping=0.1,0.40973525212715306,47.63065849107676,0.4677244973602911,33.42339071412,0.1,0.1,0.12,42,3,1,95,11.399999999999984,6.93869868317758,0.0,0.0
89,0.3387765186742832,damping=0.1,0.42977342628740256,47.42871261439965,0.452467215185232,32.454994651095326,0.1,0.1,0.12,42,3,1,100,11.99999999999998,6.817529004108676,0.0,0.0
97,0.3368854658358609,damping=0.1,0.4487227048146325,47.163965217020525,0.471240555927954,31.480731622210985,0.1,0.1,0.12,42,3,1,105,12.599999999999977,7.015559529311654,0.0,0.0
98,0.334864118252693,damping=0.1,0.4672734678127952,46.880976555377025,0.4556015536372196,30.508389355731055,0.1,0.1,0.12,42,3,1,110,13.199999999999973,6.914389312852962,0.0,0.0
98,0.333429970485479,damping=0.1,0.4873942187250193,46.68019586796706,0.4741902448341351,29.53074810108272,0.1,0.1,0.12,42,3,1,115,13.799999999999969,7.121358652046718,0.0,0.0
106,0.3324239019240788,damping=0.1,0.5083082987042382,46.53934626937103,0.4581351551655844,28.555672305989066,0.1,0.1,0.12,42,3,1,120,14.399999999999965,6.975026719254386,0.0,0.0
106,0.33138784072686717,damping=0.1,0.529059052791853,46.3942977017614,0.4763708540384002,27.576003148609995,0.1,0.1,0.12,42,3,1,125,14.999999999999961,7.137579830216486,0.0,0.0
107,0.3303274764237616,damping=0.1,0.5494732653296499,46.24584669932662,0.45981114124236544,26.59974240247948,0.1,0.1,0.12,42,3,1,130,15.599999999999957,6.996909636204535,0.0,0.0
110,0.3286513833741722,damping=0.1,0.5685744401169139,46.01119367238411,0.47764328490581287,25.619748434843693,0.1,0.1,0.12,42,3,1,135,16.199999999999957,7.159196204970658,0.0,0.0
114,0.3265137165083655,damping=0.1,0.5866001974118827,45.71192031117118,0.46066699378412024,24.644022818383128,0.1,0.1,0.12,42,3,1,140,16.79999999999996,7.024618575543133,0.0,0.0
115,0.3242515836254445,damping=0.1,0.6044653277235565,45.39522170756223,0.47811927904479146,23.665392210891824,0.1,0.1,0.12,42,3,1,145,17.399999999999967,7.20964763008358,0.0,0.0
117,0.32262028702475,damping=0.1,0.623386760208328,45.166840183465,0.46075954593988805,22.691857387798937,0.1,0.1,0.12,42,3,1,150,17.99999999999997,7.08355881610299,0.0,0.0
120,0.3214379122427612,damping=0.1,0.6430315567034098,45.00130771398657,0.4777196782548945,21.716300528801202,0.1,0.1,0.12,42,3,1,155,18.599999999999977,7.22379626082994,0.0,0.0
125,0.3202282740742804,damping=0.1,0.6622954632210641,44.831958370399256,0.45985499117180245,20.746829660635626,0.1,0.1,0.12,42,3,1,160,19.19999999999998,7.053313231556859,0.0,0.0
127,0.31899507988029496,damping=0.1,0.6813612906784059,44.65931118324129,0.4761134309671884,19.776483870739415,0.1,0.1,0.12,42,3,1,165,19.799999999999986,7.193382631388141,0.0,0.0
127,0.3169087587570538,damping=0.1,0.6988419740549191,44.36722622598754,0.4577407134647708,18.813409726754127,0.1,0.1,0.12,42,3,1,170,20.39999999999999,7.024857836495718,0.0,0.0
127,0.3145505506553749,damping=0.1,0.7158842084717888,44.03707709175249,0.4732869977069388,17.85070904242793,0.1,0.1,0.12,42,3,1,175,20.999999999999996,7.176819230741753,0.0,0.0
127,0.31208038154748957,damping=0.1,0.7325724392706486,43.69125341664854,0.45447125746803185,16.89648657658082,0.1,0.1,0.12,42,3,1,180,21.6,7.024501840361833,0.0,0.0
127,0.3102680839874048,damping=0.1,0.7500869590449516,43.43753175823667,0.46920771599708183,15.94395682183074,0.1,0.1,0.12,42,3,1,185,22.200000000000006,7.172255451935021,0.0,0.0
128,0.3089246641251481,damping=0.1,0.7678266837976103,43.24945297752073,0.44985324625728396,15.001268805837983,0.1,0.1,0.12,42,3,1,190,22.80000000000001,6.978476818946031,0.0,0.0
128,0.3075545409541081,damping=0.1,0.7852484288586679,43.05763573357513,0.46347863358154534,14.06191235975384,0.1,0.1,0.12,42,3,1,195,23.400000000000016,7.076655775509665,0.0,0.0
128,0.30616396973236276,damping=0.1,0.8021822413578776,42.86295576253079,0.44343568315344495,13.134138483324962,0.1,0.1,0.12,42,3,1,200,24.00000000000002,6.877574334578358,0.0,0.0
128,0.3039073419054125,damping=0.1,0.8179522116384099,42.54702786675775,0.4557384352691472,12.21171777482286,0.1,0.1,0.12,42,3,1,205,24.600000000000026,6.971953196768715,0.0,0.0
128,0.30139276780555857,damping=0.1,0.8330914790209667,42.1949874927782,0.43501364191262054,11.302887799833229,0.1,0.1,0.12,42,3,1,210,25.20000000000003,6.780831475769538,0.0,0.0
128,0.29877609799418076,damping=0.1,0.8478995101929734,41.828653719185304,0.44580782571980504,10.401716227106514,0.1,0.1,0.12,42,3,1,215,25.800000000000036,6.881320564861518,0.0,0.0
128,0.29682490489356317,damping=0.1,0.8628417779061927,41.55548668509884,0.42429680088850563,9.516467003608584,0.1,0.1,0.12,42,3,1,220,26.40000000000004,6.685250371942844,0.0,0.0
128,0.2953380704751519,damping=0.1,0.877698664916906,41.34732986652127,0.4331394632316903,8.641710942129452,0.1,0.1,0.12,42,3,1,225,27.000000000000046,6.729680731721567,0.0,0.0
128,0.2938301243913819,damping=0.1,0.8918588684044382,41.136217414793464,0.41052247913900647,7.785900373162526,0.1,0.1,0.12,42,3,1,230,27.60000000000005,6.483289417632945,0.0,0.0
128,0.29230468720697544,damping=0.1,0.9053999541358533,40.92265620897656,0.41623567138008954,6.944695266700805,0.1,0.1,0.12,42,3,1,235,28.200000000000056,6.497517593632848,0.0,0.0
128,0.2899441843985005,damping=0.1,0.9176878857178326,40.592185815790074,0.3904580842482855,6.129249854868439,0.1,0.1,0.12,42,3,1,240,28.80000000000006,6.225230205097102,0.0,0.0
128,0.28734904783908194,damping=0.1,0.9291631474933421,40.228866697471474,0.3904457120287317,5.3379997950456115,0.1,0.1,0.12,42,3,1,245,29.400000000000066,6.19886970293231,0.0,0.0
128,0.284687021142247,damping=0.1,0.9397488028745747,39.85618295991458,0.36199550353911913,4.580786717630628,0.1,0.1,0.12,42,3,1,250,30.00000000000007,5.903254589922622,0.0,0.0
129,0.28289035180983957,damping=0.1,0.9498514468355137,39.60464925337754,0.35689079021162984,3.855672369577215,0.1,0.1,0.12,42,3,1,255,30.600000000000076,5.812244176110216,0.0,0.0
128,0.28129671893843977,damping=0.1,0.9589082182961562,39.38154065138157,0.3259354061943611,3.1720538432788605,0.1,0.1,0.12,42,3,1,260,31.20000000000008,5.4485757077117185,0.0,0.0
128,0.2796886770495157,damping=0.1,0.9668186296939613,39.1564147869322,0.31449562935795666,2.529583562986624,0.1,0.1,0.12,42,3,1,265,31.800000000000086,5.262591972183548,0.0,0.0
128,0.2780728164149832,damping=0.1,0.9734400681208065,38.93019429809765,0.28000064398089425,1.9384466539827543,0.1,0.1,0.12,42,3,1,270,32.40000000000008,4.849298949155283,0.0,0.0
129,0.2757620904629126,damping=0.1,0.9785969185249734,38.60669266480777,0.2596408967565361,1.4013632924803356,0.1,0.1,0.12,42,3,1,275,33.000000000000064,4.574647658898141,0.0,0.0
129,0.2732941383503778,damping=0.1,0.9823209438992851,38.26117936905289,0.21937350857922797,0.9306201041711157,0.1,0.1,0.12,42,3,1,280,33.60000000000005,4.100614895901277,0.0,0.0
129,0.2708157008046634,damping=0.1,0.9846112702398292,37.914198112652876,0.1851124883988258,0.6974638142242794,0.1,0.1,0.12,42,3,132,285,34.20000000000004,3.7017625265281975,0.0,0.0
129,0.26903047275799463,damping=0.1,0.9855812624126117,37.66426618611925,0.13472676250653912,0.6543036815475677,0.1,0.1,0.12,42,3,132,290,34.800000000000026,3.1079665395175162,0.0,0.0
128,0.26741149874840153,damping=0.1,0.9852149312453462,37.43760982477622,0.08005203045590474,0.6026942142525364,0.1,0.1,0.12,42,3,132,295,35.40000000000001,2.4922564959106275,0.0,0.0
128,0.26617839154646067,damping=0.1,0.9852570647166209,37.26497481650449,0.029122236146467,0.543249615198379,0.1,0.1,0.12,42,3,132,300,36.0,1.8342448158528584,0.0,0.0
1,0.356382049980474,damping=0.1,0.009622401938186686,49.893486997266365,0.209170418631633,49.62225116423407,0.1,0.1,0.12,42,4,1,5,0.6,1.6932311760083925,0.0,0.0
3,0.3559362595330899,damping=0.1,0.027957413680499733,49.831076334632584,0.29876194903101033,49.019335116540205,0.1,0.1,0.12,42,4,1,10,1.2000000000000002,3.171288291555243,0.0,0.0
4,0.3554909411639949,damping=0.1,0.051234807168808696,49.768731762959284,0.36225847854391463,48.26969328188224,0.1,0.1,0.12,42,4,1,15,1.8000000000000007,4.516405220235676,0.0,0.0
4,0.3550167323294615,damping=0.1,0.0757204345422535,49.70234252612461,0.377584068766175,47.44728132517909,0.1,0.1,0.12,42,4,1,20,2.4000000000000012,4.950961304527473,0.0,0.0
4,0.3545141177730841,damping=0.1,0.10050278370000282,49.63197648823178,0.41112483913469045,46.57908236811179,0.1,0.1,0.12,42,4,1,25,3.0000000000000018,5.393204591744085,0.0,0.0
4,0.3537137662109083,damping=0.1,0.1239548258493082,49.51992726952716,0.4063358782962008,45.68971888554318,0.1,0.1,0.12,42,4,1,30,3.6000000000000023,5.562898680169832,0.0,0.0
5,0.352603173821155,damping=0.1,0.14628102415672498,49.3644443349617,0.42942063025704,44.78158632800883,0.1,0.1,0.12,42,4,1,35,4.200000000000003,5.988874696268289,0.0,0.0
5,0.35133111003255435,damping=0.1,0.16783703111251488,49.18635540455761,0.41906369120148146,43.86639907692695,0.1,0.1,0.12,42,4,1,40,4.800000000000003,6.034440823981475,0.0,0.0
5,0.35041524838545135,damping=0.1,0.1909381796618159,49.05813477396319,0.4397464633200525,42.93966429367885,0.1,0.1,0.12,42,4,1,45,5.400000000000004,6.288341335701538,0.0,0.0
5,0.34978051337079236,damping=0.1,0.21478423197062163,48.96927187191093,0.42738032587049546,42.009880717461584,0.1,0.1,0.12,42,4,1,50,6.000000000000004,6.209711170069822,0.0,0.0
9,0.34911505208428734,damping=0.1,0.23835408009033587,48.876107291800224,0.44702742898631564,41.070957687546034,0.1,0.1,0.12,42,4,1,55,6.600000000000005,6.448231262083314,0.0,0.0
13,0.3484237634110825,damping=0.1,0.26149170539908256,48.77932687755155,0.43372853221520524,40.13065531282573,0.1,0.1,0.12,42,4,1,60,7.2000000000000055,6.387415274094307,0.0,0.0
18,0.3472575315128148,damping=0.1,0.2829580152068377,48.616054411794074,0.45317777991968017,39.18221574288482,0.1,0.1,0.12,42,4,1,65,7.800000000000006,6.593910391288162,0.0,0.0
21,0.34569396463806207,damping=0.1,0.3029479572677256,48.39715504932869,0.43933446570599016,38.233183755653386,0.1,0.1,0.12,42,4,1,70,8.400000000000004,6.514636298148973,0.0,0.0
28,0.3439782514698003,damping=0.1,0.32257634468302604,48.15695520577204,0.4586320783120192,37.2765870764931,0.1,0.1,0.12,42,4,1,75,9.0,6.749953159517441,0.0,0.0
36,0.34277427808760813,damping=0.1,0.3437504273796515,47.988398932265135,0.44433657877200383,36.31997174660168,0.1,0.1,0.12,42,4,1,80,9.599999999999996,6.688399334492812,0.0,0.0
43,0.3419506875479941,damping=0.1,0.3660546826442599,47.87309625671918,0.46354308792890586,35.35623978015179,0.1,0.1,0.12,42,4,1,85,10.199999999999992,6.865536307894122,0.0,0.0
59,0.3410976914715061,damping=0.1,0.38797001717204127,47.75367680601085,0.44876437680574083,34.39306681840562,0.1,0.1,0.12,42,4,1,90,10.799999999999988,6.748866938726375,0.0,0.0
79,0.34021898922197685,damping=0.1,0.40973525212715306,47.63065849107676,0.4677244973602911,33.42339071412,0.1,0.1,0.12,42,4,1,95,11.399999999999984,6.93869868317758,0.0,0.0
89,0.3387765186742832,damping=0.1,0.42977342628740256,47.42871261439965,0.452467215185232,32.454994651095326,0.1,0.1,0.12,42,4,1,100,11.99999999999998,6.817529004108676,0.0,0.0
97,0.3368854658358609,damping=0.1,0.4487227048146325,47.163965217020525,0.471240555927954,31.480731622210985,0.1,0.1,0.12,42,4,1,105,12.599999999999977,7.015559529311654,0.0,0.0
98,0.334864118252693,damping=0.1,0.4672734678127952,46.880976555377025,0.4556015536372196,30.508389355731055,0.1,0.1,0.12,42,4,1,110,13.199999999999973,6.914389312852962,0.0,0.0
98,0.333429970485479,damping=0.1,0.4873942187250193,46.68019586796706,0.4741902448341351,29.53074810108272,0.1,0.1,0.12,42,4,1,115,13.799999999999969,7.121358652046718,0.0,0.0
106,0.3324239019240788,damping=0.1,0.5083082987042382,46.53934626937103,0.4581351551655844,28.555672305989066,0.1,0.1,0.12,42,4,1,120,14.399999999999965,6.975026719254386,0.0,0.0
106,0.33138784072686717,damping=0.1,0.529059052791853,46.3942977017614,0.4763708540384002,27.576003148609995,0.1,0.1,0.12,42,4,1,125,14.999999999999961,7.137579830216486,0.0,0.0
107,0.3303274764237616,damping=0.1,0.5494732653296499,46.24584669932662,0.45981114124236544,26.59974240247948,0.1,0.1,0.12,42,4,1,130,15.599999999999957,6.996909636204535,0.0,0.0
110,0.3286513833741722,damping=0.1,0.5685744401169139,46.01119367238411,0.47764328490581287,25.619748434843693,0.1,0.1,0.12,42,4,1,135,16.199999999999957,7.159196204970658,0.0,0.0
114,0.3265137165083655,damping=0.1,0.5866001974118827,45.71192031117118,0.46066699378412024,24.644022818383128,0.1,0.1,0.12,42,4,1,140,16.79999999999996,7.024618575543133,0.0,0.0
115,0.3242515836254445,damping=0.1,0.6044653277235565,45.39522170756223,0.47811927904479146,23.665392210891824,0.1,0.1,0.12,42,4,1,145,17.399999999999967,7.20964763008358,0.0,0.0
117,0.32262028702475,damping=0.1,0.623386760208328,45.166840183465,0.46075954593988805,22.691857387798937,0.1,0.1,0.12,42,4,1,150,17.99999999999997,7.08355881610299,0.0,0.0
120,0.3214379122427612,damping=0.1,0.6430315567034098,45.00130771398657,0.4777196782548945,21.716300528801202,0.1,0.1,0.12,42,4,1,155,18.599999999999977,7.22379626082994,0.0,0.0
125,0.3202282740742804,damping=0.1,0.6622954632210641,44.831958370399256,0.45985499117180245,20.746829660635626,0.1,0.1,0.12,42,4,1,160,19.19999999999998,7.053313231556859,0.0,0.0
127,0.31899507988029496,damping=0.1,0.6813612906784059,44.65931118324129,0.4761134309671884,19.776483870739415,0.1,0.1,0.12,42,4,1,165,19.799999999999986,7.193382631388141,0.0,0.0
127,0.3169087587570538,damping=0.1,0.6988419740549191,44.36722622598754,0.4577407134647708,18.813409726754127,0.1,0.1,0.12,42,4,1,170,20.39999999999999,7.024857836495718,0.0,0.0
127,0.3145505506553749,damping=0.1,0.7158842084717888,44.03707709175249,0.4732869977069388,17.85070904242793,0.1,0.1,0.12,42,4,1,175,20.999999999999996,7.176819230741753,0.0,0.0
127,0.31208038154748957,damping=0.1,0.7325724392706486,43.69125341664854,0.45447125746803185,16.89648657658082,0.1,0.1,0.12,42,4,1,180,21.6,7.024501840361833,0.0,0.0
127,0.3102680839874048,damping=0.1,0.7500869590449516,43.43753175823667,0.46920771599708183,15.94395682183074,0.1,0.1,0.12,42,4,1,185,22.200000000000006,7.172255451935021,0.0,0.0
128,0.3089246641251481,damping=0.1,0.7678266837976103,43.24945297752073,0.44985324625728396,15.001268805837983,0.1,0.1,0.12,42,4,1,190,22.80000000000001,6.978476818946031,0.0,0.0
128,0.3075545409541081,damping=0.1,0.7852484288586679,43.05763573357513,0.46347863358154534,14.06191235975384,0.1,0.1,0.12,42,4,1,195,23.400000000000016,7.076655775509665,0.0,0.0
128,0.30616396973236276,damping=0.1,0.8021822413578776,42.86295576253079,0.44343568315344495,13.134138483324962,0.1,0.1,0.12,42,4,1,200,24.00000000000002,6.877574334578358,0.0,0.0
128,0.3039073419054125,damping=0.1,0.8179522116384099,42.54702786675775,0.4557384352691472,12.21171777482286,0.1,0.1,0.12,42,4,1,205,24.600000000000026,6.971953196768715,0.0,0.0
128,0.30139276780555857,damping=0.1,0.8330914790209667,42.1949874927782,0.43501364191262054,11.302887799833229,0.1,0.1,0.12,42,4,1,210,25.20000000000003,6.780831475769538,0.0,0.0
128,0.29877609799418076,damping=0.1,0.8478995101929734,41.828653719185304,0.44580782571980504,10.401716227106514,0.1,0.1,0.12,42,4,1,215,25.800000000000036,6.881320564861518,0.0,0.0
128,0.29682490489356317,damping=0.1,0.8628417779061927,41.55548668509884,0.42429680088850563,9.516467003608584,0.1,0.1,0.12,42,4,1,220,26.40000000000004,6.685250371942844,0.0,0.0
128,0.2953380704751519,damping=0.1,0.877698664916906,41.34732986652127,0.4331394632316903,8.641710942129452,0.1,0.1,0.12,42,4,1,225,27.000000000000046,6.729680731721567,0.0,0.0
128,0.2938301243913819,damping=0.1,0.8918588684044382,41.136217414793464,0.41052247913900647,7.785900373162526,0.1,0.1,0.12,42,4,1,230,27.60000000000005,6.483289417632945,0.0,0.0
128,0.29230468720697544,damping=0.1,0.9053999541358533,40.92265620897656,0.41623567138008954,6.944695266700805,0.1,0.1,0.12,42,4,1,235,28.200000000000056,6.497517593632848,0.0,0.0
128,0.2899441843985005,damping=0.1,0.9176878857178326,40.592185815790074,0.3904580842482855,6.129249854868439,0.1,0.1,0.12,42,4,1,240,28.80000000000006,6.225230205097102,0.0,0.0
128,0.28734904783908194,damping=0.1,0.9291631474933421,40.228866697471474,0.3904457120287317,5.3379997950456115,0.1,0.1,0.12,42,4,1,245,29.400000000000066,6.19886970293231,0.0,0.0
128,0.284687021142247,damping=0.1,0.9397488028745747,39.85618295991458,0.36199550353911913,4.580786717630628,0.1,0.1,0.12,42,4,1,250,30.00000000000007,5.903254589922622,0.0,0.0
129,0.28289035180983957,damping=0.1,0.9498514468355137,39.60464925337754,0.35689079021162984,3.855672369577215,0.1,0.1,0.12,42,4,1,255,30.600000000000076,5.812244176110216,0.0,0.0
128,0.28129671893843977,damping=0.1,0.9589082182961562,39.38154065138157,0.3259354061943611,3.1720538432788605,0.1,0.1,0.12,42,4,1,260,31.20000000000008,5.4485757077117185,0.0,0.0
128,0.2796886770495157,damping=0.1,0.9668186296939613,39.1564147869322,0.31449562935795666,2.529583562986624,0.1,0.1,0.12,42,4,1,265,31.800000000000086,5.262591972183548,0.0,0.0
128,0.2780728164149832,damping=0.1,0.9734400681208065,38.93019429809765,0.28000064398089425,1.9384466539827543,0.1,0.1,0.12,42,4,1,270,32.40000000000008,4.849298949155283,0.0,0.0
129,0.2757620904629126,damping=0.1,0.9785969185249734,38.60669266480777,0.2596408967565361,1.4013632924803356,0.1,0.1,0.12,42,4,1,275,33.000000000000064,4.574647658898141,0.0,0.0
129,0.2732941383503778,damping=0.1,0.9823209438992851,38.26117936905289,0.21937350857922797,0.9306201041711157,0.1,0.1,0.12,42,4,1,280,33.60000000000005,4.100614895901277,0.0,0.0
129,0.2708157008046634,damping=0.1,0.9846112702398292,37.914198112652876,0.1851124883988258,0.6974638142242794,0.1,0.1,0.12,42,4,132,285,34.20000000000004,3.7017625265281975,0.0,0.0
129,0.26903047275799463,damping=0.1,0.9855812624126117,37.66426618611925,0.13472676250653912,0.6543036815475677,0.1,0.1,0.12,42,4,132,290,34.800000000000026,3.1079665395175162,0.0,0.0
128,0.26741149874840153,damping=0.1,0.9852149312453462,37.43760982477622,0.08005203045590474,0.6026942142525364,0.1,0.1,0.12,42,4,132,295,35.40000000000001,2.4922564959106275,0.0,0.0
128,0.26617839154646067,damping=0.1,0.9852570647166209,37.26497481650449,0.029122236146467,0.543249615198379,0.1,0.1,0.12,42,4,132,300,36.0,1.8342448158528584,0.0,0.0
1,0.3560118519459918,damping=0.15,0.009617549612621226,49.84165927243885,0.20913738736037749,49.57085212185964,0.1,0.15,0.12,42,0,1,5,0.6,1.6926792135422672,0.0,0.0
3,0.35536438677886445,damping=0.15,0.027926356295183304,49.75101414904102,0.29868850745016295,48.941541149466886,0.1,0.15,0.12,42,0,1,10,1.2000000000000002,3.1687488493191602,0.0,0.0
4,0.35470686198946333,damping=0.15,0.05114676342710295,49.65896067852486,0.3621304926905403,48.16601423562912,0.1,0.15,0.12,42,0,1,15,1.8000000000000007,4.510849395109603,0.0,0.0
4,0.3540084212769809,damping=0.15,0.07554419548118774,49.56117897877733,0.37740852543354486,47.318279028759854,0.1,0.15,0.12,42,0,1,20,2.4000000000000012,4.943895663406118,0.0,0.0
4,0.35326880591307763,damping=0.15,0.10020842361437843,49.45763282783087,0.4108803535400195,46.42535495747242,0.1,0.15,0.12,42,0,1,25,3.0000000000000018,5.3845076002569785,0.0,0.0
4,0.3522195780634038,damping=0.15,0.12351317909111943,49.310740928876534,0.4060490520346369,45.51187523455974,0.1,0.15,0.12,42,0,1,30,3.6000000000000023,5.552097257096279,0.0,0.0
5,0.35084963719674267,damping=0.15,0.14566885786814793,49.11894920754397,0.42906339458461057,44.580251381509335,0.1,0.15,0.12,42,0,1,35,4.200000000000003,5.974981170678508,0.0,0.0
5,0.3493080302185731,damping=0.15,0.16703494622985843,48.903124230600234,0.41866492851549086,43.64219902347214,0.1,0.15,0.12,42,0,1,40,4.800000000000003,6.0185663468575,0.0,0.0
5,0.34810961633719867,damping=0.15,0.18993500852710768,48.73534628720781,0.43926738340347204,42.693242627263416,0.1,0.15,0.12,42,0,1,45,5.400000000000004,6.27038150857404,0.0,0.0
5,0.34717776819319496,damping=0.15,0.2135649500182279,48.6048875470473,0.4268630397771989,41.741876779741204,0.1,0.15,0.12,42,0,1,50,6.000000000000004,6.190237537738328,0.0,0.0
8,0.34620230644387273,damping=0.15,0.23690586577026684,48.468322902142184,0.44642664844878954,40.78202532868206,0.1,0.15,0.12,42,0,1,55,6.600000000000005,6.42623133393285,0.0,0.0
11,0.34518827259595747,damping=0.15,0.2598040078986135,48.326358163434044,0.4330931385858008,39.82143986397548,0.1,0.15,0.12,42,0,1,60,7.2000000000000055,6.363715584681495,0.0,0.0
17,0.3436911408769023,damping=0.15,0.28102039769855386,48.11675972276632,0.45245121872601907,38.8533796741106,0.1,0.15,0.12,42,0,1,65,7.800000000000006,6.568009689782671,0.0,0.0
21,0.3417898893468884,damping=0.15,0.30075262430716254,47.85058450856438,0.43857538183440653,37.88537951442942,0.1,0.15,0.12,42,0,1,70,8.400000000000004,6.48724876817991,0.0,0.0
27,0.33972824915654776,damping=0.15,0.32012290511635655,47.561954881916684,0.4577751740832016,36.91048627543858,0.1,0.15,0.12,42,0,1,75,9.0,6.719682750975203,0.0,0.0
34,0.33816351218173174,damping=0.15,0.3410538291702122,47.34289170544245,0.44344942352122624,35.93623423336025,0.1,0.15,0.12,42,0,1,80,9.599999999999996,6.65627576997294,0.0,0.0
40,0.3369632085640557,damping=0.15,0.3631286592831224,47.1748491989678,0.4625492448258332,34.955548060247125,0.1,0.15,0.12,42,0,1,85,10.199999999999992,6.830372355803633,0.0,0.0
54,0.3357216209410883,damping=0.15,0.3848192896838893,47.001026931752364,0.4477417637294882,33.97608998630048,0.1,0.15,0.12,42,0,1,90,10.799999999999988,6.71241978498133,0.0,0.0
76,0.33444260881464993,damping=0.15,0.40637084355764386,46.82196523405099,0.46658670221442244,32.99082245496987,0.1,0.15,0.12,42,0,1,95,11.399999999999984,6.899863687048033,0.0,0.0
85,0.33259640020022524,damping=0.15,0.42619242970657917,46.56349602803153,0.4513025248205881,32.00751240712767,0.1,0.15,0.12,42,0,1,100,11.99999999999998,6.777605117228306,0.0,0.0
92,0.3302984106906758,damping=0.15,0.4449295373562739,46.24177749669461,0.4699500420318035,31.019040541487378,0.1,0.15,0.12,42,0,1,105,12.599999999999977,6.972992629917345,0.0,0.0
98,0.3278630033363674,damping=0.15,0.46327860736166737,45.90082046709144,0.45428383929570015,30.033177332341193,0.1,0.15,0.12,42,0,1,110,13.199999999999973,6.870709987372052,0.0,0.0
98,0.3259980824710729,damping=0.15,0.4832437723934527,45.63973154595021,0.4727333264207217,29.042735036775102,0.1,0.15,0.12,42,0,1,115,13.799999999999969,7.074943625798992,0.0,0.0
101,0.32454438272389324,damping=0.15,0.5040377972171579,45.43621358134506,0.4566502008424887,28.0555592278184,0.1,0.15,0.12,42,0,1,120,14.399999999999965,6.927017871032269,0.0,0.0
106,0.32305002228034063,damping=0.15,0.5246924454656441,45.22700311924769,0.47473238261733985,27.064526608389077,0.1,0.15,0.12,42,0,1,125,14.999999999999961,7.087067028076444,0.0,0.0
106,0.32152087079169833,damping=0.15,0.5450326273151191,45.01292191083777,0.4581439093109523,26.077617514147832,0.1,0.15,0.12,42,0,1,130,15.599999999999957,6.945591978588345,0.0,0.0
107,0.31937692479123625,damping=0.15,0.564065519518251,44.712769470773075,0.4758058639063886,25.087730091335292,0.1,0.15,0.12,42,0,1,135,16.199999999999957,7.1051400764218196,0.0,0.0
110,0.3167712242010453,damping=0.15,0.5820300650153234,44.34797138814634,0.45879781462252184,24.10284311983253,0.1,0.15,0.12,42,0,1,140,16.79999999999996,6.96937865596688,0.0,0.0
114,0.3140351633289485,damping=0.15,0.5998612069601097,43.96492286605279,0.4760583512256763,23.11582925983871,0.1,0.15,0.12,42,0,1,145,17.399999999999967,7.15114125411619,0.0,0.0
115,0.31191196555562994,damping=0.15,0.6188129834510392,43.66767517778819,0.4586613223763287,22.134665667255206,0.1,0.15,0.12,42,0,1,150,17.99999999999997,7.02416673195379,0.0,0.0
119,0.31022064244897596,damping=0.15,0.6385472756910597,43.43088994285663,0.47540386031723875,21.152287461688477,0.1,0.15,0.12,42,0,1,155,18.599999999999977,7.160539562580512,0.0,0.0
120,0.30849280927156847,damping=0.15,0.6579292639320845,43.18899329801958,0.45749524128165825,20.17677750174194,0.1,0.15,0.12,42,0,1,160,19.19999999999998,6.989060488801894,0.0,0.0
125,0.30673242026314285,damping=0.15,0.6771496586094908,42.94253883684,0.47350621401877996,19.201235408318432,0.1,0.15,0.12,42,0,1,165,19.799999999999986,7.125912007893602,0.0,0.0
126,0.3041289686316174,damping=0.15,0.6947776913971443,42.57805560842644,0.455080427262334,18.233781322734,0.1,0.15,0.12,42,0,1,170,20.39999999999999,6.956050302431769,0.0,0.0
126,0.3012525556901028,damping=0.15,0.7119947300374436,42.17535779661439,0.4703409212374361,17.267588100765803,0.1,0.15,0.12,42,0,1,175,20.999999999999996,7.103779514534476,0.0,0.0
126,0.2982598214888202,damping=0.15,0.7288863832302759,41.75637500843483,0.451457063695954,16.31073484214557,0.1,0.15,0.12,42,0,1,180,21.6,6.949685212736508,0.0,0.0
127,0.29590622824384183,damping=0.15,0.7466833244604586,41.42687195413786,0.46585810923685256,15.356521082416515,0.1,0.15,0.12,42,0,1,185,22.200000000000006,7.093018477057754,0.0,0.0
127,0.2940045103537467,damping=0.15,0.7647604925040359,41.16063144952454,0.4464150841728715,14.413071499762385,0.1,0.15,0.12,42,0,1,190,22.80000000000001,6.896790269097573,0.0,0.0
128,0.29206870358472764,damping=0.15,0.7825525923067054,40.88961850186187,0.4596433269636031,13.473978011321927,0.1,0.15,0.12,42,0,1,195,23.400000000000016,6.9900106265647155,0.0,0.0
128,0.2901053111094595,damping=0.15,0.7998809805941177,40.614743555324324,0.4394844881452107,12.547469846361402,0.1,0.15,0.12,42,0,1,200,24.00000000000002,6.789087886915186,0.0,0.0
128,0.2872917550037526,damping=0.15,0.8160422018095386,40.22084570052536,0.45130971349739274,11.627442813039641,0.1,0.15,0.12,42,0,1,205,24.600000000000026,6.877329045005694,0.0,0.0
128,0.2842221409672393,damping=0.15,0.8315866383603951,39.7910997354135,0.4304279531993773,10.722119817941401,0.1,0.15,0.12,42,0,1,210,25.20000000000003,6.68304315335974,0.0,0.0
128,0.28104845932388334,damping=0.15,0.8468242898503231,39.34678430534367,0.4406336302780911,9.825727926732329,0.1,0.15,0.12,42,0,1,215,25.800000000000036,6.775943046868151,0.0,0.0
128,0.2785206597258343,damping=0.15,0.8622391945368906,38.992892361616796,0.4189033352383238,8.946531004458157,0.1,0.15,0.12,42,0,1,220,26.40000000000004,6.576128283658381,0.0,0.0
128,0.27644069628771506,damping=0.15,0.877595048156362,38.70169748028011,0.4270030820669246,8.079308942307847,0.1,0.15,0.12,42,0,1,225,27.000000000000046,6.611012574814839,0.0,0.0
128,0.27433471863952624,damping=0.15,0.8922441136632728,38.40686060953367,0.40407322001737683,7.232540156118713,0.1,0.15,0.12,42,0,1,230,27.60000000000005,6.359874225870003,0.0,0.0
128,0.2722068174693031,damping=0.15,0.9062599198742424,38.10895444570243,0.40882254729511786,6.402169077663143,0.1,0.15,0.12,42,0,1,235,28.200000000000056,6.362961289653491,0.0,0.0
128,0.2692677390273467,damping=0.15,0.9189745580755494,37.69748346382853,0.3825901889631185,5.599415400471621,0.1,0.15,0.12,42,0,1,240,28.80000000000006,6.0836584897346,0.0,0.0
128,0.26610098080827854,damping=0.15,0.9308333555181065,37.254137313159,0.3812880052491424,4.823108395549936,0.1,0.15,0.12,42,0,1,245,29.400000000000066,6.041597040539163,0.0,0.0
128,0.2628695028646785,damping=0.15,0.9417401050568109,36.80173040105499,0.35214678700071644,4.083242311136336,0.1,0.15,0.12,42,0,1,250,30.00000000000007,5.735275064826664,0.0,0.0
128,0.26047491055671873,damping=0.15,0.9520941080155682,36.466487477940625,0.34522879304120146,3.37847663136585,0.1,0.15,0.12,42,0,1,255,30.600000000000076,5.623044644287842,0.0,0.0
128,0.2582752619763495,damping=0.15,0.9612898138775086,36.158536676688925,0.3131696132431708,2.7185401419177486,0.1,0.15,0.12,42,0,1,260,31.20000000000008,5.2439903857803305,0.0,0.0
128,0.25606142290976686,damping=0.15,0.9691986463341709,35.84859920736736,0.29902384156335476,2.1040649886187306,0.1,0.15,0.12,42,0,1,265,31.800000000000086,5.028182690201859,0.0,0.0
128,0.2538408542076321,damping=0.15,0.9756499596026158,35.537719589068494,0.26264175613795754,1.5459638596204124,0.1,0.15,0.12,42,0,1,270,32.40000000000008,4.5904330578526,0.0,0.0
128,0.25096640719156477,damping=0.15,0.9804392516634913,35.135297006819066,0.2378946659435113,1.0487360570544821,0.1,0.15,0.12,42,0,1,275,33.000000000000064,4.268516550005949,0.0,0.0
128,0.2479545940669465,damping=0.15,0.983577172909894,34.71364316937251,0.19412535870524567,0.6670927863174764,0.1,0.15,0.12,42,0,132,280,33.60000000000005,3.750967706450813,0.0,0.0
128,0.24494850461749382,damping=0.15,0.9850543194822194,34.292790646449134,0.15223536573239216,0.6256762029102063,0.1,0.15,0.12,42,0,132,285,34.20000000000004,3.2735040274380425,0.0,0.0
127,0.2425972584583736,damping=0.15,0.9850222711106001,33.9636161841723,0.09607296031375169,0.5764073502450923,0.1,0.15,0.12,42,0,132,290,34.800000000000026,2.6143669287403726,0.0,0.0
127,0.24078659511126388,damping=0.15,0.9848044075818876,33.71012331557694,0.03927105046345796,0.5183258737120017,0.1,0.15,0.12,42,0,132,295,35.40000000000001,1.959206159869997,0.0,0.0
127,0.23881193088587038,damping=0.15,0.9854020710604794,33.433670324021854,0.02091126139946529,0.4574961655752752,0.1,0.15,0.12,42,0,132,300,36.0,1.5001326919880873,0.0,0.0
1,0.3560118519459918,damping=0.15,0.009617549612621226,49.84165927243885,0.20913738736037749,49.57085212185964,0.1,0.15,0.12,42,1,1,5,0.6,1.6926792135422672,0.0,0.0
3,0.35536438677886445,damping=0.15,0.027926356295183304,49.75101414904102,0.29868850745016295,48.941541149466886,0.1,0.15,0.12,42,1,1,10,1.2000000000000002,3.1687488493191602,0.0,0.0
4,0.35470686198946333,damping=0.15,0.05114676342710295,49.65896067852486,0.3621304926905403,48.16601423562912,0.1,0.15,0.12,42,1,1,15,1.8000000000000007,4.510849395109603,0.0,0.0
4,0.3540084212769809,damping=0.15,0.07554419548118774,49.56117897877733,0.37740852543354486,47.318279028759854,0.1,0.15,0.12,42,1,1,20,2.4000000000000012,4.943895663406118,0.0,0.0
4,0.35326880591307763,damping=0.15,0.10020842361437843,49.45763282783087,0.4108803535400195,46.42535495747242,0.1,0.15,0.12,42,1,1,25,3.0000000000000018,5.3845076002569785,0.0,0.0
4,0.3522195780634038,damping=0.15,0.12351317909111943,49.310740928876534,0.4060490520346369,45.51187523455974,0.1,0.15,0.12,42,1,1,30,3.6000000000000023,5.552097257096279,0.0,0.0
5,0.35084963719674267,damping=0.15,0.14566885786814793,49.11894920754397,0.42906339458461057,44.580251381509335,0.1,0.15,0.12,42,1,1,35,4.200000000000003,5.974981170678508,0.0,0.0
5,0.3493080302185731,damping=0.15,0.16703494622985843,48.903124230600234,0.41866492851549086,43.64219902347214,0.1,0.15,0.12,42,1,1,40,4.800000000000003,6.0185663468575,0.0,0.0
5,0.34810961633719867,damping=0.15,0.18993500852710768,48.73534628720781,0.43926738340347204,42.693242627263416,0.1,0.15,0.12,42,1,1,45,5.400000000000004,6.27038150857404,0.0,0.0
5,0.34717776819319496,damping=0.15,0.2135649500182279,48.6048875470473,0.4268630397771989,41.741876779741204,0.1,0.15,0.12,42,1,1,50,6.000000000000004,6.190237537738328,0.0,0.0
8,0.34620230644387273,damping=0.15,0.23690586577026684,48.468322902142184,0.44642664844878954,40.78202532868206,0.1,0.15,0.12,42,1,1,55,6.600000000000005,6.42623133393285,0.0,0.0
11,0.34518827259595747,damping=0.15,0.2598040078986135,48.326358163434044,0.4330931385858008,39.82143986397548,0.1,0.15,0.12,42,1,1,60,7.2000000000000055,6.363715584681495,0.0,0.0
17,0.3436911408769023,damping=0.15,0.28102039769855386,48.11675972276632,0.45245121872601907,38.8533796741106,0.1,0.15,0.12,42,1,1,65,7.800000000000006,6.568009689782671,0.0,0.0
21,0.3417898893468884,damping=0.15,0.30075262430716254,47.85058450856438,0.43857538183440653,37.88537951442942,0.1,0.15,0.12,42,1,1,70,8.400000000000004,6.48724876817991,0.0,0.0
27,0.33972824915654776,damping=0.15,0.32012290511635655,47.561954881916684,0.4577751740832016,36.91048627543858,0.1,0.15,0.12,42,1,1,75,9.0,6.719682750975203,0.0,0.0
34,0.33816351218173174,damping=0.15,0.3410538291702122,47.34289170544245,0.44344942352122624,35.93623423336025,0.1,0.15,0.12,42,1,1,80,9.599999999999996,6.65627576997294,0.0,0.0
40,0.3369632085640557,damping=0.15,0.3631286592831224,47.1748491989678,0.4625492448258332,34.955548060247125,0.1,0.15,0.12,42,1,1,85,10.199999999999992,6.830372355803633,0.0,0.0
54,0.3357216209410883,damping=0.15,0.3848192896838893,47.001026931752364,0.4477417637294882,33.97608998630048,0.1,0.15,0.12,42,1,1,90,10.799999999999988,6.71241978498133,0.0,0.0
76,0.33444260881464993,damping=0.15,0.40637084355764386,46.82196523405099,0.46658670221442244,32.99082245496987,0.1,0.15,0.12,42,1,1,95,11.399999999999984,6.899863687048033,0.0,0.0
85,0.33259640020022524,damping=0.15,0.42619242970657917,46.56349602803153,0.4513025248205881,32.00751240712767,0.1,0.15,0.12,42,1,1,100,11.99999999999998,6.777605117228306,0.0,0.0
92,0.3302984106906758,damping=0.15,0.4449295373562739,46.24177749669461,0.4699500420318035,31.019040541487378,0.1,0.15,0.12,42,1,1,105,12.599999999999977,6.972992629917345,0.0,0.0
98,0.3278630033363674,damping=0.15,0.46327860736166737,45.90082046709144,0.45428383929570015,30.033177332341193,0.1,0.15,0.12,42,1,1,110,13.199999999999973,6.870709987372052,0.0,0.0
98,0.3259980824710729,damping=0.15,0.4832437723934527,45.63973154595021,0.4727333264207217,29.042735036775102,0.1,0.15,0.12,42,1,1,115,13.799999999999969,7.074943625798992,0.0,0.0
101,0.32454438272389324,damping=0.15,0.5040377972171579,45.43621358134506,0.4566502008424887,28.0555592278184,0.1,0.15,0.12,42,1,1,120,14.399999999999965,6.927017871032269,0.0,0.0
106,0.32305002228034063,damping=0.15,0.5246924454656441,45.22700311924769,0.47473238261733985,27.064526608389077,0.1,0.15,0.12,42,1,1,125,14.999999999999961,7.087067028076444,0.0,0.0
106,0.32152087079169833,damping=0.15,0.5450326273151191,45.01292191083777,0.4581439093109523,26.077617514147832,0.1,0.15,0.12,42,1,1,130,15.599999999999957,6.945591978588345,0.0,0.0
107,0.31937692479123625,damping=0.15,0.564065519518251,44.712769470773075,0.4758058639063886,25.087730091335292,0.1,0.15,0.12,42,1,1,135,16.199999999999957,7.1051400764218196,0.0,0.0
110,0.3167712242010453,damping=0.15,0.5820300650153234,44.34797138814634,0.45879781462252184,24.10284311983253,0.1,0.15,0.12,42,1,1,140,16.79999999999996,6.96937865596688,0.0,0.0
114,0.3140351633289485,damping=0.15,0.5998612069601097,43.96492286605279,0.4760583512256763,23.11582925983871,0.1,0.15,0.12,42,1,1,145,17.399999999999967,7.15114125411619,0.0,0.0
115,0.31191196555562994,damping=0.15,0.6188129834510392,43.66767517778819,0.4586613223763287,22.134665667255206,0.1,0.15,0.12,42,1,1,150,17.99999999999997,7.02416673195379,0.0,0.0
119,0.31022064244897596,damping=0.15,0.6385472756910597,43.43088994285663,0.47540386031723875,21.152287461688477,0.1,0.15,0.12,42,1,1,155,18.599999999999977,7.160539562580512,0.0,0.0
120,0.30849280927156847,damping=0.15,0.6579292639320845,43.18899329801958,0.45749524128165825,20.17677750174194,0.1,0.15,0.12,42,1,1,160,19.19999999999998,6.989060488801894,0.0,0.0
125,0.30673242026314285,damping=0.15,0.6771496586094908,42.94253883684,0.47350621401877996,19.201235408318432,0.1,0.15,0.12,42,1,1,165,19.799999999999986,7.125912007893602,0.0,0.0
126,0.3041289686316174,damping=0.15,0.6947776913971443,42.57805560842644,0.455080427262334,18.233781322734,0.1,0.15,0.12,42,1,1,170,20.39999999999999,6.956050302431769,0.0,0.0
126,0.3012525556901028,damping=0.15,0.7119947300374436,42.17535779661439,0.4703409212374361,17.267588100765803,0.1,0.15,0.12,42,1,1,175,20.999999999999996,7.103779514534476,0.0,0.0
126,0.2982598214888202,damping=0.15,0.7288863832302759,41.75637500843483,0.451457063695954,16.31073484214557,0.1,0.15,0.12,42,1,1,180,21.6,6.949685212736508,0.0,0.0
127,0.29590622824384183,damping=0.15,0.7466833244604586,41.42687195413786,0.46585810923685256,15.356521082416515,0.1,0.15,0.12,42,1,1,185,22.200000000000006,7.093018477057754,0.0,0.0
127,0.2940045103537467,damping=0.15,0.7647604925040359,41.16063144952454,0.4464150841728715,14.413071499762385,0.1,0.15,0.12,42,1,1,190,22.80000000000001,6.896790269097573,0.0,0.0
128,0.29206870358472764,damping=0.15,0.7825525923067054,40.88961850186187,0.4596433269636031,13.473978011321927,0.1,0.15,0.12,42,1,1,195,23.400000000000016,6.9900106265647155,0.0,0.0
128,0.2901053111094595,damping=0.15,0.7998809805941177,40.614743555324324,0.4394844881452107,12.547469846361402,0.1,0.15,0.12,42,1,1,200,24.00000000000002,6.789087886915186,0.0,0.0
128,0.2872917550037526,damping=0.15,0.8160422018095386,40.22084570052536,0.45130971349739274,11.627442813039641,0.1,0.15,0.12,42,1,1,205,24.600000000000026,6.877329045005694,0.0,0.0
128,0.2842221409672393,damping=0.15,0.8315866383603951,39.7910997354135,0.4304279531993773,10.722119817941401,0.1,0.15,0.12,42,1,1,210,25.20000000000003,6.68304315335974,0.0,0.0
128,0.28104845932388334,damping=0.15,0.8468242898503231,39.34678430534367,0.4406336302780911,9.825727926732329,0.1,0.15,0.12,42,1,1,215,25.800000000000036,6.775943046868151,0.0,0.0
128,0.2785206597258343,damping=0.15,0.8622391945368906,38.992892361616796,0.4189033352383238,8.946531004458157,0.1,0.15,0.12,42,1,1,220,26.40000000000004,6.576128283658381,0.0,0.0
128,0.27644069628771506,damping=0.15,0.877595048156362,38.70169748028011,0.4270030820669246,8.079308942307847,0.1,0.15,0.12,42,1,1,225,27.000000000000046,6.611012574814839,0.0,0.0
128,0.27433471863952624,damping=0.15,0.8922441136632728,38.40686060953367,0.40407322001737683,7.232540156118713,0.1,0.15,0.12,42,1,1,230,27.60000000000005,6.359874225870003,0.0,0.0
128,0.2722068174693031,damping=0.15,0.9062599198742424,38.10895444570243,0.40882254729511786,6.402169077663143,0.1,0.15,0.12,42,1,1,235,28.200000000000056,6.362961289653491,0.0,0.0
128,0.2692677390273467,damping=0.15,0.9189745580755494,37.69748346382853,0.3825901889631185,5.599415400471621,0.1,0.15,0.12,42,1,1,240,28.80000000000006,6.0836584897346,0.0,0.0
128,0.26610098080827854,damping=0.15,0.9308333555181065,37.254137313159,0.3812880052491424,4.823108395549936,0.1,0.15,0.12,42,1,1,245,29.400000000000066,6.041597040539163,0.0,0.0
128,0.2628695028646785,damping=0.15,0.9417401050568109,36.80173040105499,0.35214678700071644,4.083242311136336,0.1,0.15,0.12,42,1,1,250,30.00000000000007,5.735275064826664,0.0,0.0
128,0.26047491055671873,damping=0.15,0.9520941080155682,36.466487477940625,0.34522879304120146,3.37847663136585,0.1,0.15,0.12,42,1,1,255,30.600000000000076,5.623044644287842,0.0,0.0
128,0.2582752619763495,damping=0.15,0.9612898138775086,36.158536676688925,0.3131696132431708,2.7185401419177486,0.1,0.15,0.12,42,1,1,260,31.20000000000008,5.2439903857803305,0.0,0.0
128,0.25606142290976686,damping=0.15,0.9691986463341709,35.84859920736736,0.29902384156335476,2.1040649886187306,0.1,0.15,0.12,42,1,1,265,31.800000000000086,5.028182690201859,0.0,0.0
128,0.2538408542076321,damping=0.15,0.9756499596026158,35.537719589068494,0.26264175613795754,1.5459638596204124,0.1,0.15,0.12,42,1,1,270,32.40000000000008,4.5904330578526,0.0,0.0
128,0.25096640719156477,damping=0.15,0.9804392516634913,35.135297006819066,0.2378946659435113,1.0487360570544821,0.1,0.15,0.12,42,1,1,275,33.000000000000064,4.268516550005949,0.0,0.0
128,0.2479545940669465,damping=0.15,0.983577172909894,34.71364316937251,0.19412535870524567,0.6670927863174764,0.1,0.15,0.12,42,1,132,280,33.60000000000005,3.750967706450813,0.0,0.0
128,0.24494850461749382,damping=0.15,0.9850543194822194,34.292790646449134,0.15223536573239216,0.6256762029102063,0.1,0.15,0.12,42,1,132,285,34.20000000000004,3.2735040274380425,0.0,0.0
127,0.2425972584583736,damping=0.15,0.9850222711106001,33.9636161841723,0.09607296031375169,0.5764073502450923,0.1,0.15,0.12,42,1,132,290,34.800000000000026,2.6143669287403726,0.0,0.0
127,0.24078659511126388,damping=0.15,0.9848044075818876,33.71012331557694,0.03927105046345796,0.5183258737120017,0.1,0.15,0.12,42,1,132,295,35.40000000000001,1.959206159869997,0.0,0.0
127,0.23881193088587038,damping=0.15,0.9854020710604794,33.433670324021854,0.02091126139946529,0.4574961655752752,0.1,0.15,0.12,42,1,132,300,36.0,1.5001326919880873,0.0,0.0
1,0.3560118519459918,damping=0.15,0.009617549612621226,49.84165927243885,0.20913738736037749,49.57085212185964,0.1,0.15,0.12,42,2,1,5,0.6,1.6926792135422672,0.0,0.0
3,0.35536438677886445,damping=0.15,0.027926356295183304,49.75101414904102,0.29868850745016295,48.941541149466886,0.1,0.15,0.12,42,2,1,10,1.2000000000000002,3.1687488493191602,0.0,0.0
4,0.35470686198946333,damping=0.15,0.05114676342710295,49.65896067852486,0.3621304926905403,48.16601423562912,0.1,0.15,0.12,42,2,1,15,1.8000000000000007,4.510849395109603,0.0,0.0
4,0.3540084212769809,damping=0.15,0.07554419548118774,49.56117897877733,0.37740852543354486,47.318279028759854,0.1,0.15,0.12,42,2,1,20,2.4000000000000012,4.943895663406118,0.0,0.0
4,0.35326880591307763,damping=0.15,0.10020842361437843,49.45763282783087,0.4108803535400195,46.42535495747242,0.1,0.15,0.12,42,2,1,25,3.0000000000000018,5.3845076002569785,0.0,0.0
4,0.3522195780634038,damping=0.15,0.12351317909111943,49.310740928876534,0.4060490520346369,45.51187523455974,0.1,0.15,0.12,42,2,1,30,3.6000000000000023,5.552097257096279,0.0,0.0
5,0.35084963719674267,damping=0.15,0.14566885786814793,49.11894920754397,0.42906339458461057,44.580251381509335,0.1,0.15,0.12,42,2,1,35,4.200000000000003,5.974981170678508,0.0,0.0
5,0.3493080302185731,damping=0.15,0.16703494622985843,48.903124230600234,0.41866492851549086,43.64219902347214,0.1,0.15,0.12,42,2,1,40,4.800000000000003,6.0185663468575,0.0,0.0
5,0.34810961633719867,damping=0.15,0.18993500852710768,48.73534628720781,0.43926738340347204,42.693242627263416,0.1,0.15,0.12,42,2,1,45,5.400000000000004,6.27038150857404,0.0,0.0
5,0.34717776819319496,damping=0.15,0.2135649500182279,48.6048875470473,0.4268630397771989,41.741876779741204,0.1,0.15,0.12,42,2,1,50,6.000000000000004,6.190237537738328,0.0,0.0
8,0.34620230644387273,damping=0.15,0.23690586577026684,48.468322902142184,0.44642664844878954,40.78202532868206,0.1,0.15,0.12,42,2,1,55,6.600000000000005,6.42623133393285,0.0,0.0
11,0.34518827259595747,damping=0.15,0.2598040078986135,48.326358163434044,0.4330931385858008,39.82143986397548,0.1,0.15,0.12,42,2,1,60,7.2000000000000055,6.363715584681495,0.0,0.0
17,0.3436911408769023,damping=0.15,0.28102039769855386,48.11675972276632,0.45245121872601907,38.8533796741106,0.1,0.15,0.12,42,2,1,65,7.800000000000006,6.568009689782671,0.0,0.0
21,0.3417898893468884,damping=0.15,0.30075262430716254,47.85058450856438,0.43857538183440653,37.88537951442942,0.1,0.15,0.12,42,2,1,70,8.400000000000004,6.48724876817991,0.0,0.0
27,0.33972824915654776,damping=0.15,0.32012290511635655,47.561954881916684,0.4577751740832016,36.91048627543858,0.1,0.15,0.12,42,2,1,75,9.0,6.719682750975203,0.0,0.0
34,0.33816351218173174,damping=0.15,0.3410538291702122,47.34289170544245,0.44344942352122624,35.93623423336025,0.1,0.15,0.12,42,2,1,80,9.599999999999996,6.65627576997294,0.0,0.0
40,0.3369632085640557,damping=0.15,0.3631286592831224,47.1748491989678,0.4625492448258332,34.955548060247125,0.1,0.15,0.12,42,2,1,85,10.199999999999992,6.830372355803633,0.0,0.0
54,0.3357216209410883,damping=0.15,0.3848192896838893,47.001026931752364,0.4477417637294882,33.97608998630048,0.1,0.15,0.12,42,2,1,90,10.799999999999988,6.71241978498133,0.0,0.0
76,0.33444260881464993,damping=0.15,0.40637084355764386,46.82196523405099,0.46658670221442244,32.99082245496987,0.1,0.15,0.12,42,2,1,95,11.399999999999984,6.899863687048033,0.0,0.0
85,0.33259640020022524,damping=0.15,0.42619242970657917,46.56349602803153,0.4513025248205881,32.00751240712767,0.1,0.15,0.12,42,2,1,100,11.99999999999998,6.777605117228306,0.0,0.0
92,0.3302984106906758,damping=0.15,0.4449295373562739,46.24177749669461,0.4699500420318035,31.019040541487378,0.1,0.15,0.12,42,2,1,105,12.599999999999977,6.972992629917345,0.0,0.0
98,0.3278630033363674,damping=0.15,0.46327860736166737,45.90082046709144,0.45428383929570015,30.033177332341193,0.1,0.15,0.12,42,2,1,110,13.199999999999973,6.870709987372052,0.0,0.0
98,0.3259980824710729,damping=0.15,0.4832437723934527,45.63973154595021,0.4727333264207217,29.042735036775102,0.1,0.15,0.12,42,2,1,115,13.799999999999969,7.074943625798992,0.0,0.0
101,0.32454438272389324,damping=0.15,0.5040377972171579,45.43621358134506,0.4566502008424887,28.0555592278184,0.1,0.15,0.12,42,2,1,120,14.399999999999965,6.927017871032269,0.0,0.0
106,0.32305002228034063,damping=0.15,0.5246924454656441,45.22700311924769,0.47473238261733985,27.064526608389077,0.1,0.15,0.12,42,2,1,125,14.999999999999961,7.087067028076444,0.0,0.0
106,0.32152087079169833,damping=0.15,0.5450326273151191,45.01292191083777,0.4581439093109523,26.077617514147832,0.1,0.15,0.12,42,2,1,130,15.599999999999957,6.945591978588345,0.0,0.0
107,0.31937692479123625,damping=0.15,0.564065519518251,44.712769470773075,0.4758058639063886,25.087730091335292,0.1,0.15,0.12,42,2,1,135,16.199999999999957,7.1051400764218196,0.0,0.0
110,0.3167712242010453,damping=0.15,0.5820300650153234,44.34797138814634,0.45879781462252184,24.10284311983253,0.1,0.15,0.12,42,2,1,140,16.79999999999996,6.96937865596688,0.0,0.0
114,0.3140351633289485,damping=0.15,0.5998612069601097,43.96492286605279,0.4760583512256763,23.11582925983871,0.1,0.15,0.12,42,2,1,145,17.399999999999967,7.15114125411619,0.0,0.0
115,0.31191196555562994,damping=0.15,0.6188129834510392,43.66767517778819,0.4586613223763287,22.134665667255206,0.1,0.15,0.12,42,2,1,150,17.99999999999997,7.02416673195379,0.0,0.0
119,0.31022064244897596,damping=0.15,0.6385472756910597,43.43088994285663,0.47540386031723875,21.152287461688477,0.1,0.15,0.12,42,2,1,155,18.599999999999977,7.160539562580512,0.0,0.0
120,0.30849280927156847,damping=0.15,0.6579292639320845,43.18899329801958,0.45749524128165825,20.17677750174194,0.1,0.15,0.12,42,2,1,160,19.19999999999998,6.989060488801894,0.0,0.0
125,0.30673242026314285,damping=0.15,0.6771496586094908,42.94253883684,0.47350621401877996,19.201235408318432,0.1,0.15,0.12,42,2,1,165,19.799999999999986,7.125912007893602,0.0,0.0
126,0.3041289686316174,damping=0.15,0.6947776913971443,42.57805560842644,0.455080427262334,18.233781322734,0.1,0.15,0.12,42,2,1,170,20.39999999999999,6.956050302431769,0.0,0.0
126,0.3012525556901028,damping=0.15,0.7119947300374436,42.17535779661439,0.4703409212374361,17.267588100765803,0.1,0.15,0.12,42,2,1,175,20.999999999999996,7.103779514534476,0.0,0.0
126,0.2982598214888202,damping=0.15,0.7288863832302759,41.75637500843483,0.451457063695954,16.31073484214557,0.1,0.15,0.12,42,2,1,180,21.6,6.949685212736508,0.0,0.0
127,0.29590622824384183,damping=0.15,0.7466833244604586,41.42687195413786,0.46585810923685256,15.356521082416515,0.1,0.15,0.12,42,2,1,185,22.200000000000006,7.093018477057754,0.0,0.0
127,0.2940045103537467,damping=0.15,0.7647604925040359,41.16063144952454,0.4464150841728715,14.413071499762385,0.1,0.15,0.12,42,2,1,190,22.80000000000001,6.896790269097573,0.0,0.0
128,0.29206870358472764,damping=0.15,0.7825525923067054,40.88961850186187,0.4596433269636031,13.473978011321927,0.1,0.15,0.12,42,2,1,195,23.400000000000016,6.9900106265647155,0.0,0.0
128,0.2901053111094595,damping=0.15,0.7998809805941177,40.614743555324324,0.4394844881452107,12.547469846361402,0.1,0.15,0.12,42,2,1,200,24.00000000000002,6.789087886915186,0.0,0.0
128,0.2872917550037526,damping=0.15,0.8160422018095386,40.22084570052536,0.45130971349739274,11.627442813039641,0.1,0.15,0.12,42,2,1,205,24.600000000000026,6.877329045005694,0.0,0.0
128,0.2842221409672393,damping=0.15,0.8315866383603951,39.7910997354135,0.4304279531993773,10.722119817941401,0.1,0.15,0.12,42,2,1,210,25.20000000000003,6.68304315335974,0.0,0.0
128,0.28104845932388334,damping=0.15,0.8468242898503231,39.34678430534367,0.4406336302780911,9.825727926732329,0.1,0.15,0.12,42,2,1,215,25.800000000000036,6.775943046868151,0.0,0.0
128,0.2785206597258343,damping=0.15,0.8622391945368906,38.992892361616796,0.4189033352383238,8.946531004458157,0.1,0.15,0.12,42,2,1,220,26.40000000000004,6.576128283658381,0.0,0.0
128,0.27644069628771506,damping=0.15,0.877595048156362,38.70169748028011,0.4270030820669246,8.079308942307847,0.1,0.15,0.12,42,2,1,225,27.000000000000046,6.611012574814839,0.0,0.0
128,0.27433471863952624,damping=0.15,0.8922441136632728,38.40686060953367,0.40407322001737683,7.232540156118713,0.1,0.15,0.12,42,2,1,230,27.60000000000005,6.359874225870003,0.0,0.0
128,0.2722068174693031,damping=0.15,0.9062599198742424,38.10895444570243,0.40882254729511786,6.402169077663143,0.1,0.15,0.12,42,2,1,235,28.200000000000056,6.362961289653491,0.0,0.0
128,0.2692677390273467,damping=0.15,0.9189745580755494,37.69748346382853,0.3825901889631185,5.599415400471621,0.1,0.15,0.12,42,2,1,240,28.80000000000006,6.0836584897346,0.0,0.0
128,0.26610098080827854,damping=0.15,0.9308333555181065,37.254137313159,0.3812880052491424,4.823108395549936,0.1,0.15,0.12,42,2,1,245,29.400000000000066,6.041597040539163,0.0,0.0
128,0.2628695028646785,damping=0.15,0.9417401050568109,36.80173040105499,0.35214678700071644,4.083242311136336,0.1,0.15,0.12,42,2,1,250,30.00000000000007,5.735275064826664,0.0,0.0
128,0.26047491055671873,damping=0.15,0.9520941080155682,36.466487477940625,0.34522879304120146,3.37847663136585,0.1,0.15,0.12,42,2,1,255,30.600000000000076,5.623044644287842,0.0,0.0
128,0.2582752619763495,damping=0.15,0.9612898138775086,36.158536676688925,0.3131696132431708,2.7185401419177486,0.1,0.15,0.12,42,2,1,260,31.20000000000008,5.2439903857803305,0.0,0.0
128,0.25606142290976686,damping=0.15,0.9691986463341709,35.84859920736736,0.29902384156335476,2.1040649886187306,0.1,0.15,0.12,42,2,1,265,31.800000000000086,5.028182690201859,0.0,0.0
128,0.2538408542076321,damping=0.15,0.9756499596026158,35.537719589068494,0.26264175613795754,1.5459638596204124,0.1,0.15,0.12,42,2,1,270,32.40000000000008,4.5904330578526,0.0,0.0
128,0.25096640719156477,damping=0.15,0.9804392516634913,35.135297006819066,0.2378946659435113,1.0487360570544821,0.1,0.15,0.12,42,2,1,275,33.000000000000064,4.268516550005949,0.0,0.0
128,0.2479545940669465,damping=0.15,0.983577172909894,34.71364316937251,0.19412535870524567,0.6670927863174764,0.1,0.15,0.12,42,2,132,280,33.60000000000005,3.750967706450813,0.0,0.0
128,0.24494850461749382,damping=0.15,0.9850543194822194,34.292790646449134,0.15223536573239216,0.6256762029102063,0.1,0.15,0.12,42,2,132,285,34.20000000000004,3.2735040274380425,0.0,0.0
127,0.2425972584583736,damping=0.15,0.9850222711106001,33.9636161841723,0.09607296031375169,0.5764073502450923,0.1,0.15,0.12,42,2,132,290,34.800000000000026,2.6143669287403726,0.0,0.0
127,0.24078659511126388,damping=0.15,0.9848044075818876,33.71012331557694,0.03927105046345796,0.5183258737120017,0.1,0.15,0.12,42,2,132,295,35.40000000000001,1.959206159869997,0.0,0.0
127,0.23881193088587038,damping=0.15,0.9854020710604794,33.433670324021854,0.02091126139946529,0.4574961655752752,0.1,0.15,0.12,42,2,132,300,36.0,1.5001326919880873,0.0,0.0
1,0.3560118519459918,damping=0.15,0.009617549612621226,49.84165927243885,0.20913738736037749,49.57085212185964,0.1,0.15,0.12,42,3,1,5,0.6,1.6926792135422672,0.0,0.0
3,0.35536438677886445,damping=0.15,0.027926356295183304,49.75101414904102,0.29868850745016295,48.941541149466886,0.1,0.15,0.12,42,3,1,10,1.2000000000000002,3.1687488493191602,0.0,0.0
4,0.35470686198946333,damping=0.15,0.05114676342710295,49.65896067852486,0.3621304926905403,48.16601423562912,0.1,0.15,0.12,42,3,1,15,1.8000000000000007,4.510849395109603,0.0,0.0
4,0.3540084212769809,damping=0.15,0.07554419548118774,49.56117897877733,0.37740852543354486,47.318279028759854,0.1,0.15,0.12,42,3,1,20,2.4000000000000012,4.943895663406118,0.0,0.0
4,0.35326880591307763,damping=0.15,0.10020842361437843,49.45763282783087,0.4108803535400195,46.42535495747242,0.1,0.15,0.12,42,3,1,25,3.0000000000000018,5.3845076002569785,0.0,0.0
4,0.3522195780634038,damping=0.15,0.12351317909111943,49.310740928876534,0.4060490520346369,45.51187523455974,0.1,0.15,0.12,42,3,1,30,3.6000000000000023,5.552097257096279,0.0,0.0
5,0.35084963719674267,damping=0.15,0.14566885786814793,49.11894920754397,0.42906339458461057,44.580251381509335,0.1,0.15,0.12,42,3,1,35,4.200000000000003,5.974981170678508,0.0,0.0
5,0.3493080302185731,damping=0.15,0.16703494622985843,48.903124230600234,0.41866492851549086,43.64219902347214,0.1,0.15,0.12,42,3,1,40,4.800000000000003,6.0185663468575,0.0,0.0
5,0.34810961633719867,damping=0.15,0.18993500852710768,48.73534628720781,0.43926738340347204,42.693242627263416,0.1,0.15,0.12,42,3,1,45,5.400000000000004,6.27038150857404,0.0,0.0
5,0.34717776819319496,damping=0.15,0.2135649500182279,48.6048875470473,0.4268630397771989,41.741876779741204,0.1,0.15,0.12,42,3,1,50,6.000000000000004,6.190237537738328,0.0,0.0
8,0.34620230644387273,damping=0.15,0.23690586577026684,48.468322902142184,0.44642664844878954,40.78202532868206,0.1,0.15,0.12,42,3,1,55,6.600000000000005,6.42623133393285,0.0,0.0
11,0.34518827259595747,damping=0.15,0.2598040078986135,48.326358163434044,0.4330931385858008,39.82143986397548,0.1,0.15,0.12,42,3,1,60,7.2000000000000055,6.363715584681495,0.0,0.0
17,0.3436911408769023,damping=0.15,0.28102039769855386,48.11675972276632,0.45245121872601907,38.8533796741106,0.1,0.15,0.12,42,3,1,65,7.800000000000006,6.568009689782671,0.0,0.0
21,0.3417898893468884,damping=0.15,0.30075262430716254,47.85058450856438,0.43857538183440653,37.88537951442942,0.1,0.15,0.12,42,3,1,70,8.400000000000004,6.48724876817991,0.0,0.0
27,0.33972824915654776,damping=0.15,0.32012290511635655,47.561954881916684,0.4577751740832016,36.91048627543858,0.1,0.15,0.12,42,3,1,75,9.0,6.719682750975203,0.0,0.0
34,0.33816351218173174,damping=0.15,0.3410538291702122,47.34289170544245,0.44344942352122624,35.93623423336025,0.1,0.15,0.12,42,3,1,80,9.599999999999996,6.65627576997294,0.0,0.0
40,0.3369632085640557,damping=0.15,0.3631286592831224,47.1748491989678,0.4625492448258332,34.955548060247125,0.1,0.15,0.12,42,3,1,85,10.199999999999992,6.830372355803633,0.0,0.0
54,0.3357216209410883,damping=0.15,0.3848192896838893,47.001026931752364,0.4477417637294882,33.97608998630048,0.1,0.15,0.12,42,3,1,90,10.799999999999988,6.71241978498133,0.0,0.0
76,0.33444260881464993,damping=0.15,0.40637084355764386,46.82196523405099,0.46658670221442244,32.99082245496987,0.1,0.15,0.12,42,3,1,95,11.399999999999984,6.899863687048033,0.0,0.0
85,0.33259640020022524,damping=0.15,0.42619242970657917,46.56349602803153,0.4513025248205881,32.00751240712767,0.1,0.15,0.12,42,3,1,100,11.99999999999998,6.777605117228306,0.0,0.0
92,0.3302984106906758,damping=0.15,0.4449295373562739,46.24177749669461,0.4699500420318035,31.019040541487378,0.1,0.15,0.12,42,3,1,105,12.599999999999977,6.972992629917345,0.0,0.0
98,0.3278630033363674,damping=0.15,0.46327860736166737,45.90082046709144,0.45428383929570015,30.033177332341193,0.1,0.15,0.12,42,3,1,110,13.199999999999973,6.870709987372052,0.0,0.0
98,0.3259980824710729,damping=0.15,0.4832437723934527,45.63973154595021,0.4727333264207217,29.042735036775102,0.1,0.15,0.12,42,3,1,115,13.799999999999969,7.074943625798992,0.0,0.0
101,0.32454438272389324,damping=0.15,0.5040377972171579,45.43621358134506,0.4566502008424887,28.0555592278184,0.1,0.15,0.12,42,3,1,120,14.399999999999965,6.927017871032269,0.0,0.0
106,0.32305002228034063,damping=0.15,0.5246924454656441,45.22700311924769,0.47473238261733985,27.064526608389077,0.1,0.15,0.12,42,3,1,125,14.999999999999961,7.087067028076444,0.0,0.0
106,0.32152087079169833,damping=0.15,0.5450326273151191,45.01292191083777,0.4581439093109523,26.077617514147832,0.1,0.15,0.12,42,3,1,130,15.599999999999957,6.945591978588345,0.0,0.0
107,0.31937692479123625,damping=0.15,0.564065519518251,44.712769470773075,0.4758058639063886,25.087730091335292,0.1,0.15,0.12,42,3,1,135,16.199999999999957,7.1051400764218196,0.0,0.0
110,0.3167712242010453,damping=0.15,0.5820300650153234,44.34797138814634,0.45879781462252184,24.10284311983253,0.1,0.15,0.12,42,3,1,140,16.79999999999996,6.96937865596688,0.0,0.0
114,0.3140351633289485,damping=0.15,0.5998612069601097,43.96492286605279,0.4760583512256763,23.11582925983871,0.1,0.15,0.12,42,3,1,145,17.399999999999967,7.15114125411619,0.0,0.0
115,0.31191196555562994,damping=0.15,0.6188129834510392,43.66767517778819,0.4586613223763287,22.134665667255206,0.1,0.15,0.12,42,3,1,150,17.99999999999997,7.02416673195379,0.0,0.0
119,0.31022064244897596,damping=0.15,0.6385472756910597,43.43088994285663,0.47540386031723875,21.152287461688477,0.1,0.15,0.12,42,3,1,155,18.599999999999977,7.160539562580512,0.0,0.0
120,0.30849280927156847,damping=0.15,0.6579292639320845,43.18899329801958,0.45749524128165825,20.17677750174194,0.1,0.15,0.12,42,3,1,160,19.19999999999998,6.989060488801894,0.0,0.0
125,0.30673242026314285,damping=0.15,0.6771496586094908,42.94253883684,0.47350621401877996,19.201235408318432,0.1,0.15,0.12,42,3,1,165,19.799999999999986,7.125912007893602,0.0,0.0
126,0.3041289686316174,damping=0.15,0.6947776913971443,42.57805560842644,0.455080427262334,18.233781322734,0.1,0.15,0.12,42,3,1,170,20.39999999999999,6.956050302431769,0.0,0.0
126,0.3012525556901028,damping=0.15,0.7119947300374436,42.17535779661439,0.4703409212374361,17.267588100765803,0.1,0.15,0.12,42,3,1,175,20.999999999999996,7.103779514534476,0.0,0.0
126,0.2982598214888202,damping=0.15,0.7288863832302759,41.75637500843483,0.451457063695954,16.31073484214557,0.1,0.15,0.12,42,3,1,180,21.6,6.949685212736508,0.0,0.0
127,0.29590622824384183,damping=0.15,0.7466833244604586,41.42687195413786,0.46585810923685256,15.356521082416515,0.1,0.15,0.12,42,3,1,185,22.200000000000006,7.093018477057754,0.0,0.0
127,0.2940045103537467,damping=0.15,0.7647604925040359,41.16063144952454,0.4464150841728715,14.413071499762385,0.1,0.15,0.12,42,3,1,190,22.80000000000001,6.896790269097573,0.0,0.0
128,0.29206870358472764,damping=0.15,0.7825525923067054,40.88961850186187,0.4596433269636031,13.473978011321927,0.1,0.15,0.12,42,3,1,195,23.400000000000016,6.9900106265647155,0.0,0.0
128,0.2901053111094595,damping=0.15,0.7998809805941177,40.614743555324324,0.4394844881452107,12.547469846361402,0.1,0.15,0.12,42,3,1,200,24.00000000000002,6.789087886915186,0.0,0.0
128,0.2872917550037526,damping=0.15,0.8160422018095386,40.22084570052536,0.45130971349739274,11.627442813039641,0.1,0.15,0.12,42,3,1,205,24.600000000000026,6.877329045005694,0.0,0.0
128,0.2842221409672393,damping=0.15,0.8315866383603951,39.7910997354135,0.4304279531993773,10.722119817941401,0.1,0.15,0.12,42,3,1,210,25.20000000000003,6.68304315335974,0.0,0.0
128,0.28104845932388334,damping=0.15,0.8468242898503231,39.34678430534367,0.4406336302780911,9.825727926732329,0.1,0.15,0.12,42,3,1,215,25.800000000000036,6.775943046868151,0.0,0.0
128,0.2785206597258343,damping=0.15,0.8622391945368906,38.992892361616796,0.4189033352383238,8.946531004458157,0.1,0.15,0.12,42,3,1,220,26.40000000000004,6.576128283658381,0.0,0.0
128,0.27644069628771506,damping=0.15,0.877595048156362,38.70169748028011,0.4270030820669246,8.079308942307847,0.1,0.15,0.12,42,3,1,225,27.000000000000046,6.611012574814839,0.0,0.0
128,0.27433471863952624,damping=0.15,0.8922441136632728,38.40686060953367,0.40407322001737683,7.232540156118713,0.1,0.15,0.12,42,3,1,230,27.60000000000005,6.359874225870003,0.0,0.0
128,0.2722068174693031,damping=0.15,0.9062599198742424,38.10895444570243,0.40882254729511786,6.402169077663143,0.1,0.15,0.12,42,3,1,235,28.200000000000056,6.362961289653491,0.0,0.0
128,0.2692677390273467,damping=0.15,0.9189745580755494,37.69748346382853,0.3825901889631185,5.599415400471621,0.1,0.15,0.12,42,3,1,240,28.80000000000006,6.0836584897346,0.0,0.0
128,0.26610098080827854,damping=0.15,0.9308333555181065,37.254137313159,0.3812880052491424,4.823108395549936,0.1,0.15,0.12,42,3,1,245,29.400000000000066,6.041597040539163,0.0,0.0
128,0.2628695028646785,damping=0.15,0.9417401050568109,36.80173040105499,0.35214678700071644,4.083242311136336,0.1,0.15,0.12,42,3,1,250,30.00000000000007,5.735275064826664,0.0,0.0
128,0.26047491055671873,damping=0.15,0.9520941080155682,36.466487477940625,0.34522879304120146,3.37847663136585,0.1,0.15,0.12,42,3,1,255,30.600000000000076,5.623044644287842,0.0,0.0
128,0.2582752619763495,damping=0.15,0.9612898138775086,36.158536676688925,0.3131696132431708,2.7185401419177486,0.1,0.15,0.12,42,3,1,260,31.20000000000008,5.2439903857803305,0.0,0.0
128,0.25606142290976686,damping=0.15,0.9691986463341709,35.84859920736736,0.29902384156335476,2.1040649886187306,0.1,0.15,0.12,42,3,1,265,31.800000000000086,5.028182690201859,0.0,0.0
128,0.2538408542076321,damping=0.15,0.9756499596026158,35.537719589068494,0.26264175613795754,1.5459638596204124,0.1,0.15,0.12,42,3,1,270,32.40000000000008,4.5904330578526,0.0,0.0
128,0.25096640719156477,damping=0.15,0.9804392516634913,35.135297006819066,0.2378946659435113,1.0487360570544821,0.1,0.15,0.12,42,3,1,275,33.000000000000064,4.268516550005949,0.0,0.0
128,0.2479545940669465,damping=0.15,0.983577172909894,34.71364316937251,0.19412535870524567,0.6670927863174764,0.1,0.15,0.12,42,3,132,280,33.60000000000005,3.750967706450813,0.0,0.0
128,0.24494850461749382,damping=0.15,0.9850543194822194,34.292790646449134,0.15223536573239216,0.6256762029102063,0.1,0.15,0.12,42,3,132,285,34.20000000000004,3.2735040274380425,0.0,0.0
127,0.2425972584583736,damping=0.15,0.9850222711106001,33.9636161841723,0.09607296031375169,0.5764073502450923,0.1,0.15,0.12,42,3,132,290,34.800000000000026,2.6143669287403726,0.0,0.0
127,0.24078659511126388,damping=0.15,0.9848044075818876,33.71012331557694,0.03927105046345796,0.5183258737120017,0.1,0.15,0.12,42,3,132,295,35.40000000000001,1.959206159869997,0.0,0.0
127,0.23881193088587038,damping=0.15,0.9854020710604794,33.433670324021854,0.02091126139946529,0.4574961655752752,0.1,0.15,0.12,42,3,132,300,36.0,1.5001326919880873,0.0,0.0
1,0.3560118519459918,damping=0.15,0.009617549612621226,49.84165927243885,0.20913738736037749,49.57085212185964,0.1,0.15,0.12,42,4,1,5,0.6,1.6926792135422672,0.0,0.0
3,0.35536438677886445,damping=0.15,0.027926356295183304,49.75101414904102,0.29868850745016295,48.941541149466886,0.1,0.15,0.12,42,4,1,10,1.2000000000000002,3.1687488493191602,0.0,0.0
4,0.35470686198946333,damping=0.15,0.05114676342710295,49.65896067852486,0.3621304926905403,48.16601423562912,0.1,0.15,0.12,42,4,1,15,1.8000000000000007,4.510849395109603,0.0,0.0
4,0.3540084212769809,damping=0.15,0.07554419548118774,49.56117897877733,0.37740852543354486,47.318279028759854,0.1,0.15,0.12,42,4,1,20,2.4000000000000012,4.943895663406118,0.0,0.0
4,0.35326880591307763,damping=0.15,0.10020842361437843,49.45763282783087,0.4108803535400195,46.42535495747242,0.1,0.15,0.12,42,4,1,25,3.0000000000000018,5.3845076002569785,0.0,0.0
4,0.3522195780634038,damping=0.15,0.12351317909111943,49.310740928876534,0.4060490520346369,45.51187523455974,0.1,0.15,0.12,42,4,1,30,3.6000000000000023,5.552097257096279,0.0,0.0
5,0.35084963719674267,damping=0.15,0.14566885786814793,49.11894920754397,0.42906339458461057,44.580251381509335,0.1,0.15,0.12,42,4,1,35,4.200000000000003,5.974981170678508,0.0,0.0
5,0.3493080302185731,damping=0.15,0.16703494622985843,48.903124230600234,0.41866492851549086,43.64219902347214,0.1,0.15,0.12,42,4,1,40,4.800000000000003,6.0185663468575,0.0,0.0
5,0.34810961633719867,damping=0.15,0.18993500852710768,48.73534628720781,0.43926738340347204,42.693242627263416,0.1,0.15,0.12,42,4,1,45,5.400000000000004,6.27038150857404,0.0,0.0
5,0.34717776819319496,damping=0.15,0.2135649500182279,48.6048875470473,0.4268630397771989,41.741876779741204,0.1,0.15,0.12,42,4,1,50,6.000000000000004,6.190237537738328,0.0,0.0
8,0.34620230644387273,damping=0.15,0.23690586577026684,48.468322902142184,0.44642664844878954,40.78202532868206,0.1,0.15,0.12,42,4,1,55,6.600000000000005,6.42623133393285,0.0,0.0
11,0.34518827259595747,damping=0.15,0.2598040078986135,48.326358163434044,0.4330931385858008,39.82143986397548,0.1,0.15,0.12,42,4,1,60,7.2000000000000055,6.363715584681495,0.0,0.0
17,0.3436911408769023,damping=0.15,0.28102039769855386,48.11675972276632,0.45245121872601907,38.8533796741106,0.1,0.15,0.12,42,4,1,65,7.800000000000006,6.568009689782671,0.0,0.0
21,0.3417898893468884,damping=0.15,0.30075262430716254,47.85058450856438,0.43857538183440653,37.88537951442942,0.1,0.15,0.12,42,4,1,70,8.400000000000004,6.48724876817991,0.0,0.0
27,0.33972824915654776,damping=0.15,0.32012290511635655,47.561954881916684,0.4577751740832016,36.91048627543858,0.1,0.15,0.12,42,4,1,75,9.0,6.719682750975203,0.0,0.0
34,0.33816351218173174,damping=0.15,0.3410538291702122,47.34289170544245,0.44344942352122624,35.93623423336025,0.1,0.15,0.12,42,4,1,80,9.599999999999996,6.65627576997294,0.0,0.0
40,0.3369632085640557,damping=0.15,0.3631286592831224,47.1748491989678,0.4625492448258332,34.955548060247125,0.1,0.15,0.12,42,4,1,85,10.199999999999992,6.830372355803633,0.0,0.0
54,0.3357216209410883,damping=0.15,0.3848192896838893,47.001026931752364,0.4477417637294882,33.97608998630048,0.1,0.15,0.12,42,4,1,90,10.799999999999988,6.71241978498133,0.0,0.0
76,0.33444260881464993,damping=0.15,0.40637084355764386,46.82196523405099,0.46658670221442244,32.99082245496987,0.1,0.15,0.12,42,4,1,95,11.399999999999984,6.899863687048033,0.0,0.0
85,0.33259640020022524,damping=0.15,0.42619242970657917,46.56349602803153,0.4513025248205881,32.00751240712767,0.1,0.15,0.12,42,4,1,100,11.99999999999998,6.777605117228306,0.0,0.0
92,0.3302984106906758,damping=0.15,0.4449295373562739,46.24177749669461,0.4699500420318035,31.019040541487378,0.1,0.15,0.12,42,4,1,105,12.599999999999977,6.972992629917345,0.0,0.0
98,0.3278630033363674,damping=0.15,0.46327860736166737,45.90082046709144,0.45428383929570015,30.033177332341193,0.1,0.15,0.12,42,4,1,110,13.199999999999973,6.870709987372052,0.0,0.0
98,0.3259980824710729,damping=0.15,0.4832437723934527,45.63973154595021,0.4727333264207217,29.042735036775102,0.1,0.15,0.12,42,4,1,115,13.799999999999969,7.074943625798992,0.0,0.0
101,0.32454438272389324,damping=0.15,0.5040377972171579,45.43621358134506,0.4566502008424887,28.0555592278184,0.1,0.15,0.12,42,4,1,120,14.399999999999965,6.927017871032269,0.0,0.0
106,0.32305002228034063,damping=0.15,0.5246924454656441,45.22700311924769,0.47473238261733985,27.064526608389077,0.1,0.15,0.12,42,4,1,125,14.999999999999961,7.087067028076444,0.0,0.0
106,0.32152087079169833,damping=0.15,0.5450326273151191,45.01292191083777,0.4581439093109523,26.077617514147832,0.1,0.15,0.12,42,4,1,130,15.599999999999957,6.945591978588345,0.0,0.0
107,0.31937692479123625,damping=0.15,0.564065519518251,44.712769470773075,0.4758058639063886,25.087730091335292,0.1,0.15,0.12,42,4,1,135,16.199999999999957,7.1051400764218196,0.0,0.0
110,0.3167712242010453,damping=0.15,0.5820300650153234,44.34797138814634,0.45879781462252184,24.10284311983253,0.1,0.15,0.12,42,4,1,140,16.79999999999996,6.96937865596688,0.0,0.0
114,0.3140351633289485,damping=0.15,0.5998612069601097,43.96492286605279,0.4760583512256763,23.11582925983871,0.1,0.15,0.12,42,4,1,145,17.399999999999967,7.15114125411619,0.0,0.0
115,0.31191196555562994,damping=0.15,0.6188129834510392,43.66767517778819,0.4586613223763287,22.134665667255206,0.1,0.15,0.12,42,4,1,150,17.99999999999997,7.02416673195379,0.0,0.0
119,0.31022064244897596,damping=0.15,0.6385472756910597,43.43088994285663,0.47540386031723875,21.152287461688477,0.1,0.15,0.12,42,4,1,155,18.599999999999977,7.160539562580512,0.0,0.0
120,0.30849280927156847,damping=0.15,0.6579292639320845,43.18899329801958,0.45749524128165825,20.17677750174194,0.1,0.15,0.12,42,4,1,160,19.19999999999998,6.989060488801894,0.0,0.0
125,0.30673242026314285,damping=0.15,0.6771496586094908,42.94253883684,0.47350621401877996,19.201235408318432,0.1,0.15,0.12,42,4,1,165,19.799999999999986,7.125912007893602,0.0,0.0
126,0.3041289686316174,damping=0.15,0.6947776913971443,42.57805560842644,0.455080427262334,18.233781322734,0.1,0.15,0.12,42,4,1,170,20.39999999999999,6.956050302431769,0.0,0.0
126,0.3012525556901028,damping=0.15,0.7119947300374436,42.17535779661439,0.4703409212374361,17.267588100765803,0.1,0.15,0.12,42,4,1,175,20.999999999999996,7.103779514534476,0.0,0.0
126,0.2982598214888202,damping=0.15,0.7288863832302759,41.75637500843483,0.451457063695954,16.31073484214557,0.1,0.15,0.12,42,4,1,180,21.6,6.949685212736508,0.0,0.0
127,0.29590622824384183,damping=0.15,0.7466833244604586,41.42687195413786,0.46585810923685256,15.356521082416515,0.1,0.15,0.12,42,4,1,185,22.200000000000006,7.093018477057754,0.0,0.0
127,0.2940045103537467,damping=0.15,0.7647604925040359,41.16063144952454,0.4464150841728715,14.413071499762385,0.1,0.15,0.12,42,4,1,190,22.80000000000001,6.896790269097573,0.0,0.0
128,0.29206870358472764,damping=0.15,0.7825525923067054,40.88961850186187,0.4596433269636031,13.473978011321927,0.1,0.15,0.12,42,4,1,195,23.400000000000016,6.9900106265647155,0.0,0.0
128,0.2901053111094595,damping=0.15,0.7998809805941177,40.614743555324324,0.4394844881452107,12.547469846361402,0.1,0.15,0.12,42,4,1,200,24.00000000000002,6.789087886915186,0.0,0.0
128,0.2872917550037526,damping=0.15,0.8160422018095386,40.22084570052536,0.45130971349739274,11.627442813039641,0.1,0.15,0.12,42,4,1,205,24.600000000000026,6.877329045005694,0.0,0.0
128,0.2842221409672393,damping=0.15,0.8315866383603951,39.7910997354135,0.4304279531993773,10.722119817941401,0.1,0.15,0.12,42,4,1,210,25.20000000000003,6.68304315335974,0.0,0.0
128,0.28104845932388334,damping=0.15,0.8468242898503231,39.34678430534367,0.4406336302780911,9.825727926732329,0.1,0.15,0.12,42,4,1,215,25.800000000000036,6.775943046868151,0.0,0.0
128,0.2785206597258343,damping=0.15,0.8622391945368906,38.992892361616796,0.4189033352383238,8.946531004458157,0.1,0.15,0.12,42,4,1,220,26.40000000000004,6.576128283658381,0.0,0.0
128,0.27644069628771506,damping=0.15,0.877595048156362,38.70169748028011,0.4270030820669246,8.079308942307847,0.1,0.15,0.12,42,4,1,225,27.000000000000046,6.611012574814839,0.0,0.0
128,0.27433471863952624,damping=0.15,0.8922441136632728,38.40686060953367,0.40407322001737683,7.232540156118713,0.1,0.15,0.12,42,4,1,230,27.60000000000005,6.359874225870003,0.0,0.0
128,0.2722068174693031,damping=0.15,0.9062599198742424,38.10895444570243,0.40882254729511786,6.402169077663143,0.1,0.15,0.12,42,4,1,235,28.200000000000056,6.362961289653491,0.0,0.0
128,0.2692677390273467,damping=0.15,0.9189745580755494,37.69748346382853,0.3825901889631185,5.599415400471621,0.1,0.15,0.12,42,4,1,240,28.80000000000006,6.0836584897346,0.0,0.0
128,0.26610098080827854,damping=0.15,0.9308333555181065,37.254137313159,0.3812880052491424,4.823108395549936,0.1,0.15,0.12,42,4,1,245,29.400000000000066,6.041597040539163,0.0,0.0
128,0.2628695028646785,damping=0.15,0.9417401050568109,36.80173040105499,0.35214678700071644,4.083242311136336,0.1,0.15,0.12,42,4,1,250,30.00000000000007,5.735275064826664,0.0,0.0
128,0.26047491055671873,damping=0.15,0.9520941080155682,36.466487477940625,0.34522879304120146,3.37847663136585,0.1,0.15,0.12,42,4,1,255,30.600000000000076,5.623044644287842,0.0,0.0
128,0.2582752619763495,damping=0.15,0.9612898138775086,36.158536676688925,0.3131696132431708,2.7185401419177486,0.1,0.15,0.12,42,4,1,260,31.20000000000008,5.2439903857803305,0.0,0.0
128,0.25606142290976686,damping=0.15,0.9691986463341709,35.84859920736736,0.29902384156335476,2.1040649886187306,0.1,0.15,0.12,42,4,1,265,31.800000000000086,5.028182690201859,0.0,0.0
128,0.2538408542076321,damping=0.15,0.9756499596026158,35.537719589068494,0.26264175613795754,1.5459638596204124,0.1,0.15,0.12,42,4,1,270,32.40000000000008,4.5904330578526,0.0,0.0
128,0.25096640719156477,damping=0.15,0.9804392516634913,35.135297006819066,0.2378946659435113,1.0487360570544821,0.1,0.15,0.12,42,4,1,275,33.000000000000064,4.268516550005949,0.0,0.0
128,0.2479545940669465,damping=0.15,0.983577172909894,34.71364316937251,0.19412535870524567,0.6670927863174764,0.1,0.15,0.12,42,4,132,280,33.60000000000005,3.750967706450813,0.0,0.0
128,0.24494850461749382,damping=0.15,0.9850543194822194,34.292790646449134,0.15223536573239216,0.6256762029102063,0.1,0.15,0.12,42,4,132,285,34.20000000000004,3.2735040274380425,0.0,0.0
127,0.2425972584583736,damping=0.15,0.9850222711106001,33.9636161841723,0.09607296031375169,0.5764073502450923,0.1,0.15,0.12,42,4,132,290,34.800000000000026,2.6143669287403726,0.0,0.0
127,0.24078659511126388,damping=0.15,0.9848044075818876,33.71012331557694,0.03927105046345796,0.5183258737120017,0.1,0.15,0.12,42,4,132,295,35.40000000000001,1.959206159869997,0.0,0.0
127,0.23881193088587038,damping=0.15,0.9854020710604794,33.433670324021854,0.02091126139946529,0.4574961655752752,0.1,0.15,0.12,42,4,132,300,36.0,1.5001326919880873,0.0,0.0
1,0.35564189257241574,damping=0.2,0.009612699429413046,49.7898649601382,0.20910433974269715,49.519485929122006,0.1,0.2,0.12,42,0,1,5,0.6,1.692127393224545,0.0,0.0
3,0.3547932742848401,damping=0.2,0.027895353008215197,49.67105839987761,0.2986150229014345,48.863846893457236,0.1,0.2,0.12,42,0,1,10,1.2000000000000002,3.166212883368599,0.0,0.0
4,0.3539243768501899,damping=0.2,0.051058984560595634,49.54941275902659,0.3620024454455438,48.06252994035954,0.1,0.2,0.12,42,0,1,15,1.8000000000000007,4.5053065218332735,0.0,0.0
4,0.353002933959037,damping=0.2,0.07536870448093096,49.42041075426518,0.37723291073639015,47.18959412109239,0.1,0.2,0.12,42,0,1,20,2.4000000000000012,4.936850230950399,0.0,0.0
4,0.35202803475848643,damping=0.2,0.0999156697206235,49.2839248661881,0.41063576681017666,46.272094559661234,0.1,0.2,0.12,42,0,1,25,3.0000000000000018,5.375839222105898,0.0,0.0
4,0.35073222196673437,damping=0.2,0.12307444293916968,49.10251107534281,0.4057620550230165,45.33467460674154,0.1,0.2,0.12,42,0,1,30,3.6000000000000023,5.541340439142582,0.0,0.0
5,0.3491058760024395,damping=0.2,0.14506141379304774,48.87482264034153,0.4287058404875117,44.379761269101614,0.1,0.2,0.12,42,0,1,35,4.200000000000003,5.961157747297104,0.0,0.0
5,0.34729839851598276,damping=0.2,0.16623993510754156,48.621775792237585,0.41826571171133675,43.4190708146898,0.1,0.2,0.12,42,0,1,40,4.800000000000003,6.002784158289168,0.0,0.0
5,0.34582193637327147,damping=0.2,0.1889418196000807,48.415071092258,0.438787615483926,42.44814440011905,0.1,0.2,0.12,42,0,1,45,5.400000000000004,6.25253329904031,0.0,0.0
5,0.34459841548228426,damping=0.2,0.21235905594710652,48.24377816751979,0.4263448266266602,41.475471864031626,0.1,0.2,0.12,42,0,1,50,6.000000000000004,6.170898468329613,0.0,0.0
7,0.3433194085560379,damping=0.2,0.23547492772652237,48.064717197845304,0.4458244884264801,40.49499100847286,0.1,0.2,0.12,42,0,1,55,6.600000000000005,6.404394652827713,0.0,0.0
11,0.3419901887615479,damping=0.2,0.2581379269869353,47.878626426616705,0.43245597220228177,39.51444435286221,0.1,0.2,0.12,42,0,1,60,7.2000000000000055,6.340207614194147,0.0,0.0
15,0.3401708378167275,damping=0.2,0.2791091541732174,47.62391729434185,0.4517222053272505,38.52710780681351,0.1,0.2,0.12,42,0,1,65,7.800000000000006,6.542333237637636,0.0,0.0
20,0.33794175530229054,damping=0.2,0.2985888364248903,47.31184574232068,0.4378133043962567,37.54050555589561,0.1,0.2,0.12,42,0,1,70,8.400000000000004,6.460105669363238,0.0,0.0
23,0.33554530594010884,damping=0.2,0.3177065836845279,46.97634283161524,0.45691428448721066,36.54770319611434,0.1,0.2,0.12,42,0,1,75,9.0,6.6898283949688135,0.0,0.0
30,0.333632363164648,damping=0.2,0.3384002763625131,46.708530843050724,0.44255754272180126,35.5562227048779,0.1,0.2,0.12,42,0,1,80,9.599999999999996,6.62446867607183,0.0,0.0
38,0.3320694454420738,damping=0.2,0.36025178386922396,46.48972236189033,0.46154931896004825,34.559010999548164,0.1,0.2,0.12,42,0,1,85,10.199999999999992,6.795946011451404,0.0,0.0
48,0.3304549230385908,damping=0.2,0.38172391068534733,46.263689225402715,0.4467121335864684,33.56371634087422,0.1,0.2,0.12,42,0,1,90,10.799999999999988,6.676381839136737,0.0,0.0
63,0.3287928926518383,damping=0.2,0.4030680618725069,46.03100497125736,0.46544009018318516,32.56332541721042,0.1,0.2,0.12,42,0,1,95,11.399999999999984,6.861447785954568,0.0,0.0
78,0.32656174932715304,damping=0.2,0.4226793516216592,45.718644905801426,0.45012783860396177,31.56558837567519,0.1,0.2,0.12,42,0,1,100,11.99999999999998,6.738121160867062,0.0,0.0
87,0.32387719814682037,damping=0.2,0.44121065114983093,45.34280774055485,0.4686472022341116,30.563413378627747,0.1,0.2,0.12,42,0,1,105,12.599999999999977,6.930893300536644,0.0,0.0
96,0.3210498403631241,damping=0.2,0.459364433968438,44.946977650837376,0.45295238273338545,29.564553070908964,0.1,0.2,0.12,42,0,1,110,13.199999999999973,6.827651107308179,0.0,0.0
98,0.3187782678653108,damping=0.2,0.479180618423604,44.62895750114352,0.47125974799952647,28.561851568880197,0.1,0.2,0.12,42,0,1,115,13.799999999999969,7.029127807922457,0.0,0.0
99,0.31690314182666884,damping=0.2,0.49986113163724727,44.36643985573364,0.4551469059771316,27.563134961314272,0.1,0.2,0.12,42,0,1,120,14.399999999999965,6.879676327084712,0.0,0.0
105,0.31497870083795504,damping=0.2,0.5204261283895634,44.09701811731371,0.47307193992389324,26.561315464366263,0.1,0.2,0.12,42,0,1,125,14.999999999999961,7.037184251482524,0.0,0.0
106,0.31301106086468905,damping=0.2,0.5406986303239069,43.821548521056464,0.4564527086136982,25.56435134272065,0.1,0.2,0.12,42,0,1,130,15.599999999999957,6.894905988127074,0.0,0.0
107,0.3104313625101981,damping=0.2,0.5596694920965707,43.46039075142773,0.4739399862721817,24.565180692217528,0.1,0.2,0.12,42,0,1,135,16.199999999999957,7.051736608999521,0.0,0.0
107,0.30739162760159644,damping=0.2,0.5775790123672916,43.0348278642235,0.4568978257384473,23.571758841951052,0.1,0.2,0.12,42,0,1,140,16.79999999999996,6.914807442740094,0.0,0.0
111,0.3042177799348448,damping=0.2,0.5953824903820939,42.590489190878266,0.4739611363009353,22.577004836217018,0.1,0.2,0.12,42,0,1,145,17.399999999999967,7.09335241106933,0.0,0.0
114,0.301641335461033,damping=0.2,0.614371544249038,42.22978696454462,0.4565240567200265,21.58887152200103,0.1,0.2,0.12,42,0,1,150,17.99999999999997,6.965457352471231,0.0,0.0
115,0.2994822555730845,damping=0.2,0.634202752845191,41.92751578023183,0.4730423280019407,20.600347614314238,0.1,0.2,0.12,42,0,1,155,18.599999999999977,7.097854327307107,0.0,0.0
120,0.29727981232392214,damping=0.2,0.653710444058002,41.6191737253491,0.45508651331101835,19.619490093243588,0.1,0.2,0.12,42,0,1,160,19.19999999999998,6.925364302980669,0.0,0.0
122,0.29503825998949146,damping=0.2,0.6730934732051027,41.30535639852881,0.470841840427541,18.639460124341536,0.1,0.2,0.12,42,0,1,165,19.799999999999986,7.058883699655421,0.0,0.0
122,0.29196557967122183,damping=0.2,0.690877040713256,40.875181153971056,0.45235901093376785,17.668350754527808,0.1,0.2,0.12,42,0,1,170,20.39999999999999,6.887660187095759,0.0,0.0
124,0.28862116138632843,damping=0.2,0.7082777005844509,40.40696259408598,0.4673235926667824,16.69940741409919,0.1,0.2,0.12,42,0,1,175,20.999999999999996,7.031082777127424,0.0,0.0
124,0.28515854999949153,damping=0.2,0.7253822911023892,39.922196999928815,0.4483667101696729,15.74068298150513,0.1,0.2,0.12,42,0,1,180,21.6,6.875271821704436,0.0,0.0
126,0.2823192643406121,damping=0.2,0.743472891431902,39.524697007685695,0.4624197129205513,14.78556427215139,0.1,0.2,0.12,42,0,1,185,22.200000000000006,7.014117413469827,0.0,0.0
127,0.27991775715051853,damping=0.2,0.7618998757703457,39.1884860010726,0.4428818887669743,13.8421512811615,0.1,0.2,0.12,42,0,1,190,22.80000000000001,6.815352549515366,0.0,0.0
127,0.2774774762293178,damping=0.2,0.7800755316049035,38.84684667210449,0.4556968920308568,12.904141288352553,0.1,0.2,0.12,42,0,1,195,23.400000000000016,6.903595111220696,0.0,0.0
128,0.27500522140466355,damping=0.2,0.7978123462509696,38.5007309966529,0.4354138374570679,11.979741921703805,0.1,0.2,0.12,42,0,1,200,24.00000000000002,6.700675046441059,0.0,0.0
128,0.2717007360513752,damping=0.2,0.8143792738726386,38.03810304719253,0.44674034510107763,11.062979169837742,0.1,0.2,0.12,42,0,1,205,24.600000000000026,6.782651457899559,0.0,0.0
128,0.2681446436534661,damping=0.2,0.8303438764241342,37.54025011148525,0.4256899044488878,10.16206254907011,0.1,0.2,0.12,42,0,1,210,25.20000000000003,6.585038679926572,0.0,0.0
128,0.2644853074581028,damping=0.2,0.8460265829545295,37.02794304413439,0.43527813905948465,9.271386295946366,0.1,0.2,0.12,42,0,1,215,25.800000000000036,6.669884740601444,0.0,0.0
128,0.26145549764811077,damping=0.2,0.86192945228723,36.60376967073551,0.413311205987751,8.399217614815706,0.1,0.2,0.12,42,0,1,220,26.40000000000004,6.466158958374805,0.0,0.0
128,0.25886020105164426,damping=0.2,0.8777980827335219,36.2404281472302,0.4206265560470703,7.540558171255831,0.1,0.2,0.12,42,0,1,225,27.000000000000046,6.491125236416065,0.0,0.0
128,0.25623698409957263,damping=0.2,0.8929468480656113,35.87317777394017,0.39735626497249554,6.703920372575054,0.1,0.2,0.12,42,0,1,230,27.60000000000005,6.234858386245179,0.0,0.0
128,0.2535904562339953,damping=0.2,0.907443581904174,35.50266387275934,0.4010783181401819,5.885555218081921,0.1,0.2,0.12,42,0,1,235,28.200000000000056,6.2261794635954715,0.0,0.0
128,0.25015898542809173,damping=0.2,0.9205854741753705,35.022257959932844,0.37434451802423024,5.096764856527061,0.1,0.2,0.12,42,0,1,240,28.80000000000006,5.939202732064152,0.0,0.0
128,0.24650972251296827,damping=0.2,0.9328191558538933,34.51136115181556,0.37164890908727327,4.3368123616038705,0.1,0.2,0.12,42,0,1,245,29.400000000000066,5.8804963574377735,0.0,0.0
128,0.24280115979856584,damping=0.2,0.9440255056783656,33.99216237179922,0.3417316103032318,3.61588249955754,0.1,0.2,0.12,42,0,1,250,30.00000000000007,5.562337311983227,0.0,0.0
128,0.2399045882885232,damping=0.2,0.9545895977953466,33.58664236039325,0.3328158569236052,2.9333130052433063,0.1,0.2,0.12,42,0,1,255,30.600000000000076,5.427032933526288,0.0,0.0
128,0.23719835592169533,damping=0.2,0.9638591446269034,33.207769829037346,0.299483898540759,2.29925241687678,0.1,0.2,0.12,42,0,1,260,31.20000000000008,5.030632114218015,0.0,0.0
128,0.23448168270819,damping=0.2,0.9716706457081747,32.8274355791466,0.2822683489330138,1.7154902061781019,0.1,0.2,0.12,42,0,1,265,31.800000000000086,4.781496874926457,0.0,0.0
128,0.2317630602366155,damping=0.2,0.9778198887702546,32.44682843312617,0.2436282881397811,1.193886815261188,0.1,0.2,0.12,42,0,1,270,32.40000000000008,4.315015866607204,0.0,0.0
128,0.22843569249748225,damping=0.2,0.9820676149047146,31.980996949647515,0.21370150771268978,0.7411450746463375,0.1,0.2,0.12,42,0,1,275,33.000000000000064,3.9381963972194036,0.0,0.0
128,0.22499571502190494,damping=0.2,0.9844052228243247,31.49940010306669,0.16560781314563497,0.6029412843691848,0.1,0.2,0.12,42,0,132,280,33.60000000000005,3.368623854100777,0.0,0.0
128,0.2215835359999594,damping=0.2,0.9848218014773278,31.021695039994313,0.11480674982142366,0.5561372224460505,0.1,0.2,0.12,42,0,132,285,34.20000000000004,2.802575478314683,0.0,0.0
127,0.21908950400842964,damping=0.2,0.9842720960748209,30.67253056118015,0.05494807902935441,0.5004546885313705,0.1,0.2,0.12,42,0,132,290,34.800000000000026,2.0934614780815703,0.0,0.0
127,0.21681096001474565,damping=0.2,0.9849574514835522,30.35353440206439,0.02198893185052819,0.4398193254530793,0.1,0.2,0.12,42,0,132,295,35.40000000000001,1.5808880358705313,0.0,0.0
127,0.21423933853782348,damping=0.2,0.9857308646222591,29.993507395295286,0.023857613783649763,0.38225099044694194,0.1,0.2,0.12,42,0,132,300,36.0,1.311384273631034,0.0,0.0
1,0.35564189257241574,damping=0.2,0.009612699429413046,49.7898649601382,0.20910433974269715,49.519485929122006,0.1,0.2,0.12,42,1,1,5,0.6,1.692127393224545,0.0,0.0
3,0.3547932742848401,damping=0.2,0.027895353008215197,49.67105839987761,0.2986150229014345,48.863846893457236,0.1,0.2,0.12,42,1,1,10,1.2000000000000002,3.166212883368599,0.0,0.0
4,0.3539243768501899,damping=0.2,0.051058984560595634,49.54941275902659,0.3620024454455438,48.06252994035954,0.1,0.2,0.12,42,1,1,15,1.8000000000000007,4.5053065218332735,0.0,0.0
4,0.353002933959037,damping=0.2,0.07536870448093096,49.42041075426518,0.37723291073639015,47.18959412109239,0.1,0.2,0.12,42,1,1,20,2.4000000000000012,4.936850230950399,0.0,0.0
4,0.35202803475848643,damping=0.2,0.0999156697206235,49.2839248661881,0.41063576681017666,46.272094559661234,0.1,0.2,0.12,42,1,1,25,3.0000000000000018,5.375839222105898,0.0,0.0
4,0.35073222196673437,damping=0.2,0.12307444293916968,49.10251107534281,0.4057620550230165,45.33467460674154,0.1,0.2,0.12,42,1,1,30,3.6000000000000023,5.541340439142582,0.0,0.0
5,0.3491058760024395,damping=0.2,0.14506141379304774,48.87482264034153,0.4287058404875117,44.379761269101614,0.1,0.2,0.12,42,1,1,35,4.200000000000003,5.961157747297104,0.0,0.0
5,0.34729839851598276,damping=0.2,0.16623993510754156,48.621775792237585,0.41826571171133675,43.4190708146898,0.1,0.2,0.12,42,1,1,40,4.800000000000003,6.002784158289168,0.0,0.0
5,0.34582193637327147,damping=0.2,0.1889418196000807,48.415071092258,0.438787615483926,42.44814440011905,0.1,0.2,0.12,42,1,1,45,5.400000000000004,6.25253329904031,0.0,0.0
5,0.34459841548228426,damping=0.2,0.21235905594710652,48.24377816751979,0.4263448266266602,41.475471864031626,0.1,0.2,0.12,42,1,1,50,6.000000000000004,6.170898468329613,0.0,0.0
7,0.3433194085560379,damping=0.2,0.23547492772652237,48.064717197845304,0.4458244884264801,40.49499100847286,0.1,0.2,0.12,42,1,1,55,6.600000000000005,6.404394652827713,0.0,0.0
11,0.3419901887615479,damping=0.2,0.2581379269869353,47.878626426616705,0.43245597220228177,39.51444435286221,0.1,0.2,0.12,42,1,1,60,7.2000000000000055,6.340207614194147,0.0,0.0
15,0.3401708378167275,damping=0.2,0.2791091541732174,47.62391729434185,0.4517222053272505,38.52710780681351,0.1,0.2,0.12,42,1,1,65,7.800000000000006,6.542333237637636,0.0,0.0
20,0.33794175530229054,damping=0.2,0.2985888364248903,47.31184574232068,0.4378133043962567,37.54050555589561,0.1,0.2,0.12,42,1,1,70,8.400000000000004,6.460105669363238,0.0,0.0
23,0.33554530594010884,damping=0.2,0.3177065836845279,46.97634283161524,0.45691428448721066,36.54770319611434,0.1,0.2,0.12,42,1,1,75,9.0,6.6898283949688135,0.0,0.0
30,0.333632363164648,damping=0.2,0.3384002763625131,46.708530843050724,0.44255754272180126,35.5562227048779,0.1,0.2,0.12,42,1,1,80,9.599999999999996,6.62446867607183,0.0,0.0
38,0.3320694454420738,damping=0.2,0.36025178386922396,46.48972236189033,0.46154931896004825,34.559010999548164,0.1,0.2,0.12,42,1,1,85,10.199999999999992,6.795946011451404,0.0,0.0
48,0.3304549230385908,damping=0.2,0.38172391068534733,46.263689225402715,0.4467121335864684,33.56371634087422,0.1,0.2,0.12,42,1,1,90,10.799999999999988,6.676381839136737,0.0,0.0
63,0.3287928926518383,damping=0.2,0.4030680618725069,46.03100497125736,0.46544009018318516,32.56332541721042,0.1,0.2,0.12,42,1,1,95,11.399999999999984,6.861447785954568,0.0,0.0
78,0.32656174932715304,damping=0.2,0.4226793516216592,45.718644905801426,0.45012783860396177,31.56558837567519,0.1,0.2,0.12,42,1,1,100,11.99999999999998,6.738121160867062,0.0,0.0
87,0.32387719814682037,damping=0.2,0.44121065114983093,45.34280774055485,0.4686472022341116,30.563413378627747,0.1,0.2,0.12,42,1,1,105,12.599999999999977,6.930893300536644,0.0,0.0
96,0.3210498403631241,damping=0.2,0.459364433968438,44.946977650837376,0.45295238273338545,29.564553070908964,0.1,0.2,0.12,42,1,1,110,13.199999999999973,6.827651107308179,0.0,0.0
98,0.3187782678653108,damping=0.2,0.479180618423604,44.62895750114352,0.47125974799952647,28.561851568880197,0.1,0.2,0.12,42,1,1,115,13.799999999999969,7.029127807922457,0.0,0.0
99,0.31690314182666884,damping=0.2,0.49986113163724727,44.36643985573364,0.4551469059771316,27.563134961314272,0.1,0.2,0.12,42,1,1,120,14.399999999999965,6.879676327084712,0.0,0.0
105,0.31497870083795504,damping=0.2,0.5204261283895634,44.09701811731371,0.47307193992389324,26.561315464366263,0.1,0.2,0.12,42,1,1,125,14.999999999999961,7.037184251482524,0.0,0.0
106,0.31301106086468905,damping=0.2,0.5406986303239069,43.821548521056464,0.4564527086136982,25.56435134272065,0.1,0.2,0.12,42,1,1,130,15.599999999999957,6.894905988127074,0.0,0.0
107,0.3104313625101981,damping=0.2,0.5596694920965707,43.46039075142773,0.4739399862721817,24.565180692217528,0.1,0.2,0.12,42,1,1,135,16.199999999999957,7.051736608999521,0.0,0.0
107,0.30739162760159644,damping=0.2,0.5775790123672916,43.0348278642235,0.4568978257384473,23.571758841951052,0.1,0.2,0.12,42,1,1,140,16.79999999999996,6.914807442740094,0.0,0.0
111,0.3042177799348448,damping=0.2,0.5953824903820939,42.590489190878266,0.4739611363009353,22.577004836217018,0.1,0.2,0.12,42,1,1,145,17.399999999999967,7.09335241106933,0.0,0.0
114,0.301641335461033,damping=0.2,0.614371544249038,42.22978696454462,0.4565240567200265,21.58887152200103,0.1,0.2,0.12,42,1,1,150,17.99999999999997,6.965457352471231,0.0,0.0
115,0.2994822555730845,damping=0.2,0.634202752845191,41.92751578023183,0.4730423280019407,20.600347614314238,0.1,0.2,0.12,42,1,1,155,18.599999999999977,7.097854327307107,0.0,0.0
120,0.29727981232392214,damping=0.2,0.653710444058002,41.6191737253491,0.45508651331101835,19.619490093243588,0.1,0.2,0.12,42,1,1,160,19.19999999999998,6.925364302980669,0.0,0.0
122,0.29503825998949146,damping=0.2,0.6730934732051027,41.30535639852881,0.470841840427541,18.639460124341536,0.1,0.2,0.12,42,1,1,165,19.799999999999986,7.058883699655421,0.0,0.0
122,0.29196557967122183,damping=0.2,0.690877040713256,40.875181153971056,0.45235901093376785,17.668350754527808,0.1,0.2,0.12,42,1,1,170,20.39999999999999,6.887660187095759,0.0,0.0
124,0.28862116138632843,damping=0.2,0.7082777005844509,40.40696259408598,0.4673235926667824,16.69940741409919,0.1,0.2,0.12,42,1,1,175,20.999999999999996,7.031082777127424,0.0,0.0
124,0.28515854999949153,damping=0.2,0.7253822911023892,39.922196999928815,0.4483667101696729,15.74068298150513,0.1,0.2,0.12,42,1,1,180,21.6,6.875271821704436,0.0,0.0
126,0.2823192643406121,damping=0.2,0.743472891431902,39.524697007685695,0.4624197129205513,14.78556427215139,0.1,0.2,0.12,42,1,1,185,22.200000000000006,7.014117413469827,0.0,0.0
127,0.27991775715051853,damping=0.2,0.7618998757703457,39.1884860010726,0.4428818887669743,13.8421512811615,0.1,0.2,0.12,42,1,1,190,22.80000000000001,6.815352549515366,0.0,0.0
127,0.2774774762293178,damping=0.2,0.7800755316049035,38.84684667210449,0.4556968920308568,12.904141288352553,0.1,0.2,0.12,42,1,1,195,23.400000000000016,6.903595111220696,0.0,0.0
128,0.27500522140466355,damping=0.2,0.7978123462509696,38.5007309966529,0.4354138374570679,11.979741921703805,0.1,0.2,0.12,42,1,1,200,24.00000000000002,6.700675046441059,0.0,0.0
128,0.2717007360513752,damping=0.2,0.8143792738726386,38.03810304719253,0.44674034510107763,11.062979169837742,0.1,0.2,0.12,42,1,1,205,24.600000000000026,6.782651457899559,0.0,0.0
128,0.2681446436534661,damping=0.2,0.8303438764241342,37.54025011148525,0.4256899044488878,10.16206254907011,0.1,0.2,0.12,42,1,1,210,25.20000000000003,6.585038679926572,0.0,0.0
128,0.2644853074581028,damping=0.2,0.8460265829545295,37.02794304413439,0.43527813905948465,9.271386295946366,0.1,0.2,0.12,42,1,1,215,25.800000000000036,6.669884740601444,0.0,0.0
128,0.26145549764811077,damping=0.2,0.86192945228723,36.60376967073551,0.413311205987751,8.399217614815706,0.1,0.2,0.12,42,1,1,220,26.40000000000004,6.466158958374805,0.0,0.0
128,0.25886020105164426,damping=0.2,0.8777980827335219,36.2404281472302,0.4206265560470703,7.540558171255831,0.1,0.2,0.12,42,1,1,225,27.000000000000046,6.491125236416065,0.0,0.0
128,0.25623698409957263,damping=0.2,0.8929468480656113,35.87317777394017,0.39735626497249554,6.703920372575054,0.1,0.2,0.12,42,1,1,230,27.60000000000005,6.234858386245179,0.0,0.0
128,0.2535904562339953,damping=0.2,0.907443581904174,35.50266387275934,0.4010783181401819,5.885555218081921,0.1,0.2,0.12,42,1,1,235,28.200000000000056,6.2261794635954715,0.0,0.0
128,0.25015898542809173,damping=0.2,0.9205854741753705,35.022257959932844,0.37434451802423024,5.096764856527061,0.1,0.2,0.12,42,1,1,240,28.80000000000006,5.939202732064152,0.0,0.0
128,0.24650972251296827,damping=0.2,0.9328191558538933,34.51136115181556,0.37164890908727327,4.3368123616038705,0.1,0.2,0.12,42,1,1,245,29.400000000000066,5.8804963574377735,0.0,0.0
128,0.24280115979856584,damping=0.2,0.9440255056783656,33.99216237179922,0.3417316103032318,3.61588249955754,0.1,0.2,0.12,42,1,1,250,30.00000000000007,5.562337311983227,0.0,0.0
128,0.2399045882885232,damping=0.2,0.9545895977953466,33.58664236039325,0.3328158569236052,2.9333130052433063,0.1,0.2,0.12,42,1,1,255,30.600000000000076,5.427032933526288,0.0,0.0
128,0.23719835592169533,damping=0.2,0.9638591446269034,33.207769829037346,0.299483898540759,2.29925241687678,0.1,0.2,0.12,42,1,1,260,31.20000000000008,5.030632114218015,0.0,0.0
128,0.23448168270819,damping=0.2,0.9716706457081747,32.8274355791466,0.2822683489330138,1.7154902061781019,0.1,0.2,0.12,42,1,1,265,31.800000000000086,4.781496874926457,0.0,0.0
128,0.2317630602366155,damping=0.2,0.9778198887702546,32.44682843312617,0.2436282881397811,1.193886815261188,0.1,0.2,0.12,42,1,1,270,32.40000000000008,4.315015866607204,0.0,0.0
128,0.22843569249748225,damping=0.2,0.9820676149047146,31.980996949647515,0.21370150771268978,0.7411450746463375,0.1,0.2,0.12,42,1,1,275,33.000000000000064,3.9381963972194036,0.0,0.0
128,0.22499571502190494,damping=0.2,0.9844052228243247,31.49940010306669,0.16560781314563497,0.6029412843691848,0.1,0.2,0.12,42,1,132,280,33.60000000000005,3.368623854100777,0.0,0.0
128,0.2215835359999594,damping=0.2,0.9848218014773278,31.021695039994313,0.11480674982142366,0.5561372224460505,0.1,0.2,0.12,42,1,132,285,34.20000000000004,2.802575478314683,0.0,0.0
127,0.21908950400842964,damping=0.2,0.9842720960748209,30.67253056118015,0.05494807902935441,0.5004546885313705,0.1,0.2,0.12,42,1,132,290,34.800000000000026,2.0934614780815703,0.0,0.0
127,0.21681096001474565,damping=0.2,0.9849574514835522,30.35353440206439,0.02198893185052819,0.4398193254530793,0.1,0.2,0.12,42,1,132,295,35.40000000000001,1.5808880358705313,0.0,0.0
127,0.21423933853782348,damping=0.2,0.9857308646222591,29.993507395295286,0.023857613783649763,0.38225099044694194,0.1,0.2,0.12,42,1,132,300,36.0,1.311384273631034,0.0,0.0
1,0.35564189257241574,damping=0.2,0.009612699429413046,49.7898649601382,0.20910433974269715,49.519485929122006,0.1,0.2,0.12,42,2,1,5,0.6,1.692127393224545,0.0,0.0
3,0.3547932742848401,damping=0.2,0.027895353008215197,49.67105839987761,0.2986150229014345,48.863846893457236,0.1,0.2,0.12,42,2,1,10,1.2000000000000002,3.166212883368599,0.0,0.0
4,0.3539243768501899,damping=0.2,0.051058984560595634,49.54941275902659,0.3620024454455438,48.06252994035954,0.1,0.2,0.12,42,2,1,15,1.8000000000000007,4.5053065218332735,0.0,0.0
4,0.353002933959037,damping=0.2,0.07536870448093096,49.42041075426518,0.37723291073639015,47.18959412109239,0.1,0.2,0.12,42,2,1,20,2.4000000000000012,4.936850230950399,0.0,0.0
4,0.35202803475848643,damping=0.2,0.0999156697206235,49.2839248661881,0.41063576681017666,46.272094559661234,0.1,0.2,0.12,42,2,1,25,3.0000000000000018,5.375839222105898,0.0,0.0
4,0.35073222196673437,damping=0.2,0.12307444293916968,49.10251107534281,0.4057620550230165,45.33467460674154,0.1,0.2,0.12,42,2,1,30,3.6000000000000023,5.541340439142582,0.0,0.0
5,0.3491058760024395,damping=0.2,0.14506141379304774,48.87482264034153,0.4287058404875117,44.379761269101614,0.1,0.2,0.12,42,2,1,35,4.200000000000003,5.961157747297104,0.0,0.0
5,0.34729839851598276,damping=0.2,0.16623993510754156,48.621775792237585,0.41826571171133675,43.4190708146898,0.1,0.2,0.12,42,2,1,40,4.800000000000003,6.002784158289168,0.0,0.0
5,0.34582193637327147,damping=0.2,0.1889418196000807,48.415071092258,0.438787615483926,42.44814440011905,0.1,0.2,0.12,42,2,1,45,5.400000000000004,6.25253329904031,0.0,0.0
5,0.34459841548228426,damping=0.2,0.21235905594710652,48.24377816751979,0.4263448266266602,41.475471864031626,0.1,0.2,0.12,42,2,1,50,6.000000000000004,6.170898468329613,0.0,0.0
7,0.3433194085560379,damping=0.2,0.23547492772652237,48.064717197845304,0.4458244884264801,40.49499100847286,0.1,0.2,0.12,42,2,1,55,6.600000000000005,6.404394652827713,0.0,0.0
11,0.3419901887615479,damping=0.2,0.2581379269869353,47.878626426616705,0.43245597220228177,39.51444435286221,0.1,0.2,0.12,42,2,1,60,7.2000000000000055,6.340207614194147,0.0,0.0
15,0.3401708378167275,damping=0.2,0.2791091541732174,47.62391729434185,0.4517222053272505,38.52710780681351,0.1,0.2,0.12,42,2,1,65,7.800000000000006,6.542333237637636,0.0,0.0
20,0.33794175530229054,damping=0.2,0.2985888364248903,47.31184574232068,0.4378133043962567,37.54050555589561,0.1,0.2,0.12,42,2,1,70,8.400000000000004,6.460105669363238,0.0,0.0
23,0.33554530594010884,damping=0.2,0.3177065836845279,46.97634283161524,0.45691428448721066,36.54770319611434,0.1,0.2,0.12,42,2,1,75,9.0,6.6898283949688135,0.0,0.0
30,0.333632363164648,damping=0.2,0.3384002763625131,46.708530843050724,0.44255754272180126,35.5562227048779,0.1,0.2,0.12,42,2,1,80,9.599999999999996,6.62446867607183,0.0,0.0
38,0.3320694454420738,damping=0.2,0.36025178386922396,46.48972236189033,0.46154931896004825,34.559010999548164,0.1,0.2,0.12,42,2,1,85,10.199999999999992,6.795946011451404,0.0,0.0
48,0.3304549230385908,damping=0.2,0.38172391068534733,46.263689225402715,0.4467121335864684,33.56371634087422,0.1,0.2,0.12,42,2,1,90,10.799999999999988,6.676381839136737,0.0,0.0
63,0.3287928926518383,damping=0.2,0.4030680618725069,46.03100497125736,0.46544009018318516,32.56332541721042,0.1,0.2,0.12,42,2,1,95,11.399999999999984,6.861447785954568,0.0,0.0
78,0.32656174932715304,damping=0.2,0.4226793516216592,45.718644905801426,0.45012783860396177,31.56558837567519,0.1,0.2,0.12,42,2,1,100,11.99999999999998,6.738121160867062,0.0,0.0
87,0.32387719814682037,damping=0.2,0.44121065114983093,45.34280774055485,0.4686472022341116,30.563413378627747,0.1,0.2,0.12,42,2,1,105,12.599999999999977,6.930893300536644,0.0,0.0
96,0.3210498403631241,damping=0.2,0.459364433968438,44.946977650837376,0.45295238273338545,29.564553070908964,0.1,0.2,0.12,42,2,1,110,13.199999999999973,6.827651107308179,0.0,0.0
98,0.3187782678653108,damping=0.2,0.479180618423604,44.62895750114352,0.47125974799952647,28.561851568880197,0.1,0.2,0.12,42,2,1,115,13.799999999999969,7.029127807922457,0.0,0.0
99,0.31690314182666884,damping=0.2,0.49986113163724727,44.36643985573364,0.4551469059771316,27.563134961314272,0.1,0.2,0.12,42,2,1,120,14.399999999999965,6.879676327084712,0.0,0.0
105,0.31497870083795504,damping=0.2,0.5204261283895634,44.09701811731371,0.47307193992389324,26.561315464366263,0.1,0.2,0.12,42,2,1,125,14.999999999999961,7.037184251482524,0.0,0.0
106,0.31301106086468905,damping=0.2,0.5406986303239069,43.821548521056464,0.4564527086136982,25.56435134272065,0.1,0.2,0.12,42,2,1,130,15.599999999999957,6.894905988127074,0.0,0.0
107,0.3104313625101981,damping=0.2,0.5596694920965707,43.46039075142773,0.4739399862721817,24.565180692217528,0.1,0.2,0.12,42,2,1,135,16.199999999999957,7.051736608999521,0.0,0.0
107,0.30739162760159644,damping=0.2,0.5775790123672916,43.0348278642235,0.4568978257384473,23.571758841951052,0.1,0.2,0.12,42,2,1,140,16.79999999999996,6.914807442740094,0.0,0.0
111,0.3042177799348448,damping=0.2,0.5953824903820939,42.590489190878266,0.4739611363009353,22.577004836217018,0.1,0.2,0.12,42,2,1,145,17.399999999999967,7.09335241106933,0.0,0.0
114,0.301641335461033,damping=0.2,0.614371544249038,42.22978696454462,0.4565240567200265,21.58887152200103,0.1,0.2,0.12,42,2,1,150,17.99999999999997,6.965457352471231,0.0,0.0
115,0.2994822555730845,damping=0.2,0.634202752845191,41.92751578023183,0.4730423280019407,20.600347614314238,0.1,0.2,0.12,42,2,1,155,18.599999999999977,7.097854327307107,0.0,0.0
120,0.29727981232392214,damping=0.2,0.653710444058002,41.6191737253491,0.45508651331101835,19.619490093243588,0.1,0.2,0.12,42,2,1,160,19.19999999999998,6.925364302980669,0.0,0.0
122,0.29503825998949146,damping=0.2,0.6730934732051027,41.30535639852881,0.470841840427541,18.639460124341536,0.1,0.2,0.12,42,2,1,165,19.799999999999986,7.058883699655421,0.0,0.0
122,0.29196557967122183,damping=0.2,0.690877040713256,40.875181153971056,0.45235901093376785,17.668350754527808,0.1,0.2,0.12,42,2,1,170,20.39999999999999,6.887660187095759,0.0,0.0
124,0.28862116138632843,damping=0.2,0.7082777005844509,40.40696259408598,0.4673235926667824,16.69940741409919,0.1,0.2,0.12,42,2,1,175,20.999999999999996,7.031082777127424,0.0,0.0
124,0.28515854999949153,damping=0.2,0.7253822911023892,39.922196999928815,0.4483667101696729,15.74068298150513,0.1,0.2,0.12,42,2,1,180,21.6,6.875271821704436,0.0,0.0
126,0.2823192643406121,damping=0.2,0.743472891431902,39.524697007685695,0.4624197129205513,14.78556427215139,0.1,0.2,0.12,42,2,1,185,22.200000000000006,7.014117413469827,0.0,0.0
127,0.27991775715051853,damping=0.2,0.7618998757703457,39.1884860010726,0.4428818887669743,13.8421512811615,0.1,0.2,0.12,42,2,1,190,22.80000000000001,6.815352549515366,0.0,0.0
127,0.2774774762293178,damping=0.2,0.7800755316049035,38.84684667210449,0.4556968920308568,12.904141288352553,0.1,0.2,0.12,42,2,1,195,23.400000000000016,6.903595111220696,0.0,0.0
128,0.27500522140466355,damping=0.2,0.7978123462509696,38.5007309966529,0.4354138374570679,11.979741921703805,0.1,0.2,0.12,42,2,1,200,24.00000000000002,6.700675046441059,0.0,0.0
128,0.2717007360513752,damping=0.2,0.8143792738726386,38.03810304719253,0.44674034510107763,11.062979169837742,0.1,0.2,0.12,42,2,1,205,24.600000000000026,6.782651457899559,0.0,0.0
128,0.2681446436534661,damping=0.2,0.8303438764241342,37.54025011148525,0.4256899044488878,10.16206254907011,0.1,0.2,0.12,42,2,1,210,25.20000000000003,6.585038679926572,0.0,0.0
128,0.2644853074581028,damping=0.2,0.8460265829545295,37.02794304413439,0.43527813905948465,9.271386295946366,0.1,0.2,0.12,42,2,1,215,25.800000000000036,6.669884740601444,0.0,0.0
128,0.26145549764811077,damping=0.2,0.86192945228723,36.60376967073551,0.413311205987751,8.399217614815706,0.1,0.2,0.12,42,2,1,220,26.40000000000004,6.466158958374805,0.0,0.0
128,0.25886020105164426,damping=0.2,0.8777980827335219,36.2404281472302,0.4206265560470703,7.540558171255831,0.1,0.2,0.12,42,2,1,225,27.000000000000046,6.491125236416065,0.0,0.0
128,0.25623698409957263,damping=0.2,0.8929468480656113,35.87317777394017,0.39735626497249554,6.703920372575054,0.1,0.2,0.12,42,2,1,230,27.60000000000005,6.234858386245179,0.0,0.0
128,0.2535904562339953,damping=0.2,0.907443581904174,35.50266387275934,0.4010783181401819,5.885555218081921,0.1,0.2,0.12,42,2,1,235,28.200000000000056,6.2261794635954715,0.0,0.0
128,0.25015898542809173,damping=0.2,0.9205854741753705,35.022257959932844,0.37434451802423024,5.096764856527061,0.1,0.2,0.12,42,2,1,240,28.80000000000006,5.939202732064152,0.0,0.0
128,0.24650972251296827,damping=0.2,0.9328191558538933,34.51136115181556,0.37164890908727327,4.3368123616038705,0.1,0.2,0.12,42,2,1,245,29.400000000000066,5.8804963574377735,0.0,0.0
128,0.24280115979856584,damping=0.2,0.9440255056783656,33.99216237179922,0.3417316103032318,3.61588249955754,0.1,0.2,0.12,42,2,1,250,30.00000000000007,5.562337311983227,0.0,0.0
128,0.2399045882885232,damping=0.2,0.9545895977953466,33.58664236039325,0.3328158569236052,2.9333130052433063,0.1,0.2,0.12,42,2,1,255,30.600000000000076,5.427032933526288,0.0,0.0
128,0.23719835592169533,damping=0.2,0.9638591446269034,33.207769829037346,0.299483898540759,2.29925241687678,0.1,0.2,0.12,42,2,1,260,31.20000000000008,5.030632114218015,0.0,0.0
128,0.23448168270819,damping=0.2,0.9716706457081747,32.8274355791466,0.2822683489330138,1.7154902061781019,0.1,0.2,0.12,42,2,1,265,31.800000000000086,4.781496874926457,0.0,0.0
128,0.2317630602366155,damping=0.2,0.9778198887702546,32.44682843312617,0.2436282881397811,1.193886815261188,0.1,0.2,0.12,42,2,1,270,32.40000000000008,4.315015866607204,0.0,0.0
128,0.22843569249748225,damping=0.2,0.9820676149047146,31.980996949647515,0.21370150771268978,0.7411450746463375,0.1,0.2,0.12,42,2,1,275,33.000000000000064,3.9381963972194036,0.0,0.0
128,0.22499571502190494,damping=0.2,0.9844052228243247,31.49940010306669,0.16560781314563497,0.6029412843691848,0.1,0.2,0.12,42,2,132,280,33.60000000000005,3.368623854100777,0.0,0.0
128,0.2215835359999594,damping=0.2,0.9848218014773278,31.021695039994313,0.11480674982142366,0.5561372224460505,0.1,0.2,0.12,42,2,132,285,34.20000000000004,2.802575478314683,0.0,0.0
127,0.21908950400842964,damping=0.2,0.9842720960748209,30.67253056118015,0.05494807902935441,0.5004546885313705,0.1,0.2,0.12,42,2,132,290,34.800000000000026,2.0934614780815703,0.0,0.0
127,0.21681096001474565,damping=0.2,0.9849574514835522,30.35353440206439,0.02198893185052819,0.4398193254530793,0.1,0.2,0.12,42,2,132,295,35.40000000000001,1.5808880358705313,0.0,0.0
127,0.21423933853782348,damping=0.2,0.9857308646222591,29.993507395295286,0.023857613783649763,0.38225099044694194,0.1,0.2,0.12,42,2,132,300,36.0,1.311384273631034,0.0,0.0
1,0.35564189257241574,damping=0.2,0.009612699429413046,49.7898649601382,0.20910433974269715,49.519485929122006,0.1,0.2,0.12,42,3,1,5,0.6,1.692127393224545,0.0,0.0
3,0.3547932742848401,damping=0.2,0.027895353008215197,49.67105839987761,0.2986150229014345,48.863846893457236,0.1,0.2,0.12,42,3,1,10,1.2000000000000002,3.166212883368599,0.0,0.0
4,0.3539243768501899,damping=0.2,0.051058984560595634,49.54941275902659,0.3620024454455438,48.06252994035954,0.1,0.2,0.12,42,3,1,15,1.8000000000000007,4.5053065218332735,0.0,0.0
4,0.353002933959037,damping=0.2,0.07536870448093096,49.42041075426518,0.37723291073639015,47.18959412109239,0.1,0.2,0.12,42,3,1,20,2.4000000000000012,4.936850230950399,0.0,0.0
4,0.35202803475848643,damping=0.2,0.0999156697206235,49.2839248661881,0.41063576681017666,46.272094559661234,0.1,0.2,0.12,42,3,1,25,3.0000000000000018,5.375839222105898,0.0,0.0
4,0.35073222196673437,damping=0.2,0.12307444293916968,49.10251107534281,0.4057620550230165,45.33467460674154,0.1,0.2,0.12,42,3,1,30,3.6000000000000023,5.541340439142582,0.0,0.0
5,0.3491058760024395,damping=0.2,0.14506141379304774,48.87482264034153,0.4287058404875117,44.379761269101614,0.1,0.2,0.12,42,3,1,35,4.200000000000003,5.961157747297104,0.0,0.0
5,0.34729839851598276,damping=0.2,0.16623993510754156,48.621775792237585,0.41826571171133675,43.4190708146898,0.1,0.2,0.12,42,3,1,40,4.800000000000003,6.002784158289168,0.0,0.0
5,0.34582193637327147,damping=0.2,0.1889418196000807,48.415071092258,0.438787615483926,42.44814440011905,0.1,0.2,0.12,42,3,1,45,5.400000000000004,6.25253329904031,0.0,0.0
5,0.34459841548228426,damping=0.2,0.21235905594710652,48.24377816751979,0.4263448266266602,41.475471864031626,0.1,0.2,0.12,42,3,1,50,6.000000000000004,6.170898468329613,0.0,0.0
7,0.3433194085560379,damping=0.2,0.23547492772652237,48.064717197845304,0.4458244884264801,40.49499100847286,0.1,0.2,0.12,42,3,1,55,6.600000000000005,6.404394652827713,0.0,0.0
11,0.3419901887615479,damping=0.2,0.2581379269869353,47.878626426616705,0.43245597220228177,39.51444435286221,0.1,0.2,0.12,42,3,1,60,7.2000000000000055,6.340207614194147,0.0,0.0
15,0.3401708378167275,damping=0.2,0.2791091541732174,47.62391729434185,0.4517222053272505,38.52710780681351,0.1,0.2,0.12,42,3,1,65,7.800000000000006,6.542333237637636,0.0,0.0
20,0.33794175530229054,damping=0.2,0.2985888364248903,47.31184574232068,0.4378133043962567,37.54050555589561,0.1,0.2,0.12,42,3,1,70,8.400000000000004,6.460105669363238,0.0,0.0
23,0.33554530594010884,damping=0.2,0.3177065836845279,46.97634283161524,0.45691428448721066,36.54770319611434,0.1,0.2,0.12,42,3,1,75,9.0,6.6898283949688135,0.0,0.0
30,0.333632363164648,damping=0.2,0.3384002763625131,46.708530843050724,0.44255754272180126,35.5562227048779,0.1,0.2,0.12,42,3,1,80,9.599999999999996,6.62446867607183,0.0,0.0
38,0.3320694454420738,damping=0.2,0.36025178386922396,46.48972236189033,0.46154931896004825,34.559010999548164,0.1,0.2,0.12,42,3,1,85,10.199999999999992,6.795946011451404,0.0,0.0
48,0.3304549230385908,damping=0.2,0.38172391068534733,46.263689225402715,0.4467121335864684,33.56371634087422,0.1,0.2,0.12,42,3,1,90,10.799999999999988,6.676381839136737,0.0,0.0
63,0.3287928926518383,damping=0.2,0.4030680618725069,46.03100497125736,0.46544009018318516,32.56332541721042,0.1,0.2,0.12,42,3,1,95,11.399999999999984,6.861447785954568,0.0,0.0
78,0.32656174932715304,damping=0.2,0.4226793516216592,45.718644905801426,0.45012783860396177,31.56558837567519,0.1,0.2,0.12,42,3,1,100,11.99999999999998,6.738121160867062,0.0,0.0
87,0.32387719814682037,damping=0.2,0.44121065114983093,45.34280774055485,0.4686472022341116,30.563413378627747,0.1,0.2,0.12,42,3,1,105,12.599999999999977,6.930893300536644,0.0,0.0
96,0.3210498403631241,damping=0.2,0.459364433968438,44.946977650837376,0.45295238273338545,29.564553070908964,0.1,0.2,0.12,42,3,1,110,13.199999999999973,6.827651107308179,0.0,0.0
98,0.3187782678653108,damping=0.2,0.479180618423604,44.62895750114352,0.47125974799952647,28.561851568880197,0.1,0.2,0.12,42,3,1,115,13.799999999999969,7.029127807922457,0.0,0.0
99,0.31690314182666884,damping=0.2,0.49986113163724727,44.36643985573364,0.4551469059771316,27.563134961314272,0.1,0.2,0.12,42,3,1,120,14.399999999999965,6.879676327084712,0.0,0.0
105,0.31497870083795504,damping=0.2,0.5204261283895634,44.09701811731371,0.47307193992389324,26.561315464366263,0.1,0.2,0.12,42,3,1,125,14.999999999999961,7.037184251482524,0.0,0.0
106,0.31301106086468905,damping=0.2,0.5406986303239069,43.821548521056464,0.4564527086136982,25.56435134272065,0.1,0.2,0.12,42,3,1,130,15.599999999999957,6.894905988127074,0.0,0.0
107,0.3104313625101981,damping=0.2,0.5596694920965707,43.46039075142773,0.4739399862721817,24.565180692217528,0.1,0.2,0.12,42,3,1,135,16.199999999999957,7.051736608999521,0.0,0.0
107,0.30739162760159644,damping=0.2,0.5775790123672916,43.0348278642235,0.4568978257384473,23.571758841951052,0.1,0.2,0.12,42,3,1,140,16.79999999999996,6.914807442740094,0.0,0.0
111,0.3042177799348448,damping=0.2,0.5953824903820939,42.590489190878266,0.4739611363009353,22.577004836217018,0.1,0.2,0.12,42,3,1,145,17.399999999999967,7.09335241106933,0.0,0.0
114,0.301641335461033,damping=0.2,0.614371544249038,42.22978696454462,0.4565240567200265,21.58887152200103,0.1,0.2,0.12,42,3,1,150,17.99999999999997,6.965457352471231,0.0,0.0
115,0.2994822555730845,damping=0.2,0.634202752845191,41.92751578023183,0.4730423280019407,20.600347614314238,0.1,0.2,0.12,42,3,1,155,18.599999999999977,7.097854327307107,0.0,0.0
120,0.29727981232392214,damping=0.2,0.653710444058002,41.6191737253491,0.45508651331101835,19.619490093243588,0.1,0.2,0.12,42,3,1,160,19.19999999999998,6.925364302980669,0.0,0.0
122,0.29503825998949146,damping=0.2,0.6730934732051027,41.30535639852881,0.470841840427541,18.639460124341536,0.1,0.2,0.12,42,3,1,165,19.799999999999986,7.058883699655421,0.0,0.0
122,0.29196557967122183,damping=0.2,0.690877040713256,40.875181153971056,0.45235901093376785,17.668350754527808,0.1,0.2,0.12,42,3,1,170,20.39999999999999,6.887660187095759,0.0,0.0
124,0.28862116138632843,damping=0.2,0.7082777005844509,40.40696259408598,0.4673235926667824,16.69940741409919,0.1,0.2,0.12,42,3,1,175,20.999999999999996,7.031082777127424,0.0,0.0
124,0.28515854999949153,damping=0.2,0.7253822911023892,39.922196999928815,0.4483667101696729,15.74068298150513,0.1,0.2,0.12,42,3,1,180,21.6,6.875271821704436,0.0,0.0
126,0.2823192643406121,damping=0.2,0.743472891431902,39.524697007685695,0.4624197129205513,14.78556427215139,0.1,0.2,0.12,42,3,1,185,22.200000000000006,7.014117413469827,0.0,0.0
127,0.27991775715051853,damping=0.2,0.7618998757703457,39.1884860010726,0.4428818887669743,13.8421512811615,0.1,0.2,0.12,42,3,1,190,22.80000000000001,6.815352549515366,0.0,0.0
127,0.2774774762293178,damping=0.2,0.7800755316049035,38.84684667210449,0.4556968920308568,12.904141288352553,0.1,0.2,0.12,42,3,1,195,23.400000000000016,6.903595111220696,0.0,0.0
128,0.27500522140466355,damping=0.2,0.7978123462509696,38.5007309966529,0.4354138374570679,11.979741921703805,0.1,0.2,0.12,42,3,1,200,24.00000000000002,6.700675046441059,0.0,0.0
128,0.2717007360513752,damping=0.2,0.8143792738726386,38.03810304719253,0.44674034510107763,11.062979169837742,0.1,0.2,0.12,42,3,1,205,24.600000000000026,6.782651457899559,0.0,0.0
128,0.2681446436534661,damping=0.2,0.8303438764241342,37.54025011148525,0.4256899044488878,10.16206254907011,0.1,0.2,0.12,42,3,1,210,25.20000000000003,6.585038679926572,0.0,0.0
128,0.2644853074581028,damping=0.2,0.8460265829545295,37.02794304413439,0.43527813905948465,9.271386295946366,0.1,0.2,0.12,42,3,1,215,25.800000000000036,6.669884740601444,0.0,0.0
128,0.26145549764811077,damping=0.2,0.86192945228723,36.60376967073551,0.413311205987751,8.399217614815706,0.1,0.2,0.12,42,3,1,220,26.40000000000004,6.466158958374805,0.0,0.0
128,0.25886020105164426,damping=0.2,0.8777980827335219,36.2404281472302,0.4206265560470703,7.540558171255831,0.1,0.2,0.12,42,3,1,225,27.000000000000046,6.491125236416065,0.0,0.0
128,0.25623698409957263,damping=0.2,0.8929468480656113,35.87317777394017,0.39735626497249554,6.703920372575054,0.1,0.2,0.12,42,3,1,230,27.60000000000005,6.234858386245179,0.0,0.0
128,0.2535904562339953,damping=0.2,0.907443581904174,35.50266387275934,0.4010783181401819,5.885555218081921,0.1,0.2,0.12,42,3,1,235,28.200000000000056,6.2261794635954715,0.0,0.0
128,0.25015898542809173,damping=0.2,0.9205854741753705,35.022257959932844,0.37434451802423024,5.096764856527061,0.1,0.2,0.12,42,3,1,240,28.80000000000006,5.939202732064152,0.0,0.0
128,0.24650972251296827,damping=0.2,0.9328191558538933,34.51136115181556,0.37164890908727327,4.3368123616038705,0.1,0.2,0.12,42,3,1,245,29.400000000000066,5.8804963574377735,0.0,0.0
128,0.24280115979856584,damping=0.2,0.9440255056783656,33.99216237179922,0.3417316103032318,3.61588249955754,0.1,0.2,0.12,42,3,1,250,30.00000000000007,5.562337311983227,0.0,0.0
128,0.2399045882885232,damping=0.2,0.9545895977953466,33.58664236039325,0.3328158569236052,2.9333130052433063,0.1,0.2,0.12,42,3,1,255,30.600000000000076,5.427032933526288,0.0,0.0
128,0.23719835592169533,damping=0.2,0.9638591446269034,33.207769829037346,0.299483898540759,2.29925241687678,0.1,0.2,0.12,42,3,1,260,31.20000000000008,5.030632114218015,0.0,0.0
128,0.23448168270819,damping=0.2,0.9716706457081747,32.8274355791466,0.2822683489330138,1.7154902061781019,0.1,0.2,0.12,42,3,1,265,31.800000000000086,4.781496874926457,0.0,0.0
128,0.2317630602366155,damping=0.2,0.9778198887702546,32.44682843312617,0.2436282881397811,1.193886815261188,0.1,0.2,0.12,42,3,1,270,32.40000000000008,4.315015866607204,0.0,0.0
128,0.22843569249748225,damping=0.2,0.9820676149047146,31.980996949647515,0.21370150771268978,0.7411450746463375,0.1,0.2,0.12,42,3,1,275,33.000000000000064,3.9381963972194036,0.0,0.0
128,0.22499571502190494,damping=0.2,0.9844052228243247,31.49940010306669,0.16560781314563497,0.6029412843691848,0.1,0.2,0.12,42,3,132,280,33.60000000000005,3.368623854100777,0.0,0.0
128,0.2215835359999594,damping=0.2,0.9848218014773278,31.021695039994313,0.11480674982142366,0.5561372224460505,0.1,0.2,0.12,42,3,132,285,34.20000000000004,2.802575478314683,0.0,0.0
127,0.21908950400842964,damping=0.2,0.9842720960748209,30.67253056118015,0.05494807902935441,0.5004546885313705,0.1,0.2,0.12,42,3,132,290,34.800000000000026,2.0934614780815703,0.0,0.0
127,0.21681096001474565,damping=0.2,0.9849574514835522,30.35353440206439,0.02198893185052819,0.4398193254530793,0.1,0.2,0.12,42,3,132,295,35.40000000000001,1.5808880358705313,0.0,0.0
127,0.21423933853782348,damping=0.2,0.9857308646222591,29.993507395295286,0.023857613783649763,0.38225099044694194,0.1,0.2,0.12,42,3,132,300,36.0,1.311384273631034,0.0,0.0
1,0.35564189257241574,damping=0.2,0.009612699429413046,49.7898649601382,0.20910433974269715,49.519485929122006,0.1,0.2,0.12,42,4,1,5,0.6,1.692127393224545,0.0,0.0
3,0.3547932742848401,damping=0.2,0.027895353008215197,49.67105839987761,0.2986150229014345,48.863846893457236,0.1,0.2,0.12,42,4,1,10,1.2000000000000002,3.166212883368599,0.0,0.0
4,0.3539243768501899,damping=0.2,0.051058984560595634,49.54941275902659,0.3620024454455438,48.06252994035954,0.1,0.2,0.12,42,4,1,15,1.8000000000000007,4.5053065218332735,0.0,0.0
4,0.353002933959037,damping=0.2,0.07536870448093096,49.42041075426518,0.37723291073639015,47.18959412109239,0.1,0.2,0.12,42,4,1,20,2.4000000000000012,4.936850230950399,0.0,0.0
4,0.35202803475848643,damping=0.2,0.0999156697206235,49.2839248661881,0.41063576681017666,46.272094559661234,0.1,0.2,0.12,42,4,1,25,3.0000000000000018,5.375839222105898,0.0,0.0
4,0.35073222196673437,damping=0.2,0.12307444293916968,49.10251107534281,0.4057620550230165,45.33467460674154,0.1,0.2,0.12,42,4,1,30,3.6000000000000023,5.541340439142582,0.0,0.0
5,0.3491058760024395,damping=0.2,0.14506141379304774,48.87482264034153,0.4287058404875117,44.379761269101614,0.1,0.2,0.12,42,4,1,35,4.200000000000003,5.961157747297104,0.0,0.0
5,0.34729839851598276,damping=0.2,0.16623993510754156,48.621775792237585,0.41826571171133675,43.4190708146898,0.1,0.2,0.12,42,4,1,40,4.800000000000003,6.002784158289168,0.0,0.0
5,0.34582193637327147,damping=0.2,0.1889418196000807,48.415071092258,0.438787615483926,42.44814440011905,0.1,0.2,0.12,42,4,1,45,5.400000000000004,6.25253329904031,0.0,0.0
5,0.34459841548228426,damping=0.2,0.21235905594710652,48.24377816751979,0.4263448266266602,41.475471864031626,0.1,0.2,0.12,42,4,1,50,6.000000000000004,6.170898468329613,0.0,0.0
7,0.3433194085560379,damping=0.2,0.23547492772652237,48.064717197845304,0.4458244884264801,40.49499100847286,0.1,0.2,0.12,42,4,1,55,6.600000000000005,6.404394652827713,0.0,0.0
11,0.3419901887615479,damping=0.2,0.2581379269869353,47.878626426616705,0.43245597220228177,39.51444435286221,0.1,0.2,0.12,42,4,1,60,7.2000000000000055,6.340207614194147,0.0,0.0
15,0.3401708378167275,damping=0.2,0.2791091541732174,47.62391729434185,0.4517222053272505,38.52710780681351,0.1,0.2,0.12,42,4,1,65,7.800000000000006,6.542333237637636,0.0,0.0
20,0.33794175530229054,damping=0.2,0.2985888364248903,47.31184574232068,0.4378133043962567,37.54050555589561,0.1,0.2,0.12,42,4,1,70,8.400000000000004,6.460105669363238,0.0,0.0
23,0.33554530594010884,damping=0.2,0.3177065836845279,46.97634283161524,0.45691428448721066,36.54770319611434,0.1,0.2,0.12,42,4,1,75,9.0,6.6898283949688135,0.0,0.0
30,0.333632363164648,damping=0.2,0.3384002763625131,46.708530843050724,0.44255754272180126,35.5562227048779,0.1,0.2,0.12,42,4,1,80,9.599999999999996,6.62446867607183,0.0,0.0
38,0.3320694454420738,damping=0.2,0.36025178386922396,46.48972236189033,0.46154931896004825,34.559010999548164,0.1,0.2,0.12,42,4,1,85,10.199999999999992,6.795946011451404,0.0,0.0
48,0.3304549230385908,damping=0.2,0.38172391068534733,46.263689225402715,0.4467121335864684,33.56371634087422,0.1,0.2,0.12,42,4,1,90,10.799999999999988,6.676381839136737,0.0,0.0
63,0.3287928926518383,damping=0.2,0.4030680618725069,46.03100497125736,0.46544009018318516,32.56332541721042,0.1,0.2,0.12,42,4,1,95,11.399999999999984,6.861447785954568,0.0,0.0
78,0.32656174932715304,damping=0.2,0.4226793516216592,45.718644905801426,0.45012783860396177,31.56558837567519,0.1,0.2,0.12,42,4,1,100,11.99999999999998,6.738121160867062,0.0,0.0
87,0.32387719814682037,damping=0.2,0.44121065114983093,45.34280774055485,0.4686472022341116,30.563413378627747,0.1,0.2,0.12,42,4,1,105,12.599999999999977,6.930893300536644,0.0,0.0
96,0.3210498403631241,damping=0.2,0.459364433968438,44.946977650837376,0.45295238273338545,29.564553070908964,0.1,0.2,0.12,42,4,1,110,13.199999999999973,6.827651107308179,0.0,0.0
98,0.3187782678653108,damping=0.2,0.479180618423604,44.62895750114352,0.47125974799952647,28.561851568880197,0.1,0.2,0.12,42,4,1,115,13.799999999999969,7.029127807922457,0.0,0.0
99,0.31690314182666884,damping=0.2,0.49986113163724727,44.36643985573364,0.4551469059771316,27.563134961314272,0.1,0.2,0.12,42,4,1,120,14.399999999999965,6.879676327084712,0.0,0.0
105,0.31497870083795504,damping=0.2,0.5204261283895634,44.09701811731371,0.47307193992389324,26.561315464366263,0.1,0.2,0.12,42,4,1,125,14.999999999999961,7.037184251482524,0.0,0.0
106,0.31301106086468905,damping=0.2,0.5406986303239069,43.821548521056464,0.4564527086136982,25.56435134272065,0.1,0.2,0.12,42,4,1,130,15.599999999999957,6.894905988127074,0.0,0.0
107,0.3104313625101981,damping=0.2,0.5596694920965707,43.46039075142773,0.4739399862721817,24.565180692217528,0.1,0.2,0.12,42,4,1,135,16.199999999999957,7.051736608999521,0.0,0.0
107,0.30739162760159644,damping=0.2,0.5775790123672916,43.0348278642235,0.4568978257384473,23.571758841951052,0.1,0.2,0.12,42,4,1,140,16.79999999999996,6.914807442740094,0.0,0.0
111,0.3042177799348448,damping=0.2,0.5953824903820939,42.590489190878266,0.4739611363009353,22.577004836217018,0.1,0.2,0.12,42,4,1,145,17.399999999999967,7.09335241106933,0.0,0.0
114,0.301641335461033,damping=0.2,0.614371544249038,42.22978696454462,0.4565240567200265,21.58887152200103,0.1,0.2,0.12,42,4,1,150,17.99999999999997,6.965457352471231,0.0,0.0
115,0.2994822555730845,damping=0.2,0.634202752845191,41.92751578023183,0.4730423280019407,20.600347614314238,0.1,0.2,0.12,42,4,1,155,18.599999999999977,7.097854327307107,0.0,0.0
120,0.29727981232392214,damping=0.2,0.653710444058002,41.6191737253491,0.45508651331101835,19.619490093243588,0.1,0.2,0.12,42,4,1,160,19.19999999999998,6.925364302980669,0.0,0.0
122,0.29503825998949146,damping=0.2,0.6730934732051027,41.30535639852881,0.470841840427541,18.639460124341536,0.1,0.2,0.12,42,4,1,165,19.799999999999986,7.058883699655421,0.0,0.0
122,0.29196557967122183,damping=0.2,0.690877040713256,40.875181153971056,0.45235901093376785,17.668350754527808,0.1,0.2,0.12,42,4,1,170,20.39999999999999,6.887660187095759,0.0,0.0
124,0.28862116138632843,damping=0.2,0.7082777005844509,40.40696259408598,0.4673235926667824,16.69940741409919,0.1,0.2,0.12,42,4,1,175,20.999999999999996,7.031082777127424,0.0,0.0
124,0.28515854999949153,damping=0.2,0.7253822911023892,39.922196999928815,0.4483667101696729,15.74068298150513,0.1,0.2,0.12,42,4,1,180,21.6,6.875271821704436,0.0,0.0
126,0.2823192643406121,damping=0.2,0.743472891431902,39.524697007685695,0.4624197129205513,14.78556427215139,0.1,0.2,0.12,42,4,1,185,22.200000000000006,7.014117413469827,0.0,0.0
127,0.27991775715051853,damping=0.2,0.7618998757703457,39.1884860010726,0.4428818887669743,13.8421512811615,0.1,0.2,0.12,42,4,1,190,22.80000000000001,6.815352549515366,0.0,0.0
127,0.2774774762293178,damping=0.2,0.7800755316049035,38.84684667210449,0.4556968920308568,12.904141288352553,0.1,0.2,0.12,42,4,1,195,23.400000000000016,6.903595111220696,0.0,0.0
128,0.27500522140466355,damping=0.2,0.7978123462509696,38.5007309966529,0.4354138374570679,11.979741921703805,0.1,0.2,0.12,42,4,1,200,24.00000000000002,6.700675046441059,0.0,0.0
128,0.2717007360513752,damping=0.2,0.8143792738726386,38.03810304719253,0.44674034510107763,11.062979169837742,0.1,0.2,0.12,42,4,1,205,24.600000000000026,6.782651457899559,0.0,0.0
128,0.2681446436534661,damping=0.2,0.8303438764241342,37.54025011148525,0.4256899044488878,10.16206254907011,0.1,0.2,0.12,42,4,1,210,25.20000000000003,6.585038679926572,0.0,0.0
128,0.2644853074581028,damping=0.2,0.8460265829545295,37.02794304413439,0.43527813905948465,9.271386295946366,0.1,0.2,0.12,42,4,1,215,25.800000000000036,6.669884740601444,0.0,0.0
128,0.26145549764811077,damping=0.2,0.86192945228723,36.60376967073551,0.413311205987751,8.399217614815706,0.1,0.2,0.12,42,4,1,220,26.40000000000004,6.466158958374805,0.0,0.0
128,0.25886020105164426,damping=0.2,0.8777980827335219,36.2404281472302,0.4206265560470703,7.540558171255831,0.1,0.2,0.12,42,4,1,225,27.000000000000046,6.491125236416065,0.0,0.0
128,0.25623698409957263,damping=0.2,0.8929468480656113,35.87317777394017,0.39735626497249554,6.703920372575054,0.1,0.2,0.12,42,4,1,230,27.60000000000005,6.234858386245179,0.0,0.0
128,0.2535904562339953,damping=0.2,0.907443581904174,35.50266387275934,0.4010783181401819,5.885555218081921,0.1,0.2,0.12,42,4,1,235,28.200000000000056,6.2261794635954715,0.0,0.0
128,0.25015898542809173,damping=0.2,0.9205854741753705,35.022257959932844,0.37434451802423024,5.096764856527061,0.1,0.2,0.12,42,4,1,240,28.80000000000006,5.939202732064152,0.0,0.0
128,0.24650972251296827,damping=0.2,0.9328191558538933,34.51136115181556,0.37164890908727327,4.3368123616038705,0.1,0.2,0.12,42,4,1,245,29.400000000000066,5.8804963574377735,0.0,0.0
128,0.24280115979856584,damping=0.2,0.9440255056783656,33.99216237179922,0.3417316103032318,3.61588249955754,0.1,0.2,0.12,42,4,1,250,30.00000000000007,5.562337311983227,0.0,0.0
128,0.2399045882885232,damping=0.2,0.9545895977953466,33.58664236039325,0.3328158569236052,2.9333130052433063,0.1,0.2,0.12,42,4,1,255,30.600000000000076,5.427032933526288,0.0,0.0
128,0.23719835592169533,damping=0.2,0.9638591446269034,33.207769829037346,0.299483898540759,2.29925241687678,0.1,0.2,0.12,42,4,1,260,31.20000000000008,5.030632114218015,0.0,0.0
128,0.23448168270819,damping=0.2,0.9716706457081747,32.8274355791466,0.2822683489330138,1.7154902061781019,0.1,0.2,0.12,42,4,1,265,31.800000000000086,4.781496874926457,0.0,0.0
128,0.2317630602366155,damping=0.2,0.9778198887702546,32.44682843312617,0.2436282881397811,1.193886815261188,0.1,0.2,0.12,42,4,1,270,32.40000000000008,4.315015866607204,0.0,0.0
128,0.22843569249748225,damping=0.2,0.9820676149047146,31.980996949647515,0.21370150771268978,0.7411450746463375,0.1,0.2,0.12,42,4,1,275,33.000000000000064,3.9381963972194036,0.0,0.0
128,0.22499571502190494,damping=0.2,0.9844052228243247,31.49940010306669,0.16560781314563497,0.6029412843691848,0.1,0.2,0.12,42,4,132,280,33.60000000000005,3.368623854100777,0.0,0.0
128,0.2215835359999594,damping=0.2,0.9848218014773278,31.021695039994313,0.11480674982142366,0.5561372224460505,0.1,0.2,0.12,42,4,132,285,34.20000000000004,2.802575478314683,0.0,0.0
127,0.21908950400842964,damping=0.2,0.9842720960748209,30.67253056118015,0.05494807902935441,0.5004546885313705,0.1,0.2,0.12,42,4,132,290,34.800000000000026,2.0934614780815703,0.0,0.0
127,0.21681096001474565,damping=0.2,0.9849574514835522,30.35353440206439,0.02198893185052819,0.4398193254530793,0.1,0.2,0.12,42,4,132,295,35.40000000000001,1.5808880358705313,0.0,0.0
127,0.21423933853782348,damping=0.2,0.9857308646222591,29.993507395295286,0.023857613783649763,0.38225099044694194,0.1,0.2,0.12,42,4,132,300,36.0,1.311384273631034,0.0,0.0
1,0.3552721717547221,damping=0.25,0.009607851388381439,49.73810404566109,0.2090712757613863,49.468152571946796,0.1,0.25,0.12,42,0,1,5,0.6,1.6915757147927735,0.0,0.0
3,0.35422292114156734,damping=0.25,0.02786440374509547,49.591208959819426,0.2985414953848291,48.786252241714365,0.1,0.25,0.12,42,0,1,10,1.2000000000000002,3.1636803863546574,0.0,0.0
4,0.35314348240020016,damping=0.25,0.05097146987868963,49.440087536028024,0.3618743368638302,47.95924007010695,0.1,0.25,0.12,42,0,1,15,1.8000000000000007,4.499776553441216,0.0,0.0
4,0.3520002613525406,damping=0.25,0.0751939587506948,49.28003658935568,0.37705722479017945,47.061225885276,0.1,0.25,0.12,42,0,1,20,2.4000000000000012,4.929824907154899,0.0,0.0
4,0.35079178396753063,damping=0.25,0.099624514409931,49.11084975545429,0.4103910792312303,46.119299850532634,0.1,0.25,0.12,42,0,1,25,3.0000000000000018,5.3671992828087935,0.0,0.0
4,0.34925165744657416,damping=0.25,0.12263860100367431,48.895232042520384,0.4054748881395243,45.15811481035728,0.1,0.25,0.12,42,0,1,30,3.6000000000000023,5.530627901611478,0.0,0.0
5,0.34737181693988617,damping=0.25,0.14445866170288424,48.63205437158406,0.4283479704359129,44.18011262738483,0.1,0.25,0.12,42,0,1,35,4.200000000000003,5.947403810936748,0.0,0.0
5,0.34530209152944935,damping=0.25,0.16545194776564515,48.34229281412291,0.41786604525883386,43.197009568146704,0.1,0.25,0.12,42,0,1,40,4.800000000000003,5.987093300619931,0.0,0.0
5,0.3435520121860933,damping=0.25,0.18795853698103343,48.09728170605307,0.4383071677256611,42.20436282069658,0.1,0.25,0.12,42,0,1,45,5.400000000000004,6.2347953994818575,0.0,0.0
5,0.34204215685085043,damping=0.25,0.21116644224237488,47.88590195911906,0.4258256989362177,41.21065683716862,0.1,0.25,0.12,42,0,1,50,6.000000000000004,6.15169219042367,0.0,0.0
7,0.34046592195983555,damping=0.25,0.23406112238806964,47.665229074376974,0.4452209700869363,40.209842776864576,0.1,0.25,0.12,42,0,1,55,6.600000000000005,6.382718882083882,0.0,0.0
11,0.3388288936860206,damping=0.25,0.25649328039911534,47.436045116042884,0.4318170632361457,39.20965349453555,0.1,0.25,0.12,42,0,1,60,7.2000000000000055,6.31688833762679,0.0,0.0
15,0.3366957716276427,damping=0.25,0.27722406251393383,47.137408027869974,0.4509907857941908,38.203380959712646,0.1,0.25,0.12,42,0,1,65,7.800000000000006,6.516870928613011,0.0,0.0
20,0.3341484204625773,damping=0.25,0.29645633286305445,46.780778864760826,0.43704829396599226,37.19853819835706,0.1,0.25,0.12,42,0,1,70,8.400000000000004,6.433210976942559,0.0,0.0
22,0.3314279200343416,damping=0.25,0.31532708527082276,46.39990880480783,0.4560494963896953,36.18820900761577,0.1,0.25,0.12,42,0,1,75,9.0,6.660400375390548,0.0,0.0
28,0.3291788891032872,damping=0.25,0.33578944816454775,46.085044474460204,0.4416610459968201,35.1799024890362,0.1,0.25,0.12,42,0,1,80,9.599999999999996,6.593016737892423,0.0,0.0
35,0.3272669245461072,damping=0.25,0.35742372134804334,45.817369436455,0.46054346070007435,34.16658734612498,0.1,0.25,0.12,42,0,1,85,10.199999999999992,6.761877284543097,0.0,0.0
40,0.3252944909795112,damping=0.25,0.37868354545151545,45.54122873713157,0.44567566871400766,33.15589726940832,0.1,0.25,0.12,42,0,1,90,10.799999999999988,6.641085882638224,0.0,0.0
55,0.3232659876275739,damping=0.25,0.39982659111299856,45.257238267860345,0.4642849019789355,32.140842798425055,0.1,0.25,0.12,42,0,1,95,11.399999999999984,6.823533277522911,0.0,0.0
75,0.3206678473298166,damping=0.25,0.41923391521237113,44.89349862617433,0.4489434407868961,31.12915669391457,0.1,0.25,0.12,42,0,1,100,11.99999999999998,6.699128800554156,0.0,0.0
82,0.3176161128739236,damping=0.25,0.43756583398007554,44.4662558023493,0.4673324020861943,30.113774288375428,0.1,0.25,0.12,42,0,1,105,12.599999999999977,6.889256864309241,0.0,0.0
90,0.31441777058242815,damping=0.25,0.45553083098213754,44.01848788153994,0.4516076056151889,29.102429780811736,0.1,0.25,0.12,42,0,1,110,13.199999999999973,6.785050972363996,0.0,0.0
97,0.31176235745860914,damping=0.25,0.47520476850610616,43.64673004420528,0.4697700382268831,28.087998944290536,0.1,0.25,0.12,42,0,1,115,13.799999999999969,6.983948810184715,0.0,0.0
98,0.30949051848399195,damping=0.25,0.49577847251106155,43.328672587758874,0.45362586817129646,27.078287735619956,0.1,0.25,0.12,42,0,1,120,14.399999999999965,6.8329102007452445,0.0,0.0
102,0.3071625332530154,damping=0.25,0.5162604638600079,43.00275465542216,0.4713902604026975,26.06624381525017,0.1,0.25,0.12,42,0,1,125,14.999999999999961,6.987890705392416,0.0,0.0
105,0.3047848156429592,damping=0.25,0.5364718634799643,42.66987419001428,0.45473835629752457,25.05980270897657,0.1,0.25,0.12,42,0,1,130,15.599999999999957,6.844789513001195,0.0,0.0
106,0.30179937104369814,damping=0.25,0.5553872128284429,42.25191194611774,0.4720466401043285,24.051942570953045,0.1,0.25,0.12,42,0,1,135,16.199999999999957,6.99888150601934,0.0,0.0
107,0.2983572845167314,damping=0.25,0.5732482062370741,41.77001983234239,0.4549681111557919,23.05059459088594,0.1,0.25,0.12,42,0,1,140,16.79999999999996,6.860801377008775,0.0,0.0
107,0.2947792291860974,damping=0.25,0.5910307045308671,41.26909208605363,0.47182892451195524,22.048724513062574,0.1,0.25,0.12,42,0,1,145,17.399999999999967,7.036232939167848,0.0,0.0
110,0.29178535573088077,damping=0.25,0.6100643659007371,40.84994980232331,0.45434914477522276,21.054260162637387,0.1,0.25,0.12,42,0,1,150,17.99999999999997,6.907338773459481,0.0,0.0
114,0.28919658470532567,damping=0.25,0.6300003341099135,40.487521858745595,0.470636716812334,20.060244437490343,0.1,0.25,0.12,42,0,1,155,18.599999999999977,7.0358075969046014,0.0,0.0
116,0.2865596936919362,damping=0.25,0.6496418062470066,40.11835711687107,0.45263055181149475,19.074707716511913,0.1,0.25,0.12,42,0,1,160,19.19999999999998,6.862267283509171,0.0,0.0
120,0.28387927394887724,damping=0.25,0.6691960265664861,39.743098352842814,0.46812232275242704,18.09087365450519,0.1,0.25,0.12,42,0,1,165,19.799999999999986,6.992447238101013,0.0,0.0
120,0.2803812312868905,damping=0.25,0.6871438630040116,39.25337238016467,0.4495785823650324,17.116807538882895,0.1,0.25,0.12,42,0,1,170,20.39999999999999,6.819782681347959,0.0,0.0
120,0.2766146393919895,damping=0.25,0.7047375620110577,38.726049514878525,0.464237415898873,16.145828846187857,0.1,0.25,0.12,42,0,1,175,20.999999999999996,6.958786087420972,0.0,0.0
123,0.2727301141075645,damping=0.25,0.7220652573731977,38.18221597505903,0.4452026838944,15.185963698789832,0.1,0.25,0.12,42,0,1,180,21.6,6.8011668726621775,0.0,0.0
124,0.26945562058689854,damping=0.25,0.740461411540731,37.7237868821658,0.4588952842725908,14.23068838999012,0.1,0.25,0.12,42,0,1,185,22.200000000000006,6.935443863154702,0.0,0.0
126,0.26660730653941955,damping=0.25,0.7592512238416761,37.32502291551874,0.4392564391794311,13.288077971067285,0.1,0.25,0.12,42,0,1,190,22.80000000000001,6.734133725824964,0.0,0.0
127,0.2637178235172317,damping=0.25,0.7778242636495658,36.92049529241244,0.4516422974922354,12.351938374890757,0.1,0.25,0.12,42,0,1,195,23.400000000000016,6.817187010608707,0.0,0.0
127,0.2607942997467492,damping=0.25,0.7959839516964735,36.51120196454489,0.43122659512239697,11.43045594978219,0.1,0.25,0.12,42,0,1,200,24.00000000000002,6.612145927125428,0.0,0.0
127,0.2570581139906245,damping=0.25,0.8129716549452783,35.98813595868743,0.4420331817229701,10.517791958814662,0.1,0.25,0.12,42,0,1,205,24.600000000000026,6.687668732750417,0.0,0.0
127,0.253076890826979,damping=0.25,0.8293719738935988,35.43076471577706,0.4208019848979073,9.622144100031047,0.1,0.25,0.12,42,0,1,210,25.20000000000003,6.486581415117642,0.0,0.0
127,0.2489955710096699,damping=0.25,0.8455155681496505,34.85937994135379,0.42974335702298844,8.738081923231427,0.1,0.25,0.12,42,0,1,215,25.800000000000036,6.563275653341652,0.0,0.0
127,0.24553014391581998,damping=0.25,0.8619217401267014,34.374220148214796,0.4075214956906813,7.873880026246935,0.1,0.25,0.12,42,0,1,220,26.40000000000004,6.355193021924552,0.0,0.0
128,0.24248858034802392,damping=0.25,0.8783163744388474,33.94840124872335,0.41400939194720393,7.024775489889318,0.1,0.25,0.12,42,0,1,225,27.000000000000046,6.3699747951731895,0.0,0.0
128,0.23941966266048703,damping=0.25,0.8939743665880556,33.51875277246818,0.39036893384759047,6.19932403036852,0.1,0.25,0.12,42,0,1,230,27.60000000000005,6.108198292304958,0.0,0.0
128,0.2363285533802246,damping=0.25,0.9089558125982005,33.085997473231444,0.39299617118976593,5.394107676762885,0.1,0.25,0.12,42,0,1,235,28.200000000000056,6.08698121746487,0.0,0.0
128,0.23248058784234432,damping=0.25,0.9225217489376164,32.547282297928206,0.3657091334592219,4.620531296066226,0.1,0.25,0.12,42,0,1,240,28.80000000000006,5.791701746101574,0.0,0.0
128,0.22842711677035038,damping=0.25,0.9351157168946235,31.979796347849053,0.36150620923169907,3.8783377698067976,0.1,0.25,0.12,42,0,1,245,29.400000000000066,5.715130978497267,0.0,0.0
128,0.22432245605574466,damping=0.25,0.9465912010893185,31.405143847804254,0.3307151723590244,3.1779486275239344,0.1,0.25,0.12,42,0,1,250,30.00000000000007,5.384004689045101,0.0,0.0
128,0.22100782732826718,damping=0.25,0.9573106267358038,30.941095825957404,0.3195906382720578,2.5194760077612095,0.1,0.25,0.12,42,0,1,255,30.600000000000076,5.223463434396017,0.0,0.0
128,0.2178818262554456,damping=0.25,0.9665699830754099,30.503455675762385,0.2847835334437509,1.9135996464704754,0.1,0.25,0.12,42,0,1,260,31.20000000000008,4.807426648103168,0.0,0.0
128,0.2147520995023156,damping=0.25,0.9741624640530915,30.065293930324184,0.264061361742456,1.3634891759641652,0.1,0.25,0.12,42,0,1,265,31.800000000000086,4.5207034836594335,0.0,0.0
128,0.2116283521094465,damping=0.25,0.9798440416205662,29.627969295322508,0.22269914907857621,0.8822411946300608,0.1,0.25,0.12,42,0,1,270,32.40000000000008,4.020327538498729,0.0,0.0
128,0.2079449207779321,damping=0.25,0.9833352699059434,29.112288908910497,0.1866136910899382,0.5844453128030708,0.1,0.25,0.12,42,0,132,275,33.000000000000064,3.5792308127450267,0.0,0.0
128,0.20417836119231614,damping=0.25,0.9846104660495325,28.58497056692426,0.13327158036596035,0.5407661318449523,0.1,0.25,0.12,42,0,132,280,33.60000000000005,2.9482049692604773,0.0,0.0
127,0.20058448081492164,damping=0.25,0.9836890806174851,28.08182731408903,0.0732000423920526,0.48804278345946184,0.1,0.25,0.12,42,0,132,285,34.20000000000004,2.290923706007885,0.0,0.0
127,0.19800829825158967,damping=0.25,0.9844332707643813,27.721161755222553,0.02776203648373232,0.42840295463539896,0.1,0.25,0.12,42,0,132,290,34.800000000000026,1.6702670584186505,0.0,0.0
127,0.19514891285168917,damping=0.25,0.9851421140823771,27.320847799236486,0.019237857732479633,0.36986886554574805,0.1,0.25,0.12,42,0,132,295,35.40000000000001,1.3265637777891963,0.0,0.0
127,0.19223643093898235,damping=0.25,0.9861271464687661,26.913100331457528,0.02466344928923552,0.318210508562824,0.1,0.25,0.12,42,0,132,300,36.0,1.177877522639314,0.0,0.0
1,0.3552721717547221,damping=0.25,0.009607851388381439,49.73810404566109,0.2090712757613863,49.468152571946796,0.1,0.25,0.12,42,1,1,5,0.6,1.6915757147927735,0.0,0.0
3,0.35422292114156734,damping=0.25,0.02786440374509547,49.591208959819426,0.2985414953848291,48.786252241714365,0.1,0.25,0.12,42,1,1,10,1.2000000000000002,3.1636803863546574,0.0,0.0
4,0.35314348240020016,damping=0.25,0.05097146987868963,49.440087536028024,0.3618743368638302,47.95924007010695,0.1,0.25,0.12,42,1,1,15,1.8000000000000007,4.499776553441216,0.0,0.0
4,0.3520002613525406,damping=0.25,0.0751939587506948,49.28003658935568,0.37705722479017945,47.061225885276,0.1,0.25,0.12,42,1,1,20,2.4000000000000012,4.929824907154899,0.0,0.0
4,0.35079178396753063,damping=0.25,0.099624514409931,49.11084975545429,0.4103910792312303,46.119299850532634,0.1,0.25,0.12,42,1,1,25,3.0000000000000018,5.3671992828087935,0.0,0.0
4,0.34925165744657416,damping=0.25,0.12263860100367431,48.895232042520384,0.4054748881395243,45.15811481035728,0.1,0.25,0.12,42,1,1,30,3.6000000000000023,5.530627901611478,0.0,0.0
5,0.34737181693988617,damping=0.25,0.14445866170288424,48.63205437158406,0.4283479704359129,44.18011262738483,0.1,0.25,0.12,42,1,1,35,4.200000000000003,5.947403810936748,0.0,0.0
5,0.34530209152944935,damping=0.25,0.16545194776564515,48.34229281412291,0.41786604525883386,43.197009568146704,0.1,0.25,0.12,42,1,1,40,4.800000000000003,5.987093300619931,0.0,0.0
5,0.3435520121860933,damping=0.25,0.18795853698103343,48.09728170605307,0.4383071677256611,42.20436282069658,0.1,0.25,0.12,42,1,1,45,5.400000000000004,6.2347953994818575,0.0,0.0
5,0.34204215685085043,damping=0.25,0.21116644224237488,47.88590195911906,0.4258256989362177,41.21065683716862,0.1,0.25,0.12,42,1,1,50,6.000000000000004,6.15169219042367,0.0,0.0
7,0.34046592195983555,damping=0.25,0.23406112238806964,47.665229074376974,0.4452209700869363,40.209842776864576,0.1,0.25,0.12,42,1,1,55,6.600000000000005,6.382718882083882,0.0,0.0
11,0.3388288936860206,damping=0.25,0.25649328039911534,47.436045116042884,0.4318170632361457,39.20965349453555,0.1,0.25,0.12,42,1,1,60,7.2000000000000055,6.31688833762679,0.0,0.0
15,0.3366957716276427,damping=0.25,0.27722406251393383,47.137408027869974,0.4509907857941908,38.203380959712646,0.1,0.25,0.12,42,1,1,65,7.800000000000006,6.516870928613011,0.0,0.0
20,0.3341484204625773,damping=0.25,0.29645633286305445,46.780778864760826,0.43704829396599226,37.19853819835706,0.1,0.25,0.12,42,1,1,70,8.400000000000004,6.433210976942559,0.0,0.0
22,0.3314279200343416,damping=0.25,0.31532708527082276,46.39990880480783,0.4560494963896953,36.18820900761577,0.1,0.25,0.12,42,1,1,75,9.0,6.660400375390548,0.0,0.0
28,0.3291788891032872,damping=0.25,0.33578944816454775,46.085044474460204,0.4416610459968201,35.1799024890362,0.1,0.25,0.12,42,1,1,80,9.599999999999996,6.593016737892423,0.0,0.0
35,0.3272669245461072,damping=0.25,0.35742372134804334,45.817369436455,0.46054346070007435,34.16658734612498,0.1,0.25,0.12,42,1,1,85,10.199999999999992,6.761877284543097,0.0,0.0
40,0.3252944909795112,damping=0.25,0.37868354545151545,45.54122873713157,0.44567566871400766,33.15589726940832,0.1,0.25,0.12,42,1,1,90,10.799999999999988,6.641085882638224,0.0,0.0
55,0.3232659876275739,damping=0.25,0.39982659111299856,45.257238267860345,0.4642849019789355,32.140842798425055,0.1,0.25,0.12,42,1,1,95,11.399999999999984,6.823533277522911,0.0,0.0
75,0.3206678473298166,damping=0.25,0.41923391521237113,44.89349862617433,0.4489434407868961,31.12915669391457,0.1,0.25,0.12,42,1,1,100,11.99999999999998,6.699128800554156,0.0,0.0
82,0.3176161128739236,damping=0.25,0.43756583398007554,44.4662558023493,0.4673324020861943,30.113774288375428,0.1,0.25,0.12,42,1,1,105,12.599999999999977,6.889256864309241,0.0,0.0
90,0.31441777058242815,damping=0.25,0.45553083098213754,44.01848788153994,0.4516076056151889,29.102429780811736,0.1,0.25,0.12,42,1,1,110,13.199999999999973,6.785050972363996,0.0,0.0
97,0.31176235745860914,damping=0.25,0.47520476850610616,43.64673004420528,0.4697700382268831,28.087998944290536,0.1,0.25,0.12,42,1,1,115,13.799999999999969,6.983948810184715,0.0,0.0
98,0.30949051848399195,damping=0.25,0.49577847251106155,43.328672587758874,0.45362586817129646,27.078287735619956,0.1,0.25,0.12,42,1,1,120,14.399999999999965,6.8329102007452445,0.0,0.0
102,0.3071625332530154,damping=0.25,0.5162604638600079,43.00275465542216,0.4713902604026975,26.06624381525017,0.1,0.25,0.12,42,1,1,125,14.999999999999961,6.987890705392416,0.0,0.0
105,0.3047848156429592,damping=0.25,0.5364718634799643,42.66987419001428,0.45473835629752457,25.05980270897657,0.1,0.25,0.12,42,1,1,130,15.599999999999957,6.844789513001195,0.0,0.0
106,0.30179937104369814,damping=0.25,0.5553872128284429,42.25191194611774,0.4720466401043285,24.051942570953045,0.1,0.25,0.12,42,1,1,135,16.199999999999957,6.99888150601934,0.0,0.0
107,0.2983572845167314,damping=0.25,0.5732482062370741,41.77001983234239,0.4549681111557919,23.05059459088594,0.1,0.25,0.12,42,1,1,140,16.79999999999996,6.860801377008775,0.0,0.0
107,0.2947792291860974,damping=0.25,0.5910307045308671,41.26909208605363,0.47182892451195524,22.048724513062574,0.1,0.25,0.12,42,1,1,145,17.399999999999967,7.036232939167848,0.0,0.0
110,0.29178535573088077,damping=0.25,0.6100643659007371,40.84994980232331,0.45434914477522276,21.054260162637387,0.1,0.25,0.12,42,1,1,150,17.99999999999997,6.907338773459481,0.0,0.0
114,0.28919658470532567,damping=0.25,0.6300003341099135,40.487521858745595,0.470636716812334,20.060244437490343,0.1,0.25,0.12,42,1,1,155,18.599999999999977,7.0358075969046014,0.0,0.0
116,0.2865596936919362,damping=0.25,0.6496418062470066,40.11835711687107,0.45263055181149475,19.074707716511913,0.1,0.25,0.12,42,1,1,160,19.19999999999998,6.862267283509171,0.0,0.0
120,0.28387927394887724,damping=0.25,0.6691960265664861,39.743098352842814,0.46812232275242704,18.09087365450519,0.1,0.25,0.12,42,1,1,165,19.799999999999986,6.992447238101013,0.0,0.0
120,0.2803812312868905,damping=0.25,0.6871438630040116,39.25337238016467,0.4495785823650324,17.116807538882895,0.1,0.25,0.12,42,1,1,170,20.39999999999999,6.819782681347959,0.0,0.0
120,0.2766146393919895,damping=0.25,0.7047375620110577,38.726049514878525,0.464237415898873,16.145828846187857,0.1,0.25,0.12,42,1,1,175,20.999999999999996,6.958786087420972,0.0,0.0
123,0.2727301141075645,damping=0.25,0.7220652573731977,38.18221597505903,0.4452026838944,15.185963698789832,0.1,0.25,0.12,42,1,1,180,21.6,6.8011668726621775,0.0,0.0
124,0.26945562058689854,damping=0.25,0.740461411540731,37.7237868821658,0.4588952842725908,14.23068838999012,0.1,0.25,0.12,42,1,1,185,22.200000000000006,6.935443863154702,0.0,0.0
126,0.26660730653941955,damping=0.25,0.7592512238416761,37.32502291551874,0.4392564391794311,13.288077971067285,0.1,0.25,0.12,42,1,1,190,22.80000000000001,6.734133725824964,0.0,0.0
127,0.2637178235172317,damping=0.25,0.7778242636495658,36.92049529241244,0.4516422974922354,12.351938374890757,0.1,0.25,0.12,42,1,1,195,23.400000000000016,6.817187010608707,0.0,0.0
127,0.2607942997467492,damping=0.25,0.7959839516964735,36.51120196454489,0.43122659512239697,11.43045594978219,0.1,0.25,0.12,42,1,1,200,24.00000000000002,6.612145927125428,0.0,0.0
127,0.2570581139906245,damping=0.25,0.8129716549452783,35.98813595868743,0.4420331817229701,10.517791958814662,0.1,0.25,0.12,42,1,1,205,24.600000000000026,6.687668732750417,0.0,0.0
127,0.253076890826979,damping=0.25,0.8293719738935988,35.43076471577706,0.4208019848979073,9.622144100031047,0.1,0.25,0.12,42,1,1,210,25.20000000000003,6.486581415117642,0.0,0.0
127,0.2489955710096699,damping=0.25,0.8455155681496505,34.85937994135379,0.42974335702298844,8.738081923231427,0.1,0.25,0.12,42,1,1,215,25.800000000000036,6.563275653341652,0.0,0.0
127,0.24553014391581998,damping=0.25,0.8619217401267014,34.374220148214796,0.4075214956906813,7.873880026246935,0.1,0.25,0.12,42,1,1,220,26.40000000000004,6.355193021924552,0.0,0.0
128,0.24248858034802392,damping=0.25,0.8783163744388474,33.94840124872335,0.41400939194720393,7.024775489889318,0.1,0.25,0.12,42,1,1,225,27.000000000000046,6.3699747951731895,0.0,0.0
128,0.23941966266048703,damping=0.25,0.8939743665880556,33.51875277246818,0.39036893384759047,6.19932403036852,0.1,0.25,0.12,42,1,1,230,27.60000000000005,6.108198292304958,0.0,0.0
128,0.2363285533802246,damping=0.25,0.9089558125982005,33.085997473231444,0.39299617118976593,5.394107676762885,0.1,0.25,0.12,42,1,1,235,28.200000000000056,6.08698121746487,0.0,0.0
128,0.23248058784234432,damping=0.25,0.9225217489376164,32.547282297928206,0.3657091334592219,4.620531296066226,0.1,0.25,0.12,42,1,1,240,28.80000000000006,5.791701746101574,0.0,0.0
128,0.22842711677035038,damping=0.25,0.9351157168946235,31.979796347849053,0.36150620923169907,3.8783377698067976,0.1,0.25,0.12,42,1,1,245,29.400000000000066,5.715130978497267,0.0,0.0
128,0.22432245605574466,damping=0.25,0.9465912010893185,31.405143847804254,0.3307151723590244,3.1779486275239344,0.1,0.25,0.12,42,1,1,250,30.00000000000007,5.384004689045101,0.0,0.0
128,0.22100782732826718,damping=0.25,0.9573106267358038,30.941095825957404,0.3195906382720578,2.5194760077612095,0.1,0.25,0.12,42,1,1,255,30.600000000000076,5.223463434396017,0.0,0.0
128,0.2178818262554456,damping=0.25,0.9665699830754099,30.503455675762385,0.2847835334437509,1.9135996464704754,0.1,0.25,0.12,42,1,1,260,31.20000000000008,4.807426648103168,0.0,0.0
128,0.2147520995023156,damping=0.25,0.9741624640530915,30.065293930324184,0.264061361742456,1.3634891759641652,0.1,0.25,0.12,42,1,1,265,31.800000000000086,4.5207034836594335,0.0,0.0
128,0.2116283521094465,damping=0.25,0.9798440416205662,29.627969295322508,0.22269914907857621,0.8822411946300608,0.1,0.25,0.12,42,1,1,270,32.40000000000008,4.020327538498729,0.0,0.0
128,0.2079449207779321,damping=0.25,0.9833352699059434,29.112288908910497,0.1866136910899382,0.5844453128030708,0.1,0.25,0.12,42,1,132,275,33.000000000000064,3.5792308127450267,0.0,0.0
128,0.20417836119231614,damping=0.25,0.9846104660495325,28.58497056692426,0.13327158036596035,0.5407661318449523,0.1,0.25,0.12,42,1,132,280,33.60000000000005,2.9482049692604773,0.0,0.0
127,0.20058448081492164,damping=0.25,0.9836890806174851,28.08182731408903,0.0732000423920526,0.48804278345946184,0.1,0.25,0.12,42,1,132,285,34.20000000000004,2.290923706007885,0.0,0.0
127,0.19800829825158967,damping=0.25,0.9844332707643813,27.721161755222553,0.02776203648373232,0.42840295463539896,0.1,0.25,0.12,42,1,132,290,34.800000000000026,1.6702670584186505,0.0,0.0
127,0.19514891285168917,damping=0.25,0.9851421140823771,27.320847799236486,0.019237857732479633,0.36986886554574805,0.1,0.25,0.12,42,1,132,295,35.40000000000001,1.3265637777891963,0.0,0.0
127,0.19223643093898235,damping=0.25,0.9861271464687661,26.913100331457528,0.02466344928923552,0.318210508562824,0.1,0.25,0.12,42,1,132,300,36.0,1.177877522639314,0.0,0.0
1,0.3552721717547221,damping=0.25,0.009607851388381439,49.73810404566109,0.2090712757613863,49.468152571946796,0.1,0.25,0.12,42,2,1,5,0.6,1.6915757147927735,0.0,0.0
3,0.35422292114156734,damping=0.25,0.02786440374509547,49.591208959819426,0.2985414953848291,48.786252241714365,0.1,0.25,0.12,42,2,1,10,1.2000000000000002,3.1636803863546574,0.0,0.0
4,0.35314348240020016,damping=0.25,0.05097146987868963,49.440087536028024,0.3618743368638302,47.95924007010695,0.1,0.25,0.12,42,2,1,15,1.8000000000000007,4.499776553441216,0.0,0.0
4,0.3520002613525406,damping=0.25,0.0751939587506948,49.28003658935568,0.37705722479017945,47.061225885276,0.1,0.25,0.12,42,2,1,20,2.4000000000000012,4.929824907154899,0.0,0.0
4,0.35079178396753063,damping=0.25,0.099624514409931,49.11084975545429,0.4103910792312303,46.119299850532634,0.1,0.25,0.12,42,2,1,25,3.0000000000000018,5.3671992828087935,0.0,0.0
4,0.34925165744657416,damping=0.25,0.12263860100367431,48.895232042520384,0.4054748881395243,45.15811481035728,0.1,0.25,0.12,42,2,1,30,3.6000000000000023,5.530627901611478,0.0,0.0
5,0.34737181693988617,damping=0.25,0.14445866170288424,48.63205437158406,0.4283479704359129,44.18011262738483,0.1,0.25,0.12,42,2,1,35,4.200000000000003,5.947403810936748,0.0,0.0
5,0.34530209152944935,damping=0.25,0.16545194776564515,48.34229281412291,0.41786604525883386,43.197009568146704,0.1,0.25,0.12,42,2,1,40,4.800000000000003,5.987093300619931,0.0,0.0
5,0.3435520121860933,damping=0.25,0.18795853698103343,48.09728170605307,0.4383071677256611,42.20436282069658,0.1,0.25,0.12,42,2,1,45,5.400000000000004,6.2347953994818575,0.0,0.0
5,0.34204215685085043,damping=0.25,0.21116644224237488,47.88590195911906,0.4258256989362177,41.21065683716862,0.1,0.25,0.12,42,2,1,50,6.000000000000004,6.15169219042367,0.0,0.0
7,0.34046592195983555,damping=0.25,0.23406112238806964,47.665229074376974,0.4452209700869363,40.209842776864576,0.1,0.25,0.12,42,2,1,55,6.600000000000005,6.382718882083882,0.0,0.0
11,0.3388288936860206,damping=0.25,0.25649328039911534,47.436045116042884,0.4318170632361457,39.20965349453555,0.1,0.25,0.12,42,2,1,60,7.2000000000000055,6.31688833762679,0.0,0.0
15,0.3366957716276427,damping=0.25,0.27722406251393383,47.137408027869974,0.4509907857941908,38.203380959712646,0.1,0.25,0.12,42,2,1,65,7.800000000000006,6.516870928613011,0.0,0.0
20,0.3341484204625773,damping=0.25,0.29645633286305445,46.780778864760826,0.43704829396599226,37.19853819835706,0.1,0.25,0.12,42,2,1,70,8.400000000000004,6.433210976942559,0.0,0.0
22,0.3314279200343416,damping=0.25,0.31532708527082276,46.39990880480783,0.4560494963896953,36.18820900761577,0.1,0.25,0.12,42,2,1,75,9.0,6.660400375390548,0.0,0.0
28,0.3291788891032872,damping=0.25,0.33578944816454775,46.085044474460204,0.4416610459968201,35.1799024890362,0.1,0.25,0.12,42,2,1,80,9.599999999999996,6.593016737892423,0.0,0.0
35,0.3272669245461072,damping=0.25,0.35742372134804334,45.817369436455,0.46054346070007435,34.16658734612498,0.1,0.25,0.12,42,2,1,85,10.199999999999992,6.761877284543097,0.0,0.0
40,0.3252944909795112,damping=0.25,0.37868354545151545,45.54122873713157,0.44567566871400766,33.15589726940832,0.1,0.25,0.12,42,2,1,90,10.799999999999988,6.641085882638224,0.0,0.0
55,0.3232659876275739,damping=0.25,0.39982659111299856,45.257238267860345,0.4642849019789355,32.140842798425055,0.1,0.25,0.12,42,2,1,95,11.399999999999984,6.823533277522911,0.0,0.0
75,0.3206678473298166,damping=0.25,0.41923391521237113,44.89349862617433,0.4489434407868961,31.12915669391457,0.1,0.25,0.12,42,2,1,100,11.99999999999998,6.699128800554156,0.0,0.0
82,0.3176161128739236,damping=0.25,0.43756583398007554,44.4662558023493,0.4673324020861943,30.113774288375428,0.1,0.25,0.12,42,2,1,105,12.599999999999977,6.889256864309241,0.0,0.0
90,0.31441777058242815,damping=0.25,0.45553083098213754,44.01848788153994,0.4516076056151889,29.102429780811736,0.1,0.25,0.12,42,2,1,110,13.199999999999973,6.785050972363996,0.0,0.0
97,0.31176235745860914,damping=0.25,0.47520476850610616,43.64673004420528,0.4697700382268831,28.087998944290536,0.1,0.25,0.12,42,2,1,115,13.799999999999969,6.983948810184715,0.0,0.0
98,0.30949051848399195,damping=0.25,0.49577847251106155,43.328672587758874,0.45362586817129646,27.078287735619956,0.1,0.25,0.12,42,2,1,120,14.399999999999965,6.8329102007452445,0.0,0.0
102,0.3071625332530154,damping=0.25,0.5162604638600079,43.00275465542216,0.4713902604026975,26.06624381525017,0.1,0.25,0.12,42,2,1,125,14.999999999999961,6.987890705392416,0.0,0.0
105,0.3047848156429592,damping=0.25,0.5364718634799643,42.66987419001428,0.45473835629752457,25.05980270897657,0.1,0.25,0.12,42,2,1,130,15.599999999999957,6.844789513001195,0.0,0.0
106,0.30179937104369814,damping=0.25,0.5553872128284429,42.25191194611774,0.4720466401043285,24.051942570953045,0.1,0.25,0.12,42,2,1,135,16.199999999999957,6.99888150601934,0.0,0.0
107,0.2983572845167314,damping=0.25,0.5732482062370741,41.77001983234239,0.4549681111557919,23.05059459088594,0.1,0.25,0.12,42,2,1,140,16.79999999999996,6.860801377008775,0.0,0.0
107,0.2947792291860974,damping=0.25,0.5910307045308671,41.26909208605363,0.47182892451195524,22.048724513062574,0.1,0.25,0.12,42,2,1,145,17.399999999999967,7.036232939167848,0.0,0.0
110,0.29178535573088077,damping=0.25,0.6100643659007371,40.84994980232331,0.45434914477522276,21.054260162637387,0.1,0.25,0.12,42,2,1,150,17.99999999999997,6.907338773459481,0.0,0.0
114,0.28919658470532567,damping=0.25,0.6300003341099135,40.487521858745595,0.470636716812334,20.060244437490343,0.1,0.25,0.12,42,2,1,155,18.599999999999977,7.0358075969046014,0.0,0.0
116,0.2865596936919362,damping=0.25,0.6496418062470066,40.11835711687107,0.45263055181149475,19.074707716511913,0.1,0.25,0.12,42,2,1,160,19.19999999999998,6.862267283509171,0.0,0.0
120,0.28387927394887724,damping=0.25,0.6691960265664861,39.743098352842814,0.46812232275242704,18.09087365450519,0.1,0.25,0.12,42,2,1,165,19.799999999999986,6.992447238101013,0.0,0.0
120,0.2803812312868905,damping=0.25,0.6871438630040116,39.25337238016467,0.4495785823650324,17.116807538882895,0.1,0.25,0.12,42,2,1,170,20.39999999999999,6.819782681347959,0.0,0.0
120,0.2766146393919895,damping=0.25,0.7047375620110577,38.726049514878525,0.464237415898873,16.145828846187857,0.1,0.25,0.12,42,2,1,175,20.999999999999996,6.958786087420972,0.0,0.0
123,0.2727301141075645,damping=0.25,0.7220652573731977,38.18221597505903,0.4452026838944,15.185963698789832,0.1,0.25,0.12,42,2,1,180,21.6,6.8011668726621775,0.0,0.0
124,0.26945562058689854,damping=0.25,0.740461411540731,37.7237868821658,0.4588952842725908,14.23068838999012,0.1,0.25,0.12,42,2,1,185,22.200000000000006,6.935443863154702,0.0,0.0
126,0.26660730653941955,damping=0.25,0.7592512238416761,37.32502291551874,0.4392564391794311,13.288077971067285,0.1,0.25,0.12,42,2,1,190,22.80000000000001,6.734133725824964,0.0,0.0
127,0.2637178235172317,damping=0.25,0.7778242636495658,36.92049529241244,0.4516422974922354,12.351938374890757,0.1,0.25,0.12,42,2,1,195,23.400000000000016,6.817187010608707,0.0,0.0
127,0.2607942997467492,damping=0.25,0.7959839516964735,36.51120196454489,0.43122659512239697,11.43045594978219,0.1,0.25,0.12,42,2,1,200,24.00000000000002,6.612145927125428,0.0,0.0
127,0.2570581139906245,damping=0.25,0.8129716549452783,35.98813595868743,0.4420331817229701,10.517791958814662,0.1,0.25,0.12,42,2,1,205,24.600000000000026,6.687668732750417,0.0,0.0
127,0.253076890826979,damping=0.25,0.8293719738935988,35.43076471577706,0.4208019848979073,9.622144100031047,0.1,0.25,0.12,42,2,1,210,25.20000000000003,6.486581415117642,0.0,0.0
127,0.2489955710096699,damping=0.25,0.8455155681496505,34.85937994135379,0.42974335702298844,8.738081923231427,0.1,0.25,0.12,42,2,1,215,25.800000000000036,6.563275653341652,0.0,0.0
127,0.24553014391581998,damping=0.25,0.8619217401267014,34.374220148214796,0.4075214956906813,7.873880026246935,0.1,0.25,0.12,42,2,1,220,26.40000000000004,6.355193021924552,0.0,0.0
128,0.24248858034802392,damping=0.25,0.8783163744388474,33.94840124872335,0.41400939194720393,7.024775489889318,0.1,0.25,0.12,42,2,1,225,27.000000000000046,6.3699747951731895,0.0,0.0
128,0.23941966266048703,damping=0.25,0.8939743665880556,33.51875277246818,0.39036893384759047,6.19932403036852,0.1,0.25,0.12,42,2,1,230,27.60000000000005,6.108198292304958,0.0,0.0
128,0.2363285533802246,damping=0.25,0.9089558125982005,33.085997473231444,0.39299617118976593,5.394107676762885,0.1,0.25,0.12,42,2,1,235,28.200000000000056,6.08698121746487,0.0,0.0
128,0.23248058784234432,damping=0.25,0.9225217489376164,32.547282297928206,0.3657091334592219,4.620531296066226,0.1,0.25,0.12,42,2,1,240,28.80000000000006,5.791701746101574,0.0,0.0
128,0.22842711677035038,damping=0.25,0.9351157168946235,31.979796347849053,0.36150620923169907,3.8783377698067976,0.1,0.25,0.12,42,2,1,245,29.400000000000066,5.715130978497267,0.0,0.0
128,0.22432245605574466,damping=0.25,0.9465912010893185,31.405143847804254,0.3307151723590244,3.1779486275239344,0.1,0.25,0.12,42,2,1,250,30.00000000000007,5.384004689045101,0.0,0.0
128,0.22100782732826718,damping=0.25,0.9573106267358038,30.941095825957404,0.3195906382720578,2.5194760077612095,0.1,0.25,0.12,42,2,1,255,30.600000000000076,5.223463434396017,0.0,0.0
128,0.2178818262554456,damping=0.25,0.9665699830754099,30.503455675762385,0.2847835334437509,1.9135996464704754,0.1,0.25,0.12,42,2,1,260,31.20000000000008,4.807426648103168,0.0,0.0
128,0.2147520995023156,damping=0.25,0.9741624640530915,30.065293930324184,0.264061361742456,1.3634891759641652,0.1,0.25,0.12,42,2,1,265,31.800000000000086,4.5207034836594335,0.0,0.0
128,0.2116283521094465,damping=0.25,0.9798440416205662,29.627969295322508,0.22269914907857621,0.8822411946300608,0.1,0.25,0.12,42,2,1,270,32.40000000000008,4.020327538498729,0.0,0.0
128,0.2079449207779321,damping=0.25,0.9833352699059434,29.112288908910497,0.1866136910899382,0.5844453128030708,0.1,0.25,0.12,42,2,132,275,33.000000000000064,3.5792308127450267,0.0,0.0
128,0.20417836119231614,damping=0.25,0.9846104660495325,28.58497056692426,0.13327158036596035,0.5407661318449523,0.1,0.25,0.12,42,2,132,280,33.60000000000005,2.9482049692604773,0.0,0.0
127,0.20058448081492164,damping=0.25,0.9836890806174851,28.08182731408903,0.0732000423920526,0.48804278345946184,0.1,0.25,0.12,42,2,132,285,34.20000000000004,2.290923706007885,0.0,0.0
127,0.19800829825158967,damping=0.25,0.9844332707643813,27.721161755222553,0.02776203648373232,0.42840295463539896,0.1,0.25,0.12,42,2,132,290,34.800000000000026,1.6702670584186505,0.0,0.0
127,0.19514891285168917,damping=0.25,0.9851421140823771,27.320847799236486,0.019237857732479633,0.36986886554574805,0.1,0.25,0.12,42,2,132,295,35.40000000000001,1.3265637777891963,0.0,0.0
127,0.19223643093898235,damping=0.25,0.9861271464687661,26.913100331457528,0.02466344928923552,0.318210508562824,0.1,0.25,0.12,42,2,132,300,36.0,1.177877522639314,0.0,0.0
1,0.3552721717547221,damping=0.25,0.009607851388381439,49.73810404566109,0.2090712757613863,49.468152571946796,0.1,0.25,0.12,42,3,1,5,0.6,1.6915757147927735,0.0,0.0
3,0.35422292114156734,damping=0.25,0.02786440374509547,49.591208959819426,0.2985414953848291,48.786252241714365,0.1,0.25,0.12,42,3,1,10,1.2000000000000002,3.1636803863546574,0.0,0.0
4,0.35314348240020016,damping=0.25,0.05097146987868963,49.440087536028024,0.3618743368638302,47.95924007010695,0.1,0.25,0.12,42,3,1,15,1.8000000000000007,4.499776553441216,0.0,0.0
4,0.3520002613525406,damping=0.25,0.0751939587506948,49.28003658935568,0.37705722479017945,47.061225885276,0.1,0.25,0.12,42,3,1,20,2.4000000000000012,4.929824907154899,0.0,0.0
4,0.35079178396753063,damping=0.25,0.099624514409931,49.11084975545429,0.4103910792312303,46.119299850532634,0.1,0.25,0.12,42,3,1,25,3.0000000000000018,5.3671992828087935,0.0,0.0
4,0.34925165744657416,damping=0.25,0.12263860100367431,48.895232042520384,0.4054748881395243,45.15811481035728,0.1,0.25,0.12,42,3,1,30,3.6000000000000023,5.530627901611478,0.0,0.0
5,0.34737181693988617,damping=0.25,0.14445866170288424,48.63205437158406,0.4283479704359129,44.18011262738483,0.1,0.25,0.12,42,3,1,35,4.200000000000003,5.947403810936748,0.0,0.0
5,0.34530209152944935,damping=0.25,0.16545194776564515,48.34229281412291,0.41786604525883386,43.197009568146704,0.1,0.25,0.12,42,3,1,40,4.800000000000003,5.987093300619931,0.0,0.0
5,0.3435520121860933,damping=0.25,0.18795853698103343,48.09728170605307,0.4383071677256611,42.20436282069658,0.1,0.25,0.12,42,3,1,45,5.400000000000004,6.2347953994818575,0.0,0.0
5,0.34204215685085043,damping=0.25,0.21116644224237488,47.88590195911906,0.4258256989362177,41.21065683716862,0.1,0.25,0.12,42,3,1,50,6.000000000000004,6.15169219042367,0.0,0.0
7,0.34046592195983555,damping=0.25,0.23406112238806964,47.665229074376974,0.4452209700869363,40.209842776864576,0.1,0.25,0.12,42,3,1,55,6.600000000000005,6.382718882083882,0.0,0.0
11,0.3388288936860206,damping=0.25,0.25649328039911534,47.436045116042884,0.4318170632361457,39.20965349453555,0.1,0.25,0.12,42,3,1,60,7.2000000000000055,6.31688833762679,0.0,0.0
15,0.3366957716276427,damping=0.25,0.27722406251393383,47.137408027869974,0.4509907857941908,38.203380959712646,0.1,0.25,0.12,42,3,1,65,7.800000000000006,6.516870928613011,0.0,0.0
20,0.3341484204625773,damping=0.25,0.29645633286305445,46.780778864760826,0.43704829396599226,37.19853819835706,0.1,0.25,0.12,42,3,1,70,8.400000000000004,6.433210976942559,0.0,0.0
22,0.3314279200343416,damping=0.25,0.31532708527082276,46.39990880480783,0.4560494963896953,36.18820900761577,0.1,0.25,0.12,42,3,1,75,9.0,6.660400375390548,0.0,0.0
28,0.3291788891032872,damping=0.25,0.33578944816454775,46.085044474460204,0.4416610459968201,35.1799024890362,0.1,0.25,0.12,42,3,1,80,9.599999999999996,6.593016737892423,0.0,0.0
35,0.3272669245461072,damping=0.25,0.35742372134804334,45.817369436455,0.46054346070007435,34.16658734612498,0.1,0.25,0.12,42,3,1,85,10.199999999999992,6.761877284543097,0.0,0.0
40,0.3252944909795112,damping=0.25,0.37868354545151545,45.54122873713157,0.44567566871400766,33.15589726940832,0.1,0.25,0.12,42,3,1,90,10.799999999999988,6.641085882638224,0.0,0.0
55,0.3232659876275739,damping=0.25,0.39982659111299856,45.257238267860345,0.4642849019789355,32.140842798425055,0.1,0.25,0.12,42,3,1,95,11.399999999999984,6.823533277522911,0.0,0.0
75,0.3206678473298166,damping=0.25,0.41923391521237113,44.89349862617433,0.4489434407868961,31.12915669391457,0.1,0.25,0.12,42,3,1,100,11.99999999999998,6.699128800554156,0.0,0.0
82,0.3176161128739236,damping=0.25,0.43756583398007554,44.4662558023493,0.4673324020861943,30.113774288375428,0.1,0.25,0.12,42,3,1,105,12.599999999999977,6.889256864309241,0.0,0.0
90,0.31441777058242815,damping=0.25,0.45553083098213754,44.01848788153994,0.4516076056151889,29.102429780811736,0.1,0.25,0.12,42,3,1,110,13.199999999999973,6.785050972363996,0.0,0.0
97,0.31176235745860914,damping=0.25,0.47520476850610616,43.64673004420528,0.4697700382268831,28.087998944290536,0.1,0.25,0.12,42,3,1,115,13.799999999999969,6.983948810184715,0.0,0.0
98,0.30949051848399195,damping=0.25,0.49577847251106155,43.328672587758874,0.45362586817129646,27.078287735619956,0.1,0.25,0.12,42,3,1,120,14.399999999999965,6.8329102007452445,0.0,0.0
102,0.3071625332530154,damping=0.25,0.5162604638600079,43.00275465542216,0.4713902604026975,26.06624381525017,0.1,0.25,0.12,42,3,1,125,14.999999999999961,6.987890705392416,0.0,0.0
105,0.3047848156429592,damping=0.25,0.5364718634799643,42.66987419001428,0.45473835629752457,25.05980270897657,0.1,0.25,0.12,42,3,1,130,15.599999999999957,6.844789513001195,0.0,0.0
106,0.30179937104369814,damping=0.25,0.5553872128284429,42.25191194611774,0.4720466401043285,24.051942570953045,0.1,0.25,0.12,42,3,1,135,16.199999999999957,6.99888150601934,0.0,0.0
107,0.2983572845167314,damping=0.25,0.5732482062370741,41.77001983234239,0.4549681111557919,23.05059459088594,0.1,0.25,0.12,42,3,1,140,16.79999999999996,6.860801377008775,0.0,0.0
107,0.2947792291860974,damping=0.25,0.5910307045308671,41.26909208605363,0.47182892451195524,22.048724513062574,0.1,0.25,0.12,42,3,1,145,17.399999999999967,7.036232939167848,0.0,0.0
110,0.29178535573088077,damping=0.25,0.6100643659007371,40.84994980232331,0.45434914477522276,21.054260162637387,0.1,0.25,0.12,42,3,1,150,17.99999999999997,6.907338773459481,0.0,0.0
114,0.28919658470532567,damping=0.25,0.6300003341099135,40.487521858745595,0.470636716812334,20.060244437490343,0.1,0.25,0.12,42,3,1,155,18.599999999999977,7.0358075969046014,0.0,0.0
116,0.2865596936919362,damping=0.25,0.6496418062470066,40.11835711687107,0.45263055181149475,19.074707716511913,0.1,0.25,0.12,42,3,1,160,19.19999999999998,6.862267283509171,0.0,0.0
120,0.28387927394887724,damping=0.25,0.6691960265664861,39.743098352842814,0.46812232275242704,18.09087365450519,0.1,0.25,0.12,42,3,1,165,19.799999999999986,6.992447238101013,0.0,0.0
120,0.2803812312868905,damping=0.25,0.6871438630040116,39.25337238016467,0.4495785823650324,17.116807538882895,0.1,0.25,0.12,42,3,1,170,20.39999999999999,6.819782681347959,0.0,0.0
120,0.2766146393919895,damping=0.25,0.7047375620110577,38.726049514878525,0.464237415898873,16.145828846187857,0.1,0.25,0.12,42,3,1,175,20.999999999999996,6.958786087420972,0.0,0.0
123,0.2727301141075645,damping=0.25,0.7220652573731977,38.18221597505903,0.4452026838944,15.185963698789832,0.1,0.25,0.12,42,3,1,180,21.6,6.8011668726621775,0.0,0.0
124,0.26945562058689854,damping=0.25,0.740461411540731,37.7237868821658,0.4588952842725908,14.23068838999012,0.1,0.25,0.12,42,3,1,185,22.200000000000006,6.935443863154702,0.0,0.0
126,0.26660730653941955,damping=0.25,0.7592512238416761,37.32502291551874,0.4392564391794311,13.288077971067285,0.1,0.25,0.12,42,3,1,190,22.80000000000001,6.734133725824964,0.0,0.0
127,0.2637178235172317,damping=0.25,0.7778242636495658,36.92049529241244,0.4516422974922354,12.351938374890757,0.1,0.25,0.12,42,3,1,195,23.400000000000016,6.817187010608707,0.0,0.0
127,0.2607942997467492,damping=0.25,0.7959839516964735,36.51120196454489,0.43122659512239697,11.43045594978219,0.1,0.25,0.12,42,3,1,200,24.00000000000002,6.612145927125428,0.0,0.0
127,0.2570581139906245,damping=0.25,0.8129716549452783,35.98813595868743,0.4420331817229701,10.517791958814662,0.1,0.25,0.12,42,3,1,205,24.600000000000026,6.687668732750417,0.0,0.0
127,0.253076890826979,damping=0.25,0.8293719738935988,35.43076471577706,0.4208019848979073,9.622144100031047,0.1,0.25,0.12,42,3,1,210,25.20000000000003,6.486581415117642,0.0,0.0
127,0.2489955710096699,damping=0.25,0.8455155681496505,34.85937994135379,0.42974335702298844,8.738081923231427,0.1,0.25,0.12,42,3,1,215,25.800000000000036,6.563275653341652,0.0,0.0
127,0.24553014391581998,damping=0.25,0.8619217401267014,34.374220148214796,0.4075214956906813,7.873880026246935,0.1,0.25,0.12,42,3,1,220,26.40000000000004,6.355193021924552,0.0,0.0
128,0.24248858034802392,damping=0.25,0.8783163744388474,33.94840124872335,0.41400939194720393,7.024775489889318,0.1,0.25,0.12,42,3,1,225,27.000000000000046,6.3699747951731895,0.0,0.0
128,0.23941966266048703,damping=0.25,0.8939743665880556,33.51875277246818,0.39036893384759047,6.19932403036852,0.1,0.25,0.12,42,3,1,230,27.60000000000005,6.108198292304958,0.0,0.0
128,0.2363285533802246,damping=0.25,0.9089558125982005,33.085997473231444,0.39299617118976593,5.394107676762885,0.1,0.25,0.12,42,3,1,235,28.200000000000056,6.08698121746487,0.0,0.0
128,0.23248058784234432,damping=0.25,0.9225217489376164,32.547282297928206,0.3657091334592219,4.620531296066226,0.1,0.25,0.12,42,3,1,240,28.80000000000006,5.791701746101574,0.0,0.0
128,0.22842711677035038,damping=0.25,0.9351157168946235,31.979796347849053,0.36150620923169907,3.8783377698067976,0.1,0.25,0.12,42,3,1,245,29.400000000000066,5.715130978497267,0.0,0.0
128,0.22432245605574466,damping=0.25,0.9465912010893185,31.405143847804254,0.3307151723590244,3.1779486275239344,0.1,0.25,0.12,42,3,1,250,30.00000000000007,5.384004689045101,0.0,0.0
128,0.22100782732826718,damping=0.25,0.9573106267358038,30.941095825957404,0.3195906382720578,2.5194760077612095,0.1,0.25,0.12,42,3,1,255,30.600000000000076,5.223463434396017,0.0,0.0
128,0.2178818262554456,damping=0.25,0.9665699830754099,30.503455675762385,0.2847835334437509,1.9135996464704754,0.1,0.25,0.12,42,3,1,260,31.20000000000008,4.807426648103168,0.0,0.0
128,0.2147520995023156,damping=0.25,0.9741624640530915,30.065293930324184,0.264061361742456,1.3634891759641652,0.1,0.25,0.12,42,3,1,265,31.800000000000086,4.5207034836594335,0.0,0.0
128,0.2116283521094465,damping=0.25,0.9798440416205662,29.627969295322508,0.22269914907857621,0.8822411946300608,0.1,0.25,0.12,42,3,1,270,32.40000000000008,4.020327538498729,0.0,0.0
128,0.2079449207779321,damping=0.25,0.9833352699059434,29.112288908910497,0.1866136910899382,0.5844453128030708,0.1,0.25,0.12,42,3,132,275,33.000000000000064,3.5792308127450267,0.0,0.0
128,0.20417836119231614,damping=0.25,0.9846104660495325,28.58497056692426,0.13327158036596035,0.5407661318449523,0.1,0.25,0.12,42,3,132,280,33.60000000000005,2.9482049692604773,0.0,0.0
127,0.20058448081492164,damping=0.25,0.9836890806174851,28.08182731408903,0.0732000423920526,0.48804278345946184,0.1,0.25,0.12,42,3,132,285,34.20000000000004,2.290923706007885,0.0,0.0
127,0.19800829825158967,damping=0.25,0.9844332707643813,27.721161755222553,0.02776203648373232,0.42840295463539896,0.1,0.25,0.12,42,3,132,290,34.800000000000026,1.6702670584186505,0.0,0.0
127,0.19514891285168917,damping=0.25,0.9851421140823771,27.320847799236486,0.019237857732479633,0.36986886554574805,0.1,0.25,0.12,42,3,132,295,35.40000000000001,1.3265637777891963,0.0,0.0
127,0.19223643093898235,damping=0.25,0.9861271464687661,26.913100331457528,0.02466344928923552,0.318210508562824,0.1,0.25,0.12,42,3,132,300,36.0,1.177877522639314,0.0,0.0
1,0.3552721717547221,damping=0.25,0.009607851388381439,49.73810404566109,0.2090712757613863,49.468152571946796,0.1,0.25,0.12,42,4,1,5,0.6,1.6915757147927735,0.0,0.0
3,0.35422292114156734,damping=0.25,0.02786440374509547,49.591208959819426,0.2985414953848291,48.786252241714365,0.1,0.25,0.12,42,4,1,10,1.2000000000000002,3.1636803863546574,0.0,0.0
4,0.35314348240020016,damping=0.25,0.05097146987868963,49.440087536028024,0.3618743368638302,47.95924007010695,0.1,0.25,0.12,42,4,1,15,1.8000000000000007,4.499776553441216,0.0,0.0
4,0.3520002613525406,damping=0.25,0.0751939587506948,49.28003658935568,0.37705722479017945,47.061225885276,0.1,0.25,0.12,42,4,1,20,2.4000000000000012,4.929824907154899,0.0,0.0
4,0.35079178396753063,damping=0.25,0.099624514409931,49.11084975545429,0.4103910792312303,46.119299850532634,0.1,0.25,0.12,42,4,1,25,3.0000000000000018,5.3671992828087935,0.0,0.0
4,0.34925165744657416,damping=0.25,0.12263860100367431,48.895232042520384,0.4054748881395243,45.15811481035728,0.1,0.25,0.12,42,4,1,30,3.6000000000000023,5.530627901611478,0.0,0.0
5,0.34737181693988617,damping=0.25,0.14445866170288424,48.63205437158406,0.4283479704359129,44.18011262738483,0.1,0.25,0.12,42,4,1,35,4.200000000000003,5.947403810936748,0.0,0.0
5,0.34530209152944935,damping=0.25,0.16545194776564515,48.34229281412291,0.41786604525883386,43.197009568146704,0.1,0.25,0.12,42,4,1,40,4.800000000000003,5.987093300619931,0.0,0.0
5,0.3435520121860933,damping=0.25,0.18795853698103343,48.09728170605307,0.4383071677256611,42.20436282069658,0.1,0.25,0.12,42,4,1,45,5.400000000000004,6.2347953994818575,0.0,0.0
5,0.34204215685085043,damping=0.25,0.21116644224237488,47.88590195911906,0.4258256989362177,41.21065683716862,0.1,0.25,0.12,42,4,1,50,6.000000000000004,6.15169219042367,0.0,0.0
7,0.34046592195983555,damping=0.25,0.23406112238806964,47.665229074376974,0.4452209700869363,40.209842776864576,0.1,0.25,0.12,42,4,1,55,6.600000000000005,6.382718882083882,0.0,0.0
11,0.3388288936860206,damping=0.25,0.25649328039911534,47.436045116042884,0.4318170632361457,39.20965349453555,0.1,0.25,0.12,42,4,1,60,7.2000000000000055,6.31688833762679,0.0,0.0
15,0.3366957716276427,damping=0.25,0.27722406251393383,47.137408027869974,0.4509907857941908,38.203380959712646,0.1,0.25,0.12,42,4,1,65,7.800000000000006,6.516870928613011,0.0,0.0
20,0.3341484204625773,damping=0.25,0.29645633286305445,46.780778864760826,0.43704829396599226,37.19853819835706,0.1,0.25,0.12,42,4,1,70,8.400000000000004,6.433210976942559,0.0,0.0
22,0.3314279200343416,damping=0.25,0.31532708527082276,46.39990880480783,0.4560494963896953,36.18820900761577,0.1,0.25,0.12,42,4,1,75,9.0,6.660400375390548,0.0,0.0
28,0.3291788891032872,damping=0.25,0.33578944816454775,46.085044474460204,0.4416610459968201,35.1799024890362,0.1,0.25,0.12,42,4,1,80,9.599999999999996,6.593016737892423,0.0,0.0
35,0.3272669245461072,damping=0.25,0.35742372134804334,45.817369436455,0.46054346070007435,34.16658734612498,0.1,0.25,0.12,42,4,1,85,10.199999999999992,6.761877284543097,0.0,0.0
40,0.3252944909795112,damping=0.25,0.37868354545151545,45.54122873713157,0.44567566871400766,33.15589726940832,0.1,0.25,0.12,42,4,1,90,10.799999999999988,6.641085882638224,0.0,0.0
55,0.3232659876275739,damping=0.25,0.39982659111299856,45.257238267860345,0.4642849019789355,32.140842798425055,0.1,0.25,0.12,42,4,1,95,11.399999999999984,6.823533277522911,0.0,0.0
75,0.3206678473298166,damping=0.25,0.41923391521237113,44.89349862617433,0.4489434407868961,31.12915669391457,0.1,0.25,0.12,42,4,1,100,11.99999999999998,6.699128800554156,0.0,0.0
82,0.3176161128739236,damping=0.25,0.43756583398007554,44.4662558023493,0.4673324020861943,30.113774288375428,0.1,0.25,0.12,42,4,1,105,12.599999999999977,6.889256864309241,0.0,0.0
90,0.31441777058242815,damping=0.25,0.45553083098213754,44.01848788153994,0.4516076056151889,29.102429780811736,0.1,0.25,0.12,42,4,1,110,13.199999999999973,6.785050972363996,0.0,0.0
97,0.31176235745860914,damping=0.25,0.47520476850610616,43.64673004420528,0.4697700382268831,28.087998944290536,0.1,0.25,0.12,42,4,1,115,13.799999999999969,6.983948810184715,0.0,0.0
98,0.30949051848399195,damping=0.25,0.49577847251106155,43.328672587758874,0.45362586817129646,27.078287735619956,0.1,0.25,0.12,42,4,1,120,14.399999999999965,6.8329102007452445,0.0,0.0
102,0.3071625332530154,damping=0.25,0.5162604638600079,43.00275465542216,0.4713902604026975,26.06624381525017,0.1,0.25,0.12,42,4,1,125,14.999999999999961,6.987890705392416,0.0,0.0
105,0.3047848156429592,damping=0.25,0.5364718634799643,42.66987419001428,0.45473835629752457,25.05980270897657,0.1,0.25,0.12,42,4,1,130,15.599999999999957,6.844789513001195,0.0,0.0
106,0.30179937104369814,damping=0.25,0.5553872128284429,42.25191194611774,0.4720466401043285,24.051942570953045,0.1,0.25,0.12,42,4,1,135,16.199999999999957,6.99888150601934,0.0,0.0
107,0.2983572845167314,damping=0.25,0.5732482062370741,41.77001983234239,0.4549681111557919,23.05059459088594,0.1,0.25,0.12,42,4,1,140,16.79999999999996,6.860801377008775,0.0,0.0
107,0.2947792291860974,damping=0.25,0.5910307045308671,41.26909208605363,0.47182892451195524,22.048724513062574,0.1,0.25,0.12,42,4,1,145,17.399999999999967,7.036232939167848,0.0,0.0
110,0.29178535573088077,damping=0.25,0.6100643659007371,40.84994980232331,0.45434914477522276,21.054260162637387,0.1,0.25,0.12,42,4,1,150,17.99999999999997,6.907338773459481,0.0,0.0
114,0.28919658470532567,damping=0.25,0.6300003341099135,40.487521858745595,0.470636716812334,20.060244437490343,0.1,0.25,0.12,42,4,1,155,18.599999999999977,7.0358075969046014,0.0,0.0
116,0.2865596936919362,damping=0.25,0.6496418062470066,40.11835711687107,0.45263055181149475,19.074707716511913,0.1,0.25,0.12,42,4,1,160,19.19999999999998,6.862267283509171,0.0,0.0
120,0.28387927394887724,damping=0.25,0.6691960265664861,39.743098352842814,0.46812232275242704,18.09087365450519,0.1,0.25,0.12,42,4,1,165,19.799999999999986,6.992447238101013,0.0,0.0
120,0.2803812312868905,damping=0.25,0.6871438630040116,39.25337238016467,0.4495785823650324,17.116807538882895,0.1,0.25,0.12,42,4,1,170,20.39999999999999,6.819782681347959,0.0,0.0
120,0.2766146393919895,damping=0.25,0.7047375620110577,38.726049514878525,0.464237415898873,16.145828846187857,0.1,0.25,0.12,42,4,1,175,20.999999999999996,6.958786087420972,0.0,0.0
123,0.2727301141075645,damping=0.25,0.7220652573731977,38.18221597505903,0.4452026838944,15.185963698789832,0.1,0.25,0.12,42,4,1,180,21.6,6.8011668726621775,0.0,0.0
124,0.26945562058689854,damping=0.25,0.740461411540731,37.7237868821658,0.4588952842725908,14.23068838999012,0.1,0.25,0.12,42,4,1,185,22.200000000000006,6.935443863154702,0.0,0.0
126,0.26660730653941955,damping=0.25,0.7592512238416761,37.32502291551874,0.4392564391794311,13.288077971067285,0.1,0.25,0.12,42,4,1,190,22.80000000000001,6.734133725824964,0.0,0.0
127,0.2637178235172317,damping=0.25,0.7778242636495658,36.92049529241244,0.4516422974922354,12.351938374890757,0.1,0.25,0.12,42,4,1,195,23.400000000000016,6.817187010608707,0.0,0.0
127,0.2607942997467492,damping=0.25,0.7959839516964735,36.51120196454489,0.43122659512239697,11.43045594978219,0.1,0.25,0.12,42,4,1,200,24.00000000000002,6.612145927125428,0.0,0.0
127,0.2570581139906245,damping=0.25,0.8129716549452783,35.98813595868743,0.4420331817229701,10.517791958814662,0.1,0.25,0.12,42,4,1,205,24.600000000000026,6.687668732750417,0.0,0.0
127,0.253076890826979,damping=0.25,0.8293719738935988,35.43076471577706,0.4208019848979073,9.622144100031047,0.1,0.25,0.12,42,4,1,210,25.20000000000003,6.486581415117642,0.0,0.0
127,0.2489955710096699,damping=0.25,0.8455155681496505,34.85937994135379,0.42974335702298844,8.738081923231427,0.1,0.25,0.12,42,4,1,215,25.800000000000036,6.563275653341652,0.0,0.0
127,0.24553014391581998,damping=0.25,0.8619217401267014,34.374220148214796,0.4075214956906813,7.873880026246935,0.1,0.25,0.12,42,4,1,220,26.40000000000004,6.355193021924552,0.0,0.0
128,0.24248858034802392,damping=0.25,0.8783163744388474,33.94840124872335,0.41400939194720393,7.024775489889318,0.1,0.25,0.12,42,4,1,225,27.000000000000046,6.3699747951731895,0.0,0.0
128,0.23941966266048703,damping=0.25,0.8939743665880556,33.51875277246818,0.39036893384759047,6.19932403036852,0.1,0.25,0.12,42,4,1,230,27.60000000000005,6.108198292304958,0.0,0.0
128,0.2363285533802246,damping=0.25,0.9089558125982005,33.085997473231444,0.39299617118976593,5.394107676762885,0.1,0.25,0.12,42,4,1,235,28.200000000000056,6.08698121746487,0.0,0.0
128,0.23248058784234432,damping=0.25,0.9225217489376164,32.547282297928206,0.3657091334592219,4.620531296066226,0.1,0.25,0.12,42,4,1,240,28.80000000000006,5.791701746101574,0.0,0.0
128,0.22842711677035038,damping=0.25,0.9351157168946235,31.979796347849053,0.36150620923169907,3.8783377698067976,0.1,0.25,0.12,42,4,1,245,29.400000000000066,5.715130978497267,0.0,0.0
128,0.22432245605574466,damping=0.25,0.9465912010893185,31.405143847804254,0.3307151723590244,3.1779486275239344,0.1,0.25,0.12,42,4,1,250,30.00000000000007,5.384004689045101,0.0,0.0
128,0.22100782732826718,damping=0.25,0.9573106267358038,30.941095825957404,0.3195906382720578,2.5194760077612095,0.1,0.25,0.12,42,4,1,255,30.600000000000076,5.223463434396017,0.0,0.0
128,0.2178818262554456,damping=0.25,0.9665699830754099,30.503455675762385,0.2847835334437509,1.9135996464704754,0.1,0.25,0.12,42,4,1,260,31.20000000000008,4.807426648103168,0.0,0.0
128,0.2147520995023156,damping=0.25,0.9741624640530915,30.065293930324184,0.264061361742456,1.3634891759641652,0.1,0.25,0.12,42,4,1,265,31.800000000000086,4.5207034836594335,0.0,0.0
128,0.2116283521094465,damping=0.25,0.9798440416205662,29.627969295322508,0.22269914907857621,0.8822411946300608,0.1,0.25,0.12,42,4,1,270,32.40000000000008,4.020327538498729,0.0,0.0
128,0.2079449207779321,damping=0.25,0.9833352699059434,29.112288908910497,0.1866136910899382,0.5844453128030708,0.1,0.25,0.12,42,4,132,275,33.000000000000064,3.5792308127450267,0.0,0.0
128,0.20417836119231614,damping=0.25,0.9846104660495325,28.58497056692426,0.13327158036596035,0.5407661318449523,0.1,0.25,0.12,42,4,132,280,33.60000000000005,2.9482049692604773,0.0,0.0
127,0.20058448081492164,damping=0.25,0.9836890806174851,28.08182731408903,0.0732000423920526,0.48804278345946184,0.1,0.25,0.12,42,4,132,285,34.20000000000004,2.290923706007885,0.0,0.0
127,0.19800829825158967,damping=0.25,0.9844332707643813,27.721161755222553,0.02776203648373232,0.42840295463539896,0.1,0.25,0.12,42,4,132,290,34.800000000000026,1.6702670584186505,0.0,0.0
127,0.19514891285168917,damping=0.25,0.9851421140823771,27.320847799236486,0.019237857732479633,0.36986886554574805,0.1,0.25,0.12,42,4,132,295,35.40000000000001,1.3265637777891963,0.0,0.0
127,0.19223643093898235,damping=0.25,0.9861271464687661,26.913100331457528,0.02466344928923552,0.318210508562824,0.1,0.25,0.12,42,4,132,300,36.0,1.177877522639314,0.0,0.0
1,0.35490268938791736,damping=0.3,0.009603005489343988,49.68637651430843,0.2090381953992087,49.4168520362634,0.1,0.3,0.12,42,0,1,5,0.6,1.6910241779843185,0.0,0.0
3,0.35365332644071246,damping=0.3,0.027833508431356735,49.51146570169974,0.2984679249002633,48.70875708753771,0.1,0.3,0.12,42,0,1,10,1.2000000000000002,3.161151350940363,0.0,0.0
4,0.35236417530217323,damping=0.3,0.050884218692013684,49.33098454230425,0.36174616699988954,47.856144299395226,0.1,0.3,0.12,42,0,1,15,1.8000000000000007,4.494259443136148,0.0,0.0
4,0.351000394473278,damping=0.3,0.07501995550719251,49.14005522625892,0.3768814677093935,46.933173605909246,0.1,0.3,0.12,42,0,1,20,2.4000000000000012,4.922819592531321,0.0,0.0
4,0.34956003332596186,damping=0.3,0.0993349500981638,48.938404665634664,0.41014629108687095,45.96696950947627,0.1,0.3,0.12,42,0,1,25,3.0000000000000018,5.358587608981898,0.0,0.0
4,0.34777784436726755,damping=0.3,0.1222056369516405,48.68889821141746,0.40518755225486663,44.982193660787445,0.1,0.3,0.12,42,0,1,30,3.6000000000000023,5.51995932209331,0.0,0.0
5,0.34564738748376334,damping=0.3,0.1438605714693394,48.390634247726865,0.4279897868743432,43.98130210580679,0.1,0.3,0.12,42,0,1,35,4.200000000000003,5.933721174379549,0.0,0.0
5,0.3433189874400018,damping=0.3,0.16467093436144245,48.06465824160025,0.4174659335721885,42.97601042288459,0.1,0.3,0.12,42,0,1,40,4.800000000000003,5.971492826168437,0.0,0.0
5,0.3412996504184702,damping=0.3,0.1869850848969735,47.78195105858583,0.43782604817523874,41.961891131278904,0.1,0.3,0.12,42,0,1,45,5.400000000000004,6.2171665180487174,0.0,0.0
5,0.3395086990717157,damping=0.3,0.20998700139298815,47.5312178700402,0.4253056690250867,40.9474226168606,0.1,0.3,0.12,42,0,1,50,6.000000000000004,6.1326169562946635,0.0,0.0
6,0.3376414187309378,damping=0.3,0.2326643058595292,47.26979862233129,0.44461611422730074,39.92656875748525,0.1,0.3,0.12,42,0,1,55,6.600000000000005,6.3612017181866936,0.0,0.0
10,0.3357037826380269,damping=0.3,0.2548698848837331,46.99852956932377,0.431176441279671,38.907052107520606,0.1,0.3,0.12,42,0,1,60,7.2000000000000055,6.293754777094282,0.0,0.0
13,0.33326511209496207,damping=0.3,0.2753648984787407,46.65711569329469,0.4502570052259558,37.8821800931563,0.1,0.3,0.12,42,0,1,65,7.800000000000006,6.491619090635565,0.0,0.0
17,0.33040877288072384,damping=0.3,0.2943548489414844,46.25722820330134,0.4362804097477072,36.85945394976117,0.1,0.3,0.12,42,0,1,70,8.400000000000004,6.40665448966397,0.0,0.0
21,0.3273746326287977,damping=0.3,0.31298410816034794,45.83244856803167,0.4551808945481311,35.83197512826026,0.1,0.3,0.12,42,0,1,75,9.0,6.631446349277473,0.0,0.0
26,0.3248012080073596,damping=0.3,0.3332210133898678,45.47216912103035,0.4407600401407906,34.80723923591958,0.1,0.3,0.12,42,0,1,80,9.599999999999996,6.562044971491029,0.0,0.0
30,0.3225532541317837,damping=0.3,0.3546441211570829,45.15745557844972,0.45953181626937406,33.77823625875063,0.1,0.3,0.12,42,0,1,85,10.199999999999992,6.728148542131976,0.0,0.0
39,0.320237327765342,damping=0.3,0.3756978371241479,44.833225887147876,0.44463254614758696,32.752584676071685,0.1,0.3,0.12,42,0,1,90,10.799999999999988,6.606261576721937,0.0,0.0
48,0.31785818536520355,damping=0.3,0.39664608486786984,44.500145951128495,0.463121370925765,31.72331843946636,0.1,0.3,0.12,42,0,1,95,11.399999999999984,6.786356399654347,0.0,0.0
60,0.31491016323994164,damping=0.3,0.41585580302480313,44.08742285359183,0.4477496064857054,30.698152291355104,0.1,0.3,0.12,42,0,1,100,11.99999999999998,6.66075087639887,0.0,0.0
77,0.3115096796841988,damping=0.3,0.4339948207260771,43.611355155787834,0.46600599477822713,29.670048392570436,0.1,0.3,0.12,42,0,1,105,12.599999999999977,6.84820645159561,0.0,0.0
85,0.3079602386589975,damping=0.3,0.45177761427325575,43.11443341225965,0.45024991470493836,28.646721841858195,0.1,0.3,0.12,42,0,1,110,13.199999999999973,6.742957216782049,0.0,0.0
92,0.3049425614222026,damping=0.3,0.4713161500259075,42.69195859910837,0.4682647061813221,27.621079815813285,0.1,0.3,0.12,42,0,1,115,13.799999999999969,6.939219264400681,0.0,0.0
98,0.30229732173801216,damping=0.3,0.49178988711606486,42.3216250433217,0.45208766200119876,26.60090745659031,0.1,0.3,0.12,42,0,1,120,14.399999999999965,6.786746302704823,0.0,0.0
99,0.29959075272539754,damping=0.3,0.5121956898442437,41.942705381555655,0.4696880489565064,25.579187746724514,0.1,0.3,0.12,42,0,1,125,14.999999999999961,6.939253985140502,0.0,0.0
103,0.2968296051522839,damping=0.3,0.5323527685524985,41.55614472131975,0.45300163537028004,24.56383277386348,0.1,0.3,0.12,42,0,1,130,15.599999999999957,6.795318073447024,0.0,0.0
105,0.2934664703061328,damping=0.3,0.5512193643737555,41.085305842858595,0.47012677041538964,23.54786080221309,0.1,0.3,0.12,42,0,1,135,16.199999999999957,6.946669784694714,0.0,0.0
106,0.2896515643737037,damping=0.3,0.5690386142525463,40.55121901231852,0.453009705751892,22.539178166714372,0.1,0.3,0.12,42,0,1,140,16.79999999999996,6.807392302763574,0.0,0.0
107,0.2857005091653966,damping=0.3,0.5868071484309024,39.99807128315552,0.4696629449312451,21.53079756757919,0.1,0.3,0.12,42,0,1,145,17.399999999999967,6.9796075914693185,0.0,0.0
107,0.28232240606115394,damping=0.3,0.6058931147819233,39.52513684856155,0.4521379134091521,20.53062107586717,0.1,0.3,0.12,42,0,1,150,17.99999999999997,6.849741950932868,0.0,0.0
109,0.27933913233849506,damping=0.3,0.6259420785867057,39.107478527389304,0.4681885775384169,19.53174629867139,0.1,0.3,0.12,42,0,1,155,18.599999999999977,6.974318738869269,0.0,0.0
111,0.2763048146620444,damping=0.3,0.6457258360975306,38.68267405268621,0.45012900682026574,18.54217628327585,0.1,0.3,0.12,42,0,1,160,19.19999999999998,6.7996904401147695,0.0,0.0
117,0.2732244049204236,damping=0.3,0.6654602636173451,38.25141668885931,0.46534955839316106,17.555198060143603,0.1,0.3,0.12,42,0,1,165,19.799999999999986,6.9264772270653845,0.0,0.0
118,0.26934118525011913,damping=0.3,0.6835816223739084,37.70776593501668,0.4467411314945013,16.578848500348386,0.1,0.3,0.12,42,0,1,170,20.39999999999999,6.752403583574521,0.0,0.0
118,0.2651942792051965,damping=0.3,0.7013783503594667,37.12719908872751,0.4610846391474043,15.60652254837718,0.1,0.3,0.12,42,0,1,175,20.999999999999996,6.886911002145726,0.0,0.0
117,0.26093151887270594,damping=0.3,0.7189399425861509,36.53041264217883,0.44196729880093943,14.646219069879974,0.1,0.3,0.12,42,0,1,180,21.6,6.7274363680073845,0.0,0.0
120,0.25726767284742724,damping=0.3,0.7376541731157168,36.01747419863982,0.45528736957077914,13.691506009512475,0.1,0.3,0.12,42,0,1,185,22.200000000000006,6.85694439299731,0.0,0.0
123,0.2540205506165043,damping=0.3,0.7568204321185158,35.5628770863106,0.43554127925582053,12.750433296042823,0.1,0.3,0.12,42,0,1,190,22.80000000000001,6.653030680029969,0.0,0.0
126,0.2507317986449766,damping=0.3,0.7758052751677478,35.10245181029672,0.4474822227706886,11.816918840266274,0.1,0.3,0.12,42,0,1,195,23.400000000000016,6.730798975032672,0.0,0.0
127,0.24740889216811932,damping=0.3,0.7944028378977565,34.637244903536704,0.4269252979077016,10.899128200787489,0.1,0.3,0.12,42,0,1,200,24.00000000000002,6.523514335242116,0.0,0.0
127,0.24329418512122478,damping=0.3,0.8118269483421474,34.06118591697147,0.4371906627562003,9.991363167673533,0.1,0.3,0.12,42,0,1,205,24.600000000000026,6.592397452136962,0.0,0.0
127,0.23894275204239923,damping=0.3,0.8286790177056005,33.45198528593589,0.4157662034049794,9.101811528632085,0.1,0.3,0.12,42,0,1,210,25.20000000000003,6.387733057894038,0.0,0.0
127,0.23449629209361136,damping=0.3,0.8452996258454518,32.82948089310559,0.4240306579011638,8.225226726419756,0.1,0.3,0.12,42,0,1,215,25.800000000000036,6.4558913458201035,0.0,0.0
127,0.23065437394392774,damping=0.3,0.86222428022038,32.29161235214988,0.4015345165893409,7.369895516538592,0.1,0.3,0.12,42,0,1,220,26.40000000000004,6.243359848925619,0.0,0.0
127,0.22722789908000518,damping=0.3,0.8791572949579208,31.811905871200725,0.4071500188017926,6.531305138076043,0.1,0.3,0.12,42,0,1,225,27.000000000000046,6.247354912604303,0.0,0.0
128,0.2237766710184581,damping=0.3,0.8953323245579933,31.328733942584133,0.3831071404054473,5.718065552561782,0.1,0.3,0.12,42,0,1,230,27.60000000000005,5.979731129608745,0.0,0.0
128,0.22030643044009424,damping=0.3,0.9107992220151748,30.84290026161319,0.38456715249414447,4.927117058622693,0.1,0.3,0.12,42,0,1,235,28.200000000000056,5.945319203029778,0.0,0.0
128,0.2161088748452166,damping=0.3,0.9247813003311025,30.255242478330324,0.3566690783935259,4.1699913800463655,0.1,0.3,0.12,42,0,1,240,28.80000000000006,5.640869516878185,0.0,0.0
128,0.21172006659640807,damping=0.3,0.937713588627653,29.64080932349713,0.35083267345253816,3.4469642560513596,0.1,0.3,0.12,42,0,1,245,29.400000000000066,5.545152793089631,0.0,0.0
128,0.20729041984153984,damping=0.3,0.9494166559439775,29.020658777815576,0.31905501967074373,2.768750538151722,0.1,0.3,0.12,42,0,1,250,30.00000000000007,5.199729169590853,0.0,0.0
128,0.20363125471888743,damping=0.3,0.9602201057480955,28.50837566064424,0.3054779692615133,2.136352622414014,0.1,0.3,0.12,42,0,1,255,30.600000000000076,5.01150780768887,0.0,0.0
128,0.20016143099313352,damping=0.3,0.9693620371297591,28.022600339038693,0.26895129749656915,1.5611231079041445,0.1,0.3,0.12,42,0,1,260,31.20000000000008,4.573098787469306,0.0,0.0
128,0.1966971372128044,damping=0.3,0.9765822163815931,27.537599209792617,0.2441926017544337,1.0478934557720563,0.1,0.3,0.12,42,0,1,265,31.800000000000086,4.24350814562103,0.0,0.0
128,0.1932495154020084,damping=0.3,0.9815900910011429,27.05493215628118,0.19952712749848767,0.6113708378073439,0.1,0.3,0.12,42,0,1,270,32.40000000000008,3.7031757570695243,0.0,0.0
128,0.18929521570189808,damping=0.3,0.9840601570469457,26.50133019826573,0.15611360962106813,0.52884639461989,0.1,0.3,0.12,42,0,132,275,33.000000000000064,3.1871739826086154,0.0,0.0
127,0.18529204746991676,damping=0.3,0.9838495695336256,25.940886645788346,0.09682747904754992,0.47983635761944765,0.1,0.3,0.12,42,0,132,280,33.60000000000005,2.4884746592468963,0.0,0.0
127,0.18198279275387427,damping=0.3,0.9838579860977759,25.4775909855424,0.0408576696934076,0.4220056092753245,0.1,0.3,0.12,42,0,132,285,34.20000000000004,1.8330219509753112,0.0,0.0
127,0.1788545746408684,damping=0.3,0.9845983525749582,25.039640449721578,0.019520876601105474,0.3629352617543137,0.1,0.3,0.12,42,0,132,290,34.800000000000026,1.3830035320796707,0.0,0.0
127,0.1756612848937397,damping=0.3,0.9855002232628304,24.592579885123556,0.021383581125851182,0.3092530681227083,0.1,0.3,0.12,42,0,132,295,35.40000000000001,1.1862122863396225,0.0,0.0
127,0.17252074306276868,damping=0.3,0.9864640156378082,24.152904028787617,0.022015936357525134,0.26484841473085113,0.1,0.3,0.12,42,0,132,300,36.0,1.0474833747523546,0.0,0.0
1,0.35490268938791736,damping=0.3,0.009603005489343988,49.68637651430843,0.2090381953992087,49.4168520362634,0.1,0.3,0.12,42,1,1,5,0.6,1.6910241779843185,0.0,0.0
3,0.35365332644071246,damping=0.3,0.027833508431356735,49.51146570169974,0.2984679249002633,48.70875708753771,0.1,0.3,0.12,42,1,1,10,1.2000000000000002,3.161151350940363,0.0,0.0
4,0.35236417530217323,damping=0.3,0.050884218692013684,49.33098454230425,0.36174616699988954,47.856144299395226,0.1,0.3,0.12,42,1,1,15,1.8000000000000007,4.494259443136148,0.0,0.0
4,0.351000394473278,damping=0.3,0.07501995550719251,49.14005522625892,0.3768814677093935,46.933173605909246,0.1,0.3,0.12,42,1,1,20,2.4000000000000012,4.922819592531321,0.0,0.0
4,0.34956003332596186,damping=0.3,0.0993349500981638,48.938404665634664,0.41014629108687095,45.96696950947627,0.1,0.3,0.12,42,1,1,25,3.0000000000000018,5.358587608981898,0.0,0.0
4,0.34777784436726755,damping=0.3,0.1222056369516405,48.68889821141746,0.40518755225486663,44.982193660787445,0.1,0.3,0.12,42,1,1,30,3.6000000000000023,5.51995932209331,0.0,0.0
5,0.34564738748376334,damping=0.3,0.1438605714693394,48.390634247726865,0.4279897868743432,43.98130210580679,0.1,0.3,0.12,42,1,1,35,4.200000000000003,5.933721174379549,0.0,0.0
5,0.3433189874400018,damping=0.3,0.16467093436144245,48.06465824160025,0.4174659335721885,42.97601042288459,0.1,0.3,0.12,42,1,1,40,4.800000000000003,5.971492826168437,0.0,0.0
5,0.3412996504184702,damping=0.3,0.1869850848969735,47.78195105858583,0.43782604817523874,41.961891131278904,0.1,0.3,0.12,42,1,1,45,5.400000000000004,6.2171665180487174,0.0,0.0
5,0.3395086990717157,damping=0.3,0.20998700139298815,47.5312178700402,0.4253056690250867,40.9474226168606,0.1,0.3,0.12,42,1,1,50,6.000000000000004,6.1326169562946635,0.0,0.0
6,0.3376414187309378,damping=0.3,0.2326643058595292,47.26979862233129,0.44461611422730074,39.92656875748525,0.1,0.3,0.12,42,1,1,55,6.600000000000005,6.3612017181866936,0.0,0.0
10,0.3357037826380269,damping=0.3,0.2548698848837331,46.99852956932377,0.431176441279671,38.907052107520606,0.1,0.3,0.12,42,1,1,60,7.2000000000000055,6.293754777094282,0.0,0.0
13,0.33326511209496207,damping=0.3,0.2753648984787407,46.65711569329469,0.4502570052259558,37.8821800931563,0.1,0.3,0.12,42,1,1,65,7.800000000000006,6.491619090635565,0.0,0.0
17,0.33040877288072384,damping=0.3,0.2943548489414844,46.25722820330134,0.4362804097477072,36.85945394976117,0.1,0.3,0.12,42,1,1,70,8.400000000000004,6.40665448966397,0.0,0.0
21,0.3273746326287977,damping=0.3,0.31298410816034794,45.83244856803167,0.4551808945481311,35.83197512826026,0.1,0.3,0.12,42,1,1,75,9.0,6.631446349277473,0.0,0.0
26,0.3248012080073596,damping=0.3,0.3332210133898678,45.47216912103035,0.4407600401407906,34.80723923591958,0.1,0.3,0.12,42,1,1,80,9.599999999999996,6.562044971491029,0.0,0.0
30,0.3225532541317837,damping=0.3,0.3546441211570829,45.15745557844972,0.45953181626937406,33.77823625875063,0.1,0.3,0.12,42,1,1,85,10.199999999999992,6.728148542131976,0.0,0.0
39,0.320237327765342,damping=0.3,0.3756978371241479,44.833225887147876,0.44463254614758696,32.752584676071685,0.1,0.3,0.12,42,1,1,90,10.799999999999988,6.606261576721937,0.0,0.0
48,0.31785818536520355,damping=0.3,0.39664608486786984,44.500145951128495,0.463121370925765,31.72331843946636,0.1,0.3,0.12,42,1,1,95,11.399999999999984,6.786356399654347,0.0,0.0
60,0.31491016323994164,damping=0.3,0.41585580302480313,44.08742285359183,0.4477496064857054,30.698152291355104,0.1,0.3,0.12,42,1,1,100,11.99999999999998,6.66075087639887,0.0,0.0
77,0.3115096796841988,damping=0.3,0.4339948207260771,43.611355155787834,0.46600599477822713,29.670048392570436,0.1,0.3,0.12,42,1,1,105,12.599999999999977,6.84820645159561,0.0,0.0
85,0.3079602386589975,damping=0.3,0.45177761427325575,43.11443341225965,0.45024991470493836,28.646721841858195,0.1,0.3,0.12,42,1,1,110,13.199999999999973,6.742957216782049,0.0,0.0
92,0.3049425614222026,damping=0.3,0.4713161500259075,42.69195859910837,0.4682647061813221,27.621079815813285,0.1,0.3,0.12,42,1,1,115,13.799999999999969,6.939219264400681,0.0,0.0
98,0.30229732173801216,damping=0.3,0.49178988711606486,42.3216250433217,0.45208766200119876,26.60090745659031,0.1,0.3,0.12,42,1,1,120,14.399999999999965,6.786746302704823,0.0,0.0
99,0.29959075272539754,damping=0.3,0.5121956898442437,41.942705381555655,0.4696880489565064,25.579187746724514,0.1,0.3,0.12,42,1,1,125,14.999999999999961,6.939253985140502,0.0,0.0
103,0.2968296051522839,damping=0.3,0.5323527685524985,41.55614472131975,0.45300163537028004,24.56383277386348,0.1,0.3,0.12,42,1,1,130,15.599999999999957,6.795318073447024,0.0,0.0
105,0.2934664703061328,damping=0.3,0.5512193643737555,41.085305842858595,0.47012677041538964,23.54786080221309,0.1,0.3,0.12,42,1,1,135,16.199999999999957,6.946669784694714,0.0,0.0
106,0.2896515643737037,damping=0.3,0.5690386142525463,40.55121901231852,0.453009705751892,22.539178166714372,0.1,0.3,0.12,42,1,1,140,16.79999999999996,6.807392302763574,0.0,0.0
107,0.2857005091653966,damping=0.3,0.5868071484309024,39.99807128315552,0.4696629449312451,21.53079756757919,0.1,0.3,0.12,42,1,1,145,17.399999999999967,6.9796075914693185,0.0,0.0
107,0.28232240606115394,damping=0.3,0.6058931147819233,39.52513684856155,0.4521379134091521,20.53062107586717,0.1,0.3,0.12,42,1,1,150,17.99999999999997,6.849741950932868,0.0,0.0
109,0.27933913233849506,damping=0.3,0.6259420785867057,39.107478527389304,0.4681885775384169,19.53174629867139,0.1,0.3,0.12,42,1,1,155,18.599999999999977,6.974318738869269,0.0,0.0
111,0.2763048146620444,damping=0.3,0.6457258360975306,38.68267405268621,0.45012900682026574,18.54217628327585,0.1,0.3,0.12,42,1,1,160,19.19999999999998,6.7996904401147695,0.0,0.0
117,0.2732244049204236,damping=0.3,0.6654602636173451,38.25141668885931,0.46534955839316106,17.555198060143603,0.1,0.3,0.12,42,1,1,165,19.799999999999986,6.9264772270653845,0.0,0.0
118,0.26934118525011913,damping=0.3,0.6835816223739084,37.70776593501668,0.4467411314945013,16.578848500348386,0.1,0.3,0.12,42,1,1,170,20.39999999999999,6.752403583574521,0.0,0.0
118,0.2651942792051965,damping=0.3,0.7013783503594667,37.12719908872751,0.4610846391474043,15.60652254837718,0.1,0.3,0.12,42,1,1,175,20.999999999999996,6.886911002145726,0.0,0.0
117,0.26093151887270594,damping=0.3,0.7189399425861509,36.53041264217883,0.44196729880093943,14.646219069879974,0.1,0.3,0.12,42,1,1,180,21.6,6.7274363680073845,0.0,0.0
120,0.25726767284742724,damping=0.3,0.7376541731157168,36.01747419863982,0.45528736957077914,13.691506009512475,0.1,0.3,0.12,42,1,1,185,22.200000000000006,6.85694439299731,0.0,0.0
123,0.2540205506165043,damping=0.3,0.7568204321185158,35.5628770863106,0.43554127925582053,12.750433296042823,0.1,0.3,0.12,42,1,1,190,22.80000000000001,6.653030680029969,0.0,0.0
126,0.2507317986449766,damping=0.3,0.7758052751677478,35.10245181029672,0.4474822227706886,11.816918840266274,0.1,0.3,0.12,42,1,1,195,23.400000000000016,6.730798975032672,0.0,0.0
127,0.24740889216811932,damping=0.3,0.7944028378977565,34.637244903536704,0.4269252979077016,10.899128200787489,0.1,0.3,0.12,42,1,1,200,24.00000000000002,6.523514335242116,0.0,0.0
127,0.24329418512122478,damping=0.3,0.8118269483421474,34.06118591697147,0.4371906627562003,9.991363167673533,0.1,0.3,0.12,42,1,1,205,24.600000000000026,6.592397452136962,0.0,0.0
127,0.23894275204239923,damping=0.3,0.8286790177056005,33.45198528593589,0.4157662034049794,9.101811528632085,0.1,0.3,0.12,42,1,1,210,25.20000000000003,6.387733057894038,0.0,0.0
127,0.23449629209361136,damping=0.3,0.8452996258454518,32.82948089310559,0.4240306579011638,8.225226726419756,0.1,0.3,0.12,42,1,1,215,25.800000000000036,6.4558913458201035,0.0,0.0
127,0.23065437394392774,damping=0.3,0.86222428022038,32.29161235214988,0.4015345165893409,7.369895516538592,0.1,0.3,0.12,42,1,1,220,26.40000000000004,6.243359848925619,0.0,0.0
127,0.22722789908000518,damping=0.3,0.8791572949579208,31.811905871200725,0.4071500188017926,6.531305138076043,0.1,0.3,0.12,42,1,1,225,27.000000000000046,6.247354912604303,0.0,0.0
128,0.2237766710184581,damping=0.3,0.8953323245579933,31.328733942584133,0.3831071404054473,5.718065552561782,0.1,0.3,0.12,42,1,1,230,27.60000000000005,5.979731129608745,0.0,0.0
128,0.22030643044009424,damping=0.3,0.9107992220151748,30.84290026161319,0.38456715249414447,4.927117058622693,0.1,0.3,0.12,42,1,1,235,28.200000000000056,5.945319203029778,0.0,0.0
128,0.2161088748452166,damping=0.3,0.9247813003311025,30.255242478330324,0.3566690783935259,4.1699913800463655,0.1,0.3,0.12,42,1,1,240,28.80000000000006,5.640869516878185,0.0,0.0
128,0.21172006659640807,damping=0.3,0.937713588627653,29.64080932349713,0.35083267345253816,3.4469642560513596,0.1,0.3,0.12,42,1,1,245,29.400000000000066,5.545152793089631,0.0,0.0
128,0.20729041984153984,damping=0.3,0.9494166559439775,29.020658777815576,0.31905501967074373,2.768750538151722,0.1,0.3,0.12,42,1,1,250,30.00000000000007,5.199729169590853,0.0,0.0
128,0.20363125471888743,damping=0.3,0.9602201057480955,28.50837566064424,0.3054779692615133,2.136352622414014,0.1,0.3,0.12,42,1,1,255,30.600000000000076,5.01150780768887,0.0,0.0
128,0.20016143099313352,damping=0.3,0.9693620371297591,28.022600339038693,0.26895129749656915,1.5611231079041445,0.1,0.3,0.12,42,1,1,260,31.20000000000008,4.573098787469306,0.0,0.0
128,0.1966971372128044,damping=0.3,0.9765822163815931,27.537599209792617,0.2441926017544337,1.0478934557720563,0.1,0.3,0.12,42,1,1,265,31.800000000000086,4.24350814562103,0.0,0.0
128,0.1932495154020084,damping=0.3,0.9815900910011429,27.05493215628118,0.19952712749848767,0.6113708378073439,0.1,0.3,0.12,42,1,1,270,32.40000000000008,3.7031757570695243,0.0,0.0
128,0.18929521570189808,damping=0.3,0.9840601570469457,26.50133019826573,0.15611360962106813,0.52884639461989,0.1,0.3,0.12,42,1,132,275,33.000000000000064,3.1871739826086154,0.0,0.0
127,0.18529204746991676,damping=0.3,0.9838495695336256,25.940886645788346,0.09682747904754992,0.47983635761944765,0.1,0.3,0.12,42,1,132,280,33.60000000000005,2.4884746592468963,0.0,0.0
127,0.18198279275387427,damping=0.3,0.9838579860977759,25.4775909855424,0.0408576696934076,0.4220056092753245,0.1,0.3,0.12,42,1,132,285,34.20000000000004,1.8330219509753112,0.0,0.0
127,0.1788545746408684,damping=0.3,0.9845983525749582,25.039640449721578,0.019520876601105474,0.3629352617543137,0.1,0.3,0.12,42,1,132,290,34.800000000000026,1.3830035320796707,0.0,0.0
127,0.1756612848937397,damping=0.3,0.9855002232628304,24.592579885123556,0.021383581125851182,0.3092530681227083,0.1,0.3,0.12,42,1,132,295,35.40000000000001,1.1862122863396225,0.0,0.0
127,0.17252074306276868,damping=0.3,0.9864640156378082,24.152904028787617,0.022015936357525134,0.26484841473085113,0.1,0.3,0.12,42,1,132,300,36.0,1.0474833747523546,0.0,0.0
1,0.35490268938791736,damping=0.3,0.009603005489343988,49.68637651430843,0.2090381953992087,49.4168520362634,0.1,0.3,0.12,42,2,1,5,0.6,1.6910241779843185,0.0,0.0
3,0.35365332644071246,damping=0.3,0.027833508431356735,49.51146570169974,0.2984679249002633,48.70875708753771,0.1,0.3,0.12,42,2,1,10,1.2000000000000002,3.161151350940363,0.0,0.0
4,0.35236417530217323,damping=0.3,0.050884218692013684,49.33098454230425,0.36174616699988954,47.856144299395226,0.1,0.3,0.12,42,2,1,15,1.8000000000000007,4.494259443136148,0.0,0.0
4,0.351000394473278,damping=0.3,0.07501995550719251,49.14005522625892,0.3768814677093935,46.933173605909246,0.1,0.3,0.12,42,2,1,20,2.4000000000000012,4.922819592531321,0.0,0.0
4,0.34956003332596186,damping=0.3,0.0993349500981638,48.938404665634664,0.41014629108687095,45.96696950947627,0.1,0.3,0.12,42,2,1,25,3.0000000000000018,5.358587608981898,0.0,0.0
4,0.34777784436726755,damping=0.3,0.1222056369516405,48.68889821141746,0.40518755225486663,44.982193660787445,0.1,0.3,0.12,42,2,1,30,3.6000000000000023,5.51995932209331,0.0,0.0
5,0.34564738748376334,damping=0.3,0.1438605714693394,48.390634247726865,0.4279897868743432,43.98130210580679,0.1,0.3,0.12,42,2,1,35,4.200000000000003,5.933721174379549,0.0,0.0
5,0.3433189874400018,damping=0.3,0.16467093436144245,48.06465824160025,0.4174659335721885,42.97601042288459,0.1,0.3,0.12,42,2,1,40,4.800000000000003,5.971492826168437,0.0,0.0
5,0.3412996504184702,damping=0.3,0.1869850848969735,47.78195105858583,0.43782604817523874,41.961891131278904,0.1,0.3,0.12,42,2,1,45,5.400000000000004,6.2171665180487174,0.0,0.0
5,0.3395086990717157,damping=0.3,0.20998700139298815,47.5312178700402,0.4253056690250867,40.9474226168606,0.1,0.3,0.12,42,2,1,50,6.000000000000004,6.1326169562946635,0.0,0.0
6,0.3376414187309378,damping=0.3,0.2326643058595292,47.26979862233129,0.44461611422730074,39.92656875748525,0.1,0.3,0.12,42,2,1,55,6.600000000000005,6.3612017181866936,0.0,0.0
10,0.3357037826380269,damping=0.3,0.2548698848837331,46.99852956932377,0.431176441279671,38.907052107520606,0.1,0.3,0.12,42,2,1,60,7.2000000000000055,6.293754777094282,0.0,0.0
13,0.33326511209496207,damping=0.3,0.2753648984787407,46.65711569329469,0.4502570052259558,37.8821800931563,0.1,0.3,0.12,42,2,1,65,7.800000000000006,6.491619090635565,0.0,0.0
17,0.33040877288072384,damping=0.3,0.2943548489414844,46.25722820330134,0.4362804097477072,36.85945394976117,0.1,0.3,0.12,42,2,1,70,8.400000000000004,6.40665448966397,0.0,0.0
21,0.3273746326287977,damping=0.3,0.31298410816034794,45.83244856803167,0.4551808945481311,35.83197512826026,0.1,0.3,0.12,42,2,1,75,9.0,6.631446349277473,0.0,0.0
26,0.3248012080073596,damping=0.3,0.3332210133898678,45.47216912103035,0.4407600401407906,34.80723923591958,0.1,0.3,0.12,42,2,1,80,9.599999999999996,6.562044971491029,0.0,0.0
30,0.3225532541317837,damping=0.3,0.3546441211570829,45.15745557844972,0.45953181626937406,33.77823625875063,0.1,0.3,0.12,42,2,1,85,10.199999999999992,6.728148542131976,0.0,0.0
39,0.320237327765342,damping=0.3,0.3756978371241479,44.833225887147876,0.44463254614758696,32.752584676071685,0.1,0.3,0.12,42,2,1,90,10.799999999999988,6.606261576721937,0.0,0.0
48,0.31785818536520355,damping=0.3,0.39664608486786984,44.500145951128495,0.463121370925765,31.72331843946636,0.1,0.3,0.12,42,2,1,95,11.399999999999984,6.786356399654347,0.0,0.0
60,0.31491016323994164,damping=0.3,0.41585580302480313,44.08742285359183,0.4477496064857054,30.698152291355104,0.1,0.3,0.12,42,2,1,100,11.99999999999998,6.66075087639887,0.0,0.0
77,0.3115096796841988,damping=0.3,0.4339948207260771,43.611355155787834,0.46600599477822713,29.670048392570436,0.1,0.3,0.12,42,2,1,105,12.599999999999977,6.84820645159561,0.0,0.0
85,0.3079602386589975,damping=0.3,0.45177761427325575,43.11443341225965,0.45024991470493836,28.646721841858195,0.1,0.3,0.12,42,2,1,110,13.199999999999973,6.742957216782049,0.0,0.0
92,0.3049425614222026,damping=0.3,0.4713161500259075,42.69195859910837,0.4682647061813221,27.621079815813285,0.1,0.3,0.12,42,2,1,115,13.799999999999969,6.939219264400681,0.0,0.0
98,0.30229732173801216,damping=0.3,0.49178988711606486,42.3216250433217,0.45208766200119876,26.60090745659031,0.1,0.3,0.12,42,2,1,120,14.399999999999965,6.786746302704823,0.0,0.0
99,0.29959075272539754,damping=0.3,0.5121956898442437,41.942705381555655,0.4696880489565064,25.579187746724514,0.1,0.3,0.12,42,2,1,125,14.999999999999961,6.939253985140502,0.0,0.0
103,0.2968296051522839,damping=0.3,0.5323527685524985,41.55614472131975,0.45300163537028004,24.56383277386348,0.1,0.3,0.12,42,2,1,130,15.599999999999957,6.795318073447024,0.0,0.0
105,0.2934664703061328,damping=0.3,0.5512193643737555,41.085305842858595,0.47012677041538964,23.54786080221309,0.1,0.3,0.12,42,2,1,135,16.199999999999957,6.946669784694714,0.0,0.0
106,0.2896515643737037,damping=0.3,0.5690386142525463,40.55121901231852,0.453009705751892,22.539178166714372,0.1,0.3,0.12,42,2,1,140,16.79999999999996,6.807392302763574,0.0,0.0
107,0.2857005091653966,damping=0.3,0.5868071484309024,39.99807128315552,0.4696629449312451,21.53079756757919,0.1,0.3,0.12,42,2,1,145,17.399999999999967,6.9796075914693185,0.0,0.0
107,0.28232240606115394,damping=0.3,0.6058931147819233,39.52513684856155,0.4521379134091521,20.53062107586717,0.1,0.3,0.12,42,2,1,150,17.99999999999997,6.849741950932868,0.0,0.0
109,0.27933913233849506,damping=0.3,0.6259420785867057,39.107478527389304,0.4681885775384169,19.53174629867139,0.1,0.3,0.12,42,2,1,155,18.599999999999977,6.974318738869269,0.0,0.0
111,0.2763048146620444,damping=0.3,0.6457258360975306,38.68267405268621,0.45012900682026574,18.54217628327585,0.1,0.3,0.12,42,2,1,160,19.19999999999998,6.7996904401147695,0.0,0.0
117,0.2732244049204236,damping=0.3,0.6654602636173451,38.25141668885931,0.46534955839316106,17.555198060143603,0.1,0.3,0.12,42,2,1,165,19.799999999999986,6.9264772270653845,0.0,0.0
118,0.26934118525011913,damping=0.3,0.6835816223739084,37.70776593501668,0.4467411314945013,16.578848500348386,0.1,0.3,0.12,42,2,1,170,20.39999999999999,6.752403583574521,0.0,0.0
118,0.2651942792051965,damping=0.3,0.7013783503594667,37.12719908872751,0.4610846391474043,15.60652254837718,0.1,0.3,0.12,42,2,1,175,20.999999999999996,6.886911002145726,0.0,0.0
117,0.26093151887270594,damping=0.3,0.7189399425861509,36.53041264217883,0.44196729880093943,14.646219069879974,0.1,0.3,0.12,42,2,1,180,21.6,6.7274363680073845,0.0,0.0
120,0.25726767284742724,damping=0.3,0.7376541731157168,36.01747419863982,0.45528736957077914,13.691506009512475,0.1,0.3,0.12,42,2,1,185,22.200000000000006,6.85694439299731,0.0,0.0
123,0.2540205506165043,damping=0.3,0.7568204321185158,35.5628770863106,0.43554127925582053,12.750433296042823,0.1,0.3,0.12,42,2,1,190,22.80000000000001,6.653030680029969,0.0,0.0
126,0.2507317986449766,damping=0.3,0.7758052751677478,35.10245181029672,0.4474822227706886,11.816918840266274,0.1,0.3,0.12,42,2,1,195,23.400000000000016,6.730798975032672,0.0,0.0
127,0.24740889216811932,damping=0.3,0.7944028378977565,34.637244903536704,0.4269252979077016,10.899128200787489,0.1,0.3,0.12,42,2,1,200,24.00000000000002,6.523514335242116,0.0,0.0
127,0.24329418512122478,damping=0.3,0.8118269483421474,34.06118591697147,0.4371906627562003,9.991363167673533,0.1,0.3,0.12,42,2,1,205,24.600000000000026,6.592397452136962,0.0,0.0
127,0.23894275204239923,damping=0.3,0.8286790177056005,33.45198528593589,0.4157662034049794,9.101811528632085,0.1,0.3,0.12,42,2,1,210,25.20000000000003,6.387733057894038,0.0,0.0
127,0.23449629209361136,damping=0.3,0.8452996258454518,32.82948089310559,0.4240306579011638,8.225226726419756,0.1,0.3,0.12,42,2,1,215,25.800000000000036,6.4558913458201035,0.0,0.0
127,0.23065437394392774,damping=0.3,0.86222428022038,32.29161235214988,0.4015345165893409,7.369895516538592,0.1,0.3,0.12,42,2,1,220,26.40000000000004,6.243359848925619,0.0,0.0
127,0.22722789908000518,damping=0.3,0.8791572949579208,31.811905871200725,0.4071500188017926,6.531305138076043,0.1,0.3,0.12,42,2,1,225,27.000000000000046,6.247354912604303,0.0,0.0
128,0.2237766710184581,damping=0.3,0.8953323245579933,31.328733942584133,0.3831071404054473,5.718065552561782,0.1,0.3,0.12,42,2,1,230,27.60000000000005,5.979731129608745,0.0,0.0
128,0.22030643044009424,damping=0.3,0.9107992220151748,30.84290026161319,0.38456715249414447,4.927117058622693,0.1,0.3,0.12,42,2,1,235,28.200000000000056,5.945319203029778,0.0,0.0
128,0.2161088748452166,damping=0.3,0.9247813003311025,30.255242478330324,0.3566690783935259,4.1699913800463655,0.1,0.3,0.12,42,2,1,240,28.80000000000006,5.640869516878185,0.0,0.0
128,0.21172006659640807,damping=0.3,0.937713588627653,29.64080932349713,0.35083267345253816,3.4469642560513596,0.1,0.3,0.12,42,2,1,245,29.400000000000066,5.545152793089631,0.0,0.0
128,0.20729041984153984,damping=0.3,0.9494166559439775,29.020658777815576,0.31905501967074373,2.768750538151722,0.1,0.3,0.12,42,2,1,250,30.00000000000007,5.199729169590853,0.0,0.0
128,0.20363125471888743,damping=0.3,0.9602201057480955,28.50837566064424,0.3054779692615133,2.136352622414014,0.1,0.3,0.12,42,2,1,255,30.600000000000076,5.01150780768887,0.0,0.0
128,0.20016143099313352,damping=0.3,0.9693620371297591,28.022600339038693,0.26895129749656915,1.5611231079041445,0.1,0.3,0.12,42,2,1,260,31.20000000000008,4.573098787469306,0.0,0.0
128,0.1966971372128044,damping=0.3,0.9765822163815931,27.537599209792617,0.2441926017544337,1.0478934557720563,0.1,0.3,0.12,42,2,1,265,31.800000000000086,4.24350814562103,0.0,0.0
128,0.1932495154020084,damping=0.3,0.9815900910011429,27.05493215628118,0.19952712749848767,0.6113708378073439,0.1,0.3,0.12,42,2,1,270,32.40000000000008,3.7031757570695243,0.0,0.0
128,0.18929521570189808,damping=0.3,0.9840601570469457,26.50133019826573,0.15611360962106813,0.52884639461989,0.1,0.3,0.12,42,2,132,275,33.000000000000064,3.1871739826086154,0.0,0.0
127,0.18529204746991676,damping=0.3,0.9838495695336256,25.940886645788346,0.09682747904754992,0.47983635761944765,0.1,0.3,0.12,42,2,132,280,33.60000000000005,2.4884746592468963,0.0,0.0
127,0.18198279275387427,damping=0.3,0.9838579860977759,25.4775909855424,0.0408576696934076,0.4220056092753245,0.1,0.3,0.12,42,2,132,285,34.20000000000004,1.8330219509753112,0.0,0.0
127,0.1788545746408684,damping=0.3,0.9845983525749582,25.039640449721578,0.019520876601105474,0.3629352617543137,0.1,0.3,0.12,42,2,132,290,34.800000000000026,1.3830035320796707,0.0,0.0
127,0.1756612848937397,damping=0.3,0.9855002232628304,24.592579885123556,0.021383581125851182,0.3092530681227083,0.1,0.3,0.12,42,2,132,295,35.40000000000001,1.1862122863396225,0.0,0.0
127,0.17252074306276868,damping=0.3,0.9864640156378082,24.152904028787617,0.022015936357525134,0.26484841473085113,0.1,0.3,0.12,42,2,132,300,36.0,1.0474833747523546,0.0,0.0
1,0.35490268938791736,damping=0.3,0.009603005489343988,49.68637651430843,0.2090381953992087,49.4168520362634,0.1,0.3,0.12,42,3,1,5,0.6,1.6910241779843185,0.0,0.0
3,0.35365332644071246,damping=0.3,0.027833508431356735,49.51146570169974,0.2984679249002633,48.70875708753771,0.1,0.3,0.12,42,3,1,10,1.2000000000000002,3.161151350940363,0.0,0.0
4,0.35236417530217323,damping=0.3,0.050884218692013684,49.33098454230425,0.36174616699988954,47.856144299395226,0.1,0.3,0.12,42,3,1,15,1.8000000000000007,4.494259443136148,0.0,0.0
4,0.351000394473278,damping=0.3,0.07501995550719251,49.14005522625892,0.3768814677093935,46.933173605909246,0.1,0.3,0.12,42,3,1,20,2.4000000000000012,4.922819592531321,0.0,0.0
4,0.34956003332596186,damping=0.3,0.0993349500981638,48.938404665634664,0.41014629108687095,45.96696950947627,0.1,0.3,0.12,42,3,1,25,3.0000000000000018,5.358587608981898,0.0,0.0
4,0.34777784436726755,damping=0.3,0.1222056369516405,48.68889821141746,0.40518755225486663,44.982193660787445,0.1,0.3,0.12,42,3,1,30,3.6000000000000023,5.51995932209331,0.0,0.0
5,0.34564738748376334,damping=0.3,0.1438605714693394,48.390634247726865,0.4279897868743432,43.98130210580679,0.1,0.3,0.12,42,3,1,35,4.200000000000003,5.933721174379549,0.0,0.0
5,0.3433189874400018,damping=0.3,0.16467093436144245,48.06465824160025,0.4174659335721885,42.97601042288459,0.1,0.3,0.12,42,3,1,40,4.800000000000003,5.971492826168437,0.0,0.0
5,0.3412996504184702,damping=0.3,0.1869850848969735,47.78195105858583,0.43782604817523874,41.961891131278904,0.1,0.3,0.12,42,3,1,45,5.400000000000004,6.2171665180487174,0.0,0.0
5,0.3395086990717157,damping=0.3,0.20998700139298815,47.5312178700402,0.4253056690250867,40.9474226168606,0.1,0.3,0.12,42,3,1,50,6.000000000000004,6.1326169562946635,0.0,0.0
6,0.3376414187309378,damping=0.3,0.2326643058595292,47.26979862233129,0.44461611422730074,39.92656875748525,0.1,0.3,0.12,42,3,1,55,6.600000000000005,6.3612017181866936,0.0,0.0
10,0.3357037826380269,damping=0.3,0.2548698848837331,46.99852956932377,0.431176441279671,38.907052107520606,0.1,0.3,0.12,42,3,1,60,7.2000000000000055,6.293754777094282,0.0,0.0
13,0.33326511209496207,damping=0.3,0.2753648984787407,46.65711569329469,0.4502570052259558,37.8821800931563,0.1,0.3,0.12,42,3,1,65,7.800000000000006,6.491619090635565,0.0,0.0
17,0.33040877288072384,damping=0.3,0.2943548489414844,46.25722820330134,0.4362804097477072,36.85945394976117,0.1,0.3,0.12,42,3,1,70,8.400000000000004,6.40665448966397,0.0,0.0
21,0.3273746326287977,damping=0.3,0.31298410816034794,45.83244856803167,0.4551808945481311,35.83197512826026,0.1,0.3,0.12,42,3,1,75,9.0,6.631446349277473,0.0,0.0
26,0.3248012080073596,damping=0.3,0.3332210133898678,45.47216912103035,0.4407600401407906,34.80723923591958,0.1,0.3,0.12,42,3,1,80,9.599999999999996,6.562044971491029,0.0,0.0
30,0.3225532541317837,damping=0.3,0.3546441211570829,45.15745557844972,0.45953181626937406,33.77823625875063,0.1,0.3,0.12,42,3,1,85,10.199999999999992,6.728148542131976,0.0,0.0
39,0.320237327765342,damping=0.3,0.3756978371241479,44.833225887147876,0.44463254614758696,32.752584676071685,0.1,0.3,0.12,42,3,1,90,10.799999999999988,6.606261576721937,0.0,0.0
48,0.31785818536520355,damping=0.3,0.39664608486786984,44.500145951128495,0.463121370925765,31.72331843946636,0.1,0.3,0.12,42,3,1,95,11.399999999999984,6.786356399654347,0.0,0.0
60,0.31491016323994164,damping=0.3,0.41585580302480313,44.08742285359183,0.4477496064857054,30.698152291355104,0.1,0.3,0.12,42,3,1,100,11.99999999999998,6.66075087639887,0.0,0.0
77,0.3115096796841988,damping=0.3,0.4339948207260771,43.611355155787834,0.46600599477822713,29.670048392570436,0.1,0.3,0.12,42,3,1,105,12.599999999999977,6.84820645159561,0.0,0.0
85,0.3079602386589975,damping=0.3,0.45177761427325575,43.11443341225965,0.45024991470493836,28.646721841858195,0.1,0.3,0.12,42,3,1,110,13.199999999999973,6.742957216782049,0.0,0.0
92,0.3049425614222026,damping=0.3,0.4713161500259075,42.69195859910837,0.4682647061813221,27.621079815813285,0.1,0.3,0.12,42,3,1,115,13.799999999999969,6.939219264400681,0.0,0.0
98,0.30229732173801216,damping=0.3,0.49178988711606486,42.3216250433217,0.45208766200119876,26.60090745659031,0.1,0.3,0.12,42,3,1,120,14.399999999999965,6.786746302704823,0.0,0.0
99,0.29959075272539754,damping=0.3,0.5121956898442437,41.942705381555655,0.4696880489565064,25.579187746724514,0.1,0.3,0.12,42,3,1,125,14.999999999999961,6.939253985140502,0.0,0.0
103,0.2968296051522839,damping=0.3,0.5323527685524985,41.55614472131975,0.45300163537028004,24.56383277386348,0.1,0.3,0.12,42,3,1,130,15.599999999999957,6.795318073447024,0.0,0.0
105,0.2934664703061328,damping=0.3,0.5512193643737555,41.085305842858595,0.47012677041538964,23.54786080221309,0.1,0.3,0.12,42,3,1,135,16.199999999999957,6.946669784694714,0.0,0.0
106,0.2896515643737037,damping=0.3,0.5690386142525463,40.55121901231852,0.453009705751892,22.539178166714372,0.1,0.3,0.12,42,3,1,140,16.79999999999996,6.807392302763574,0.0,0.0
107,0.2857005091653966,damping=0.3,0.5868071484309024,39.99807128315552,0.4696629449312451,21.53079756757919,0.1,0.3,0.12,42,3,1,145,17.399999999999967,6.9796075914693185,0.0,0.0
107,0.28232240606115394,damping=0.3,0.6058931147819233,39.52513684856155,0.4521379134091521,20.53062107586717,0.1,0.3,0.12,42,3,1,150,17.99999999999997,6.849741950932868,0.0,0.0
109,0.27933913233849506,damping=0.3,0.6259420785867057,39.107478527389304,0.4681885775384169,19.53174629867139,0.1,0.3,0.12,42,3,1,155,18.599999999999977,6.974318738869269,0.0,0.0
111,0.2763048146620444,damping=0.3,0.6457258360975306,38.68267405268621,0.45012900682026574,18.54217628327585,0.1,0.3,0.12,42,3,1,160,19.19999999999998,6.7996904401147695,0.0,0.0
117,0.2732244049204236,damping=0.3,0.6654602636173451,38.25141668885931,0.46534955839316106,17.555198060143603,0.1,0.3,0.12,42,3,1,165,19.799999999999986,6.9264772270653845,0.0,0.0
118,0.26934118525011913,damping=0.3,0.6835816223739084,37.70776593501668,0.4467411314945013,16.578848500348386,0.1,0.3,0.12,42,3,1,170,20.39999999999999,6.752403583574521,0.0,0.0
118,0.2651942792051965,damping=0.3,0.7013783503594667,37.12719908872751,0.4610846391474043,15.60652254837718,0.1,0.3,0.12,42,3,1,175,20.999999999999996,6.886911002145726,0.0,0.0
117,0.26093151887270594,damping=0.3,0.7189399425861509,36.53041264217883,0.44196729880093943,14.646219069879974,0.1,0.3,0.12,42,3,1,180,21.6,6.7274363680073845,0.0,0.0
120,0.25726767284742724,damping=0.3,0.7376541731157168,36.01747419863982,0.45528736957077914,13.691506009512475,0.1,0.3,0.12,42,3,1,185,22.200000000000006,6.85694439299731,0.0,0.0
123,0.2540205506165043,damping=0.3,0.7568204321185158,35.5628770863106,0.43554127925582053,12.750433296042823,0.1,0.3,0.12,42,3,1,190,22.80000000000001,6.653030680029969,0.0,0.0
126,0.2507317986449766,damping=0.3,0.7758052751677478,35.10245181029672,0.4474822227706886,11.816918840266274,0.1,0.3,0.12,42,3,1,195,23.400000000000016,6.730798975032672,0.0,0.0
127,0.24740889216811932,damping=0.3,0.7944028378977565,34.637244903536704,0.4269252979077016,10.899128200787489,0.1,0.3,0.12,42,3,1,200,24.00000000000002,6.523514335242116,0.0,0.0
127,0.24329418512122478,damping=0.3,0.8118269483421474,34.06118591697147,0.4371906627562003,9.991363167673533,0.1,0.3,0.12,42,3,1,205,24.600000000000026,6.592397452136962,0.0,0.0
127,0.23894275204239923,damping=0.3,0.8286790177056005,33.45198528593589,0.4157662034049794,9.101811528632085,0.1,0.3,0.12,42,3,1,210,25.20000000000003,6.387733057894038,0.0,0.0
127,0.23449629209361136,damping=0.3,0.8452996258454518,32.82948089310559,0.4240306579011638,8.225226726419756,0.1,0.3,0.12,42,3,1,215,25.800000000000036,6.4558913458201035,0.0,0.0
127,0.23065437394392774,damping=0.3,0.86222428022038,32.29161235214988,0.4015345165893409,7.369895516538592,0.1,0.3,0.12,42,3,1,220,26.40000000000004,6.243359848925619,0.0,0.0
127,0.22722789908000518,damping=0.3,0.8791572949579208,31.811905871200725,0.4071500188017926,6.531305138076043,0.1,0.3,0.12,42,3,1,225,27.000000000000046,6.247354912604303,0.0,0.0
128,0.2237766710184581,damping=0.3,0.8953323245579933,31.328733942584133,0.3831071404054473,5.718065552561782,0.1,0.3,0.12,42,3,1,230,27.60000000000005,5.979731129608745,0.0,0.0
128,0.22030643044009424,damping=0.3,0.9107992220151748,30.84290026161319,0.38456715249414447,4.927117058622693,0.1,0.3,0.12,42,3,1,235,28.200000000000056,5.945319203029778,0.0,0.0
128,0.2161088748452166,damping=0.3,0.9247813003311025,30.255242478330324,0.3566690783935259,4.1699913800463655,0.1,0.3,0.12,42,3,1,240,28.80000000000006,5.640869516878185,0.0,0.0
128,0.21172006659640807,damping=0.3,0.937713588627653,29.64080932349713,0.35083267345253816,3.4469642560513596,0.1,0.3,0.12,42,3,1,245,29.400000000000066,5.545152793089631,0.0,0.0
128,0.20729041984153984,damping=0.3,0.9494166559439775,29.020658777815576,0.31905501967074373,2.768750538151722,0.1,0.3,0.12,42,3,1,250,30.00000000000007,5.199729169590853,0.0,0.0
128,0.20363125471888743,damping=0.3,0.9602201057480955,28.50837566064424,0.3054779692615133,2.136352622414014,0.1,0.3,0.12,42,3,1,255,30.600000000000076,5.01150780768887,0.0,0.0
128,0.20016143099313352,damping=0.3,0.9693620371297591,28.022600339038693,0.26895129749656915,1.5611231079041445,0.1,0.3,0.12,42,3,1,260,31.20000000000008,4.573098787469306,0.0,0.0
128,0.1966971372128044,damping=0.3,0.9765822163815931,27.537599209792617,0.2441926017544337,1.0478934557720563,0.1,0.3,0.12,42,3,1,265,31.800000000000086,4.24350814562103,0.0,0.0
128,0.1932495154020084,damping=0.3,0.9815900910011429,27.05493215628118,0.19952712749848767,0.6113708378073439,0.1,0.3,0.12,42,3,1,270,32.40000000000008,3.7031757570695243,0.0,0.0
128,0.18929521570189808,damping=0.3,0.9840601570469457,26.50133019826573,0.15611360962106813,0.52884639461989,0.1,0.3,0.12,42,3,132,275,33.000000000000064,3.1871739826086154,0.0,0.0
127,0.18529204746991676,damping=0.3,0.9838495695336256,25.940886645788346,0.09682747904754992,0.47983635761944765,0.1,0.3,0.12,42,3,132,280,33.60000000000005,2.4884746592468963,0.0,0.0
127,0.18198279275387427,damping=0.3,0.9838579860977759,25.4775909855424,0.0408576696934076,0.4220056092753245,0.1,0.3,0.12,42,3,132,285,34.20000000000004,1.8330219509753112,0.0,0.0
127,0.1788545746408684,damping=0.3,0.9845983525749582,25.039640449721578,0.019520876601105474,0.3629352617543137,0.1,0.3,0.12,42,3,132,290,34.800000000000026,1.3830035320796707,0.0,0.0
127,0.1756612848937397,damping=0.3,0.9855002232628304,24.592579885123556,0.021383581125851182,0.3092530681227083,0.1,0.3,0.12,42,3,132,295,35.40000000000001,1.1862122863396225,0.0,0.0
127,0.17252074306276868,damping=0.3,0.9864640156378082,24.152904028787617,0.022015936357525134,0.26484841473085113,0.1,0.3,0.12,42,3,132,300,36.0,1.0474833747523546,0.0,0.0
1,0.35490268938791736,damping=0.3,0.009603005489343988,49.68637651430843,0.2090381953992087,49.4168520362634,0.1,0.3,0.12,42,4,1,5,0.6,1.6910241779843185,0.0,0.0
3,0.35365332644071246,damping=0.3,0.027833508431356735,49.51146570169974,0.2984679249002633,48.70875708753771,0.1,0.3,0.12,42,4,1,10,1.2000000000000002,3.161151350940363,0.0,0.0
4,0.35236417530217323,damping=0.3,0.050884218692013684,49.33098454230425,0.36174616699988954,47.856144299395226,0.1,0.3,0.12,42,4,1,15,1.8000000000000007,4.494259443136148,0.0,0.0
4,0.351000394473278,damping=0.3,0.07501995550719251,49.14005522625892,0.3768814677093935,46.933173605909246,0.1,0.3,0.12,42,4,1,20,2.4000000000000012,4.922819592531321,0.0,0.0
4,0.34956003332596186,damping=0.3,0.0993349500981638,48.938404665634664,0.41014629108687095,45.96696950947627,0.1,0.3,0.12,42,4,1,25,3.0000000000000018,5.358587608981898,0.0,0.0
4,0.34777784436726755,damping=0.3,0.1222056369516405,48.68889821141746,0.40518755225486663,44.982193660787445,0.1,0.3,0.12,42,4,1,30,3.6000000000000023,5.51995932209331,0.0,0.0
5,0.34564738748376334,damping=0.3,0.1438605714693394,48.390634247726865,0.4279897868743432,43.98130210580679,0.1,0.3,0.12,42,4,1,35,4.200000000000003,5.933721174379549,0.0,0.0
5,0.3433189874400018,damping=0.3,0.16467093436144245,48.06465824160025,0.4174659335721885,42.97601042288459,0.1,0.3,0.12,42,4,1,40,4.800000000000003,5.971492826168437,0.0,0.0
5,0.3412996504184702,damping=0.3,0.1869850848969735,47.78195105858583,0.43782604817523874,41.961891131278904,0.1,0.3,0.12,42,4,1,45,5.400000000000004,6.2171665180487174,0.0,0.0
5,0.3395086990717157,damping=0.3,0.20998700139298815,47.5312178700402,0.4253056690250867,40.9474226168606,0.1,0.3,0.12,42,4,1,50,6.000000000000004,6.1326169562946635,0.0,0.0
6,0.3376414187309378,damping=0.3,0.2326643058595292,47.26979862233129,0.44461611422730074,39.92656875748525,0.1,0.3,0.12,42,4,1,55,6.600000000000005,6.3612017181866936,0.0,0.0
10,0.3357037826380269,damping=0.3,0.2548698848837331,46.99852956932377,0.431176441279671,38.907052107520606,0.1,0.3,0.12,42,4,1,60,7.2000000000000055,6.293754777094282,0.0,0.0
13,0.33326511209496207,damping=0.3,0.2753648984787407,46.65711569329469,0.4502570052259558,37.8821800931563,0.1,0.3,0.12,42,4,1,65,7.800000000000006,6.491619090635565,0.0,0.0
17,0.33040877288072384,damping=0.3,0.2943548489414844,46.25722820330134,0.4362804097477072,36.85945394976117,0.1,0.3,0.12,42,4,1,70,8.400000000000004,6.40665448966397,0.0,0.0
21,0.3273746326287977,damping=0.3,0.31298410816034794,45.83244856803167,0.4551808945481311,35.83197512826026,0.1,0.3,0.12,42,4,1,75,9.0,6.631446349277473,0.0,0.0
26,0.3248012080073596,damping=0.3,0.3332210133898678,45.47216912103035,0.4407600401407906,34.80723923591958,0.1,0.3,0.12,42,4,1,80,9.599999999999996,6.562044971491029,0.0,0.0
30,0.3225532541317837,damping=0.3,0.3546441211570829,45.15745557844972,0.45953181626937406,33.77823625875063,0.1,0.3,0.12,42,4,1,85,10.199999999999992,6.728148542131976,0.0,0.0
39,0.320237327765342,damping=0.3,0.3756978371241479,44.833225887147876,0.44463254614758696,32.752584676071685,0.1,0.3,0.12,42,4,1,90,10.799999999999988,6.606261576721937,0.0,0.0
48,0.31785818536520355,damping=0.3,0.39664608486786984,44.500145951128495,0.463121370925765,31.72331843946636,0.1,0.3,0.12,42,4,1,95,11.399999999999984,6.786356399654347,0.0,0.0
60,0.31491016323994164,damping=0.3,0.41585580302480313,44.08742285359183,0.4477496064857054,30.698152291355104,0.1,0.3,0.12,42,4,1,100,11.99999999999998,6.66075087639887,0.0,0.0
77,0.3115096796841988,damping=0.3,0.4339948207260771,43.611355155787834,0.46600599477822713,29.670048392570436,0.1,0.3,0.12,42,4,1,105,12.599999999999977,6.84820645159561,0.0,0.0
85,0.3079602386589975,damping=0.3,0.45177761427325575,43.11443341225965,0.45024991470493836,28.646721841858195,0.1,0.3,0.12,42,4,1,110,13.199999999999973,6.742957216782049,0.0,0.0
92,0.3049425614222026,damping=0.3,0.4713161500259075,42.69195859910837,0.4682647061813221,27.621079815813285,0.1,0.3,0.12,42,4,1,115,13.799999999999969,6.939219264400681,0.0,0.0
98,0.30229732173801216,damping=0.3,0.49178988711606486,42.3216250433217,0.45208766200119876,26.60090745659031,0.1,0.3,0.12,42,4,1,120,14.399999999999965,6.786746302704823,0.0,0.0
99,0.29959075272539754,damping=0.3,0.5121956898442437,41.942705381555655,0.4696880489565064,25.579187746724514,0.1,0.3,0.12,42,4,1,125,14.999999999999961,6.939253985140502,0.0,0.0
103,0.2968296051522839,damping=0.3,0.5323527685524985,41.55614472131975,0.45300163537028004,24.56383277386348,0.1,0.3,0.12,42,4,1,130,15.599999999999957,6.795318073447024,0.0,0.0
105,0.2934664703061328,damping=0.3,0.5512193643737555,41.085305842858595,0.47012677041538964,23.54786080221309,0.1,0.3,0.12,42,4,1,135,16.199999999999957,6.946669784694714,0.0,0.0
106,0.2896515643737037,damping=0.3,0.5690386142525463,40.55121901231852,0.453009705751892,22.539178166714372,0.1,0.3,0.12,42,4,1,140,16.79999999999996,6.807392302763574,0.0,0.0
107,0.2857005091653966,damping=0.3,0.5868071484309024,39.99807128315552,0.4696629449312451,21.53079756757919,0.1,0.3,0.12,42,4,1,145,17.399999999999967,6.9796075914693185,0.0,0.0
107,0.28232240606115394,damping=0.3,0.6058931147819233,39.52513684856155,0.4521379134091521,20.53062107586717,0.1,0.3,0.12,42,4,1,150,17.99999999999997,6.849741950932868,0.0,0.0
109,0.27933913233849506,damping=0.3,0.6259420785867057,39.107478527389304,0.4681885775384169,19.53174629867139,0.1,0.3,0.12,42,4,1,155,18.599999999999977,6.974318738869269,0.0,0.0
111,0.2763048146620444,damping=0.3,0.6457258360975306,38.68267405268621,0.45012900682026574,18.54217628327585,0.1,0.3,0.12,42,4,1,160,19.19999999999998,6.7996904401147695,0.0,0.0
117,0.2732244049204236,damping=0.3,0.6654602636173451,38.25141668885931,0.46534955839316106,17.555198060143603,0.1,0.3,0.12,42,4,1,165,19.799999999999986,6.9264772270653845,0.0,0.0
118,0.26934118525011913,damping=0.3,0.6835816223739084,37.70776593501668,0.4467411314945013,16.578848500348386,0.1,0.3,0.12,42,4,1,170,20.39999999999999,6.752403583574521,0.0,0.0
118,0.2651942792051965,damping=0.3,0.7013783503594667,37.12719908872751,0.4610846391474043,15.60652254837718,0.1,0.3,0.12,42,4,1,175,20.999999999999996,6.886911002145726,0.0,0.0
117,0.26093151887270594,damping=0.3,0.7189399425861509,36.53041264217883,0.44196729880093943,14.646219069879974,0.1,0.3,0.12,42,4,1,180,21.6,6.7274363680073845,0.0,0.0
120,0.25726767284742724,damping=0.3,0.7376541731157168,36.01747419863982,0.45528736957077914,13.691506009512475,0.1,0.3,0.12,42,4,1,185,22.200000000000006,6.85694439299731,0.0,0.0
123,0.2540205506165043,damping=0.3,0.7568204321185158,35.5628770863106,0.43554127925582053,12.750433296042823,0.1,0.3,0.12,42,4,1,190,22.80000000000001,6.653030680029969,0.0,0.0
126,0.2507317986449766,damping=0.3,0.7758052751677478,35.10245181029672,0.4474822227706886,11.816918840266274,0.1,0.3,0.12,42,4,1,195,23.400000000000016,6.730798975032672,0.0,0.0
127,0.24740889216811932,damping=0.3,0.7944028378977565,34.637244903536704,0.4269252979077016,10.899128200787489,0.1,0.3,0.12,42,4,1,200,24.00000000000002,6.523514335242116,0.0,0.0
127,0.24329418512122478,damping=0.3,0.8118269483421474,34.06118591697147,0.4371906627562003,9.991363167673533,0.1,0.3,0.12,42,4,1,205,24.600000000000026,6.592397452136962,0.0,0.0
127,0.23894275204239923,damping=0.3,0.8286790177056005,33.45198528593589,0.4157662034049794,9.101811528632085,0.1,0.3,0.12,42,4,1,210,25.20000000000003,6.387733057894038,0.0,0.0
127,0.23449629209361136,damping=0.3,0.8452996258454518,32.82948089310559,0.4240306579011638,8.225226726419756,0.1,0.3,0.12,42,4,1,215,25.800000000000036,6.4558913458201035,0.0,0.0
127,0.23065437394392774,damping=0.3,0.86222428022038,32.29161235214988,0.4015345165893409,7.369895516538592,0.1,0.3,0.12,42,4,1,220,26.40000000000004,6.243359848925619,0.0,0.0
127,0.22722789908000518,damping=0.3,0.8791572949579208,31.811905871200725,0.4071500188017926,6.531305138076043,0.1,0.3,0.12,42,4,1,225,27.000000000000046,6.247354912604303,0.0,0.0
128,0.2237766710184581,damping=0.3,0.8953323245579933,31.328733942584133,0.3831071404054473,5.718065552561782,0.1,0.3,0.12,42,4,1,230,27.60000000000005,5.979731129608745,0.0,0.0
128,0.22030643044009424,damping=0.3,0.9107992220151748,30.84290026161319,0.38456715249414447,4.927117058622693,0.1,0.3,0.12,42,4,1,235,28.200000000000056,5.945319203029778,0.0,0.0
128,0.2161088748452166,damping=0.3,0.9247813003311025,30.255242478330324,0.3566690783935259,4.1699913800463655,0.1,0.3,0.12,42,4,1,240,28.80000000000006,5.640869516878185,0.0,0.0
128,0.21172006659640807,damping=0.3,0.937713588627653,29.64080932349713,0.35083267345253816,3.4469642560513596,0.1,0.3,0.12,42,4,1,245,29.400000000000066,5.545152793089631,0.0,0.0
128,0.20729041984153984,damping=0.3,0.9494166559439775,29.020658777815576,0.31905501967074373,2.768750538151722,0.1,0.3,0.12,42,4,1,250,30.00000000000007,5.199729169590853,0.0,0.0
128,0.20363125471888743,damping=0.3,0.9602201057480955,28.50837566064424,0.3054779692615133,2.136352622414014,0.1,0.3,0.12,42,4,1,255,30.600000000000076,5.01150780768887,0.0,0.0
128,0.20016143099313352,damping=0.3,0.9693620371297591,28.022600339038693,0.26895129749656915,1.5611231079041445,0.1,0.3,0.12,42,4,1,260,31.20000000000008,4.573098787469306,0.0,0.0
128,0.1966971372128044,damping=0.3,0.9765822163815931,27.537599209792617,0.2441926017544337,1.0478934557720563,0.1,0.3,0.12,42,4,1,265,31.800000000000086,4.24350814562103,0.0,0.0
128,0.1932495154020084,damping=0.3,0.9815900910011429,27.05493215628118,0.19952712749848767,0.6113708378073439,0.1,0.3,0.12,42,4,1,270,32.40000000000008,3.7031757570695243,0.0,0.0
128,0.18929521570189808,damping=0.3,0.9840601570469457,26.50133019826573,0.15611360962106813,0.52884639461989,0.1,0.3,0.12,42,4,132,275,33.000000000000064,3.1871739826086154,0.0,0.0
127,0.18529204746991676,damping=0.3,0.9838495695336256,25.940886645788346,0.09682747904754992,0.47983635761944765,0.1,0.3,0.12,42,4,132,280,33.60000000000005,2.4884746592468963,0.0,0.0
127,0.18198279275387427,damping=0.3,0.9838579860977759,25.4775909855424,0.0408576696934076,0.4220056092753245,0.1,0.3,0.12,42,4,132,285,34.20000000000004,1.8330219509753112,0.0,0.0
127,0.1788545746408684,damping=0.3,0.9845983525749582,25.039640449721578,0.019520876601105474,0.3629352617543137,0.1,0.3,0.12,42,4,132,290,34.800000000000026,1.3830035320796707,0.0,0.0
127,0.1756612848937397,damping=0.3,0.9855002232628304,24.592579885123556,0.021383581125851182,0.3092530681227083,0.1,0.3,0.12,42,4,132,295,35.40000000000001,1.1862122863396225,0.0,0.0
127,0.17252074306276868,damping=0.3,0.9864640156378082,24.152904028787617,0.022015936357525134,0.26484841473085113,0.1,0.3,0.12,42,4,132,300,36.0,1.0474833747523546,0.0,0.0
1,0.3541644395871605,damping=0.4,0.00959332011651522,49.58302154220247,0.208971985463154,49.31434937310884,0.1,0.4,0.12,42,0,1,5,0.6,1.6899215281859241,0.0,0.0
3,0.3525164087385139,damping=0.4,0.027771879354323813,49.35229722339195,0.2983206550264755,48.55406484556298,0.1,0.4,0.12,42,0,1,10,1.2000000000000002,3.156103635622441,0.0,0.0
4,0.3508103098558331,damping=0.4,0.050710504053004916,49.11344337981664,0.36148964364121605,47.65053375713983,0.1,0.4,0.12,42,0,1,15,1.8000000000000007,4.4832636104358325,0.0,0.0
4,0.34900904215268586,damping=0.4,0.0746741653848157,48.86126590137602,0.3765297405971229,46.678014062400166,0.1,0.4,0.12,42,0,1,20,2.4000000000000012,4.908868595418614,0.0,0.0
4,0.3471099522654538,damping=0.4,0.09876056425870812,48.595393317163534,0.4096564142249023,45.6636966667645,0.1,0.4,0.12,42,0,1,25,3.0000000000000018,5.341448369663765,0.0,0.0
4,0.34485031366070257,damping=0.4,0.12134827745272925,48.27904391249836,0.40461237692783614,44.63225859904236,0.1,0.4,0.12,42,0,1,30,3.6000000000000023,5.498752758841327,0.0,0.0
5,0.3422271310951735,damping=0.4,0.14267825657060285,47.91179835332429,0.42727248887265956,43.58618208482216,0.1,0.4,0.12,42,0,1,35,4.200000000000003,5.906561415933735,0.0,0.0
5,0.33939190841430245,damping=0.4,0.1631296307134309,47.51486717800234,0.4166643918790876,42.53717909920306,0.1,0.4,0.12,42,0,1,40,4.800000000000003,5.940559285615143,0.0,0.0
5,0.3368468551534102,damping=0.4,0.1850673699572006,47.158559721477424,0.436861825305095,41.4808505597736,0.1,0.4,0.12,42,0,1,45,5.400000000000004,6.182230720135177,0.0,0.0
5,0.33450903834340345,damping=0.4,0.20766720841652953,46.83126536807649,0.4242629508438387,40.42566051945419,0.1,0.4,0.12,42,0,1,50,6.000000000000004,6.094852745624714,0.0,0.0
6,0.33207769221684724,damping=0.4,0.2299210623899356,46.490876910358615,0.44340247131804866,39.36559621567139,0.1,0.4,0.12,42,0,1,55,6.600000000000005,6.318634160901505,0.0,0.0
8,0.3295597591534978,damping=0.4,0.25168610979279066,46.13836628148969,0.429890173925934,38.30835753477757,0.1,0.4,0.12,42,0,1,60,7.2000000000000055,6.248033125429582,0.0,0.0
11,0.32653379126552545,damping=0.4,0.2717234468152374,45.714730777173564,0.44878253662640893,37.24728084503092,0.1,0.4,0.12,42,0,1,65,7.800000000000006,6.441732451937316,0.0,0.0
15,0.3230862368681766,damping=0.4,0.29024386350795867,45.232073161544726,0.4347362500674872,36.1898417503817,0.1,0.4,0.12,42,0,1,70,8.400000000000004,6.35424994225955,0.0,0.0
19,0.31945472476998665,damping=0.4,0.30840648080381383,44.72366146779813,0.45343257837105383,35.129175203521505,0.1,0.4,0.12,42,0,1,75,9.0,6.5744109320744055,0.0,0.0
21,0.3162659842131247,damping=0.4,0.32820995153955573,44.27723778983746,0.4389449144191272,34.072747811312524,0.1,0.4,0.12,42,0,1,80,9.599999999999996,6.501320815463227,0.0,0.0
27,0.3133832893611743,damping=0.4,0.3492288338800672,43.873660510564406,0.45749173360305045,33.01359044622211,0.1,0.4,0.12,42,0,1,85,10.199999999999992,6.661775053885685,0.0,0.0
31,0.3104213433446132,damping=0.4,0.3698888612197737,43.458988068245844,0.44252701028242514,31.95928909180457,0.1,0.4,0.12,42,0,1,90,10.799999999999988,6.53766720687063,0.0,0.0
38,0.3073857437155871,damping=0.4,0.39046643888097854,43.03400412018219,0.4607701776581426,30.902923036757684,0.1,0.4,0.12,42,0,1,95,11.399999999999984,6.713245915337175,0.0,0.0
47,0.30378621498835007,damping=0.4,0.4093000924862913,42.53007009836901,0.44533468452431235,29.852168945756155,0.1,0.4,0.12,42,0,1,100,11.99999999999998,6.585636134269114,0.0,0.0
56,0.29974000390818717,damping=0.4,0.427072898971305,41.96360054714621,0.46331971145255146,28.80004143220548,0.1,0.4,0.12,42,0,1,105,12.599999999999977,6.768011649928902,0.0,0.0
75,0.29554399706114104,damping=0.4,0.44451128823112973,41.376159588559744,0.4474973463030548,27.754215292659353,0.1,0.4,0.12,42,0,1,110,13.199999999999973,6.660640776488972,0.0,0.0
81,0.29186193605717764,damping=0.4,0.46379992282706206,40.86067104800487,0.46520911671939325,26.70765956591311,0.1,0.4,0.12,42,0,1,115,13.799999999999969,6.851339930439342,0.0,0.0
87,0.2885346456941027,damping=0.4,0.48409472318724855,40.39485039717438,0.44896193135718876,25.668115591911285,0.1,0.4,0.12,42,0,1,120,14.399999999999965,6.695960151285526,0.0,0.0
94,0.2851399787540545,damping=0.4,0.5043691823657467,39.91959702556763,0.4662247068617439,24.628636437507872,0.1,0.4,0.12,42,0,1,125,14.999999999999961,6.8434079085750135,0.0,0.0
99,0.28168543482821784,damping=0.4,0.5244386697538954,39.4359608759505,0.44946405443776016,23.597085107387088,0.1,0.4,0.12,42,0,1,130,15.599999999999957,6.697795843063968,0.0,0.0
102,0.2776439484119861,damping=0.4,0.5432288804377505,38.87015277767805,0.4662110319559636,22.56656003663382,0.1,0.4,0.12,42,0,1,135,16.199999999999957,6.843687910648112,0.0,0.0
99,0.2731641570562656,damping=0.4,0.5609860055643906,38.24298198787719,0.4490107241375655,21.544915615613714,0.1,0.4,0.12,42,0,1,140,16.79999999999996,6.702079328627805,0.0,0.0
100,0.2685521075952285,damping=0.4,0.5787488485270633,37.59729506333199,0.4652343026988011,20.525259012174494,0.1,0.4,0.12,42,0,1,145,17.399999999999967,6.867970380170368,0.0,0.0
104,0.2644956596469111,damping=0.4,0.5979638460928913,37.02939235056755,0.4476114663209064,19.51543853480963,0.1,0.4,0.12,42,0,1,150,17.99999999999997,6.735962116630867,0.0,0.0
106,0.2608185607563549,damping=0.4,0.6182649367099773,36.51459850588969,0.463170507858324,18.50866257667057,0.1,0.4,0.12,42,0,1,155,18.599999999999977,6.852795125543618,0.0,0.0
107,0.2570891554357303,damping=0.4,0.6383603393638203,35.99248176100224,0.4449953086996916,17.51287732144645,0.1,0.4,0.12,42,0,1,160,19.19999999999998,6.675939853772356,0.0,0.0
107,0.25331314666512833,damping=0.4,0.65848392176213,35.46384053311797,0.4596513207401689,16.52149901778865,0.1,0.4,0.12,42,0,1,165,19.799999999999986,6.795748009709991,0.0,0.0
109,0.2487669895676207,damping=0.4,0.6769820184925215,34.8273785394669,0.4409025012817897,15.542505792305514,0.1,0.4,0.12,42,0,1,170,20.39999999999999,6.618717233325533,0.0,0.0
111,0.24397090626507517,damping=0.4,0.6952169209361299,34.155926877110524,0.45458752118337953,14.569447642498401,0.1,0.4,0.12,42,0,1,175,20.999999999999996,6.744192298326042,0.0,0.0
114,0.23906752878482312,damping=0.4,0.7132810431210707,33.46945402987524,0.4352908643160846,13.61026758841536,0.1,0.4,0.12,42,0,1,180,21.6,6.580958988865168,0.0,0.0
114,0.23474619317834536,damping=0.4,0.7326713595628652,32.86446704496835,0.44783023592712057,12.658723370329742,0.1,0.4,0.12,42,0,1,185,22.200000000000006,6.700790340506547,0.0,0.0
115,0.23082790814104592,damping=0.4,0.7526336370273925,32.31590713974643,0.4278508493554183,11.722814511936392,0.1,0.4,0.12,42,0,1,190,22.80000000000001,6.491249515489186,0.0,0.0
120,0.22687169257820394,damping=0.4,0.772487526574138,31.762036960948553,0.43885492321144876,10.796693098478485,0.1,0.4,0.12,42,0,1,195,23.400000000000016,6.557961278443007,0.0,0.0
120,0.22288573433907174,damping=0.4,0.7920078335802379,31.204002807470044,0.41798906073123665,9.888485336705038,0.1,0.4,0.12,42,0,1,200,24.00000000000002,6.345789118444067,0.0,0.0
120,0.21815246702617286,damping=0.4,0.8103536163712336,30.5413453836642,0.4271072493659958,8.99279064813938,0.1,0.4,0.12,42,0,1,205,24.600000000000026,6.400736023807869,0.0,0.0
120,0.21320309310941254,damping=0.4,0.8281588203708453,29.848433035317758,0.4052566572484621,8.117784248694107,0.1,0.4,0.12,42,0,1,210,25.20000000000003,6.188361670818068,0.0,0.0
123,0.2081732963624936,damping=0.4,0.8457823920640416,29.144261490749106,0.4120737599949297,7.2586152354363,0.1,0.4,0.12,42,0,1,215,25.800000000000036,6.238740012868609,0.0,0.0
123,0.2037307548427608,damping=0.4,0.8637879148357229,28.522305677986513,0.3889659794119187,6.423612257825207,0.1,0.4,0.12,42,0,1,220,26.40000000000004,6.016579071718091,0.0,0.0
126,0.19969207147495108,damping=0.4,0.8818298157312615,27.95689000649315,0.392692611991939,5.608812420639637,0.1,0.4,0.12,42,0,1,225,27.000000000000046,5.997640810258297,0.0,0.0
127,0.19563854649522602,damping=0.4,0.8990530269521028,27.389396509331643,0.36773614842181557,4.82297471812884,0.1,0.4,0.12,42,0,1,230,27.60000000000005,5.716716099458501,0.0,0.0
127,0.191577134837803,damping=0.4,0.9154770490461969,26.82079887729242,0.36662065755420936,4.063851388164628,0.1,0.4,0.12,42,0,1,235,28.200000000000056,5.653385727459557,0.0,0.0
127,0.18685065704815434,damping=0.4,0.9302431287569177,26.159091986741608,0.3372976951852478,3.3433196385904536,0.1,0.4,0.12,42,0,1,240,28.80000000000006,5.3283162319495245,0.0,0.0
127,0.181966022504296,damping=0.4,0.9437477722390398,25.47524315060144,0.3277542037038478,2.6629161835711357,0.1,0.4,0.12,42,0,1,245,29.400000000000066,5.189667329767426,0.0,0.0
126,0.17706663546423182,damping=0.4,0.9557236570617392,24.789328964992453,0.29358662658887275,2.034166651552764,0.1,0.4,0.12,42,0,1,250,30.00000000000007,4.810791818695813,0.0,0.0
127,0.17290422757666216,damping=0.4,0.9663956415584655,24.2065918607327,0.27420155250562844,1.4603079670811057,0.1,0.4,0.12,42,0,1,255,30.600000000000076,4.558246235156576,0.0,0.0
127,0.16893853083808216,damping=0.4,0.9748613833281772,23.6513943173315,0.233275961123655,0.9546311748111871,0.1,0.4,0.12,42,0,1,260,31.20000000000008,4.064414577955237,0.0,0.0
127,0.16500341128714674,damping=0.4,0.9807154500046821,23.100477580200543,0.19835778436049079,0.5264556963099065,0.1,0.4,0.12,42,0,1,265,31.800000000000086,3.6291060862108626,0.0,0.0
128,0.1611138223370124,damping=0.4,0.9835426467276834,22.555935127181737,0.14481497866334198,0.47110298916094007,0.1,0.4,0.12,42,0,132,270,32.40000000000008,2.9847748474993274,0.0,0.0
127,0.15696660112557867,damping=0.4,0.9827850811446427,21.975324157581014,0.08354058804406281,0.4206063423219821,0.1,0.4,0.12,42,0,132,275,33.000000000000064,2.29198105132436,0.0,0.0
126,0.1534010752689237,damping=0.4,0.9835535609114889,21.476150537649318,0.03542803238342348,0.3627623762613227,0.1,0.4,0.12,42,0,132,280,33.60000000000005,1.6337357116242932,0.0,0.0
126,0.14949777438689776,damping=0.4,0.9842182478483293,20.929688414165685,0.01846371136858486,0.3059156877734993,0.1,0.4,0.12,42,0,132,285,34.20000000000004,1.2480358529923288,0.0,0.0
126,0.14586525413542126,damping=0.4,0.9851637827034665,20.421135578958975,0.019504622818221705,0.2559284779997752,0.1,0.4,0.12,42,0,132,290,34.800000000000026,1.0442871854674785,0.0,0.0
127,0.14239637216856033,damping=0.4,0.9861873035346789,19.935492103598445,0.018644168264299696,0.21561839185371465,0.1,0.4,0.12,42,0,132,295,35.40000000000001,0.9462609263752061,0.0,0.0
127,0.13901289617900564,damping=0.4,0.9869223004526841,19.461805465060788,0.013307383900975358,0.1859600052483713,0.1,0.4,0.12,42,0,132,300,36.0,0.8098805881906955,0.0,0.0
1,0.3541644395871605,damping=0.4,0.00959332011651522,49.58302154220247,0.208971985463154,49.31434937310884,0.1,0.4,0.12,42,1,1,5,0.6,1.6899215281859241,0.0,0.0
3,0.3525164087385139,damping=0.4,0.027771879354323813,49.35229722339195,0.2983206550264755,48.55406484556298,0.1,0.4,0.12,42,1,1,10,1.2000000000000002,3.156103635622441,0.0,0.0
4,0.3508103098558331,damping=0.4,0.050710504053004916,49.11344337981664,0.36148964364121605,47.65053375713983,0.1,0.4,0.12,42,1,1,15,1.8000000000000007,4.4832636104358325,0.0,0.0
4,0.34900904215268586,damping=0.4,0.0746741653848157,48.86126590137602,0.3765297405971229,46.678014062400166,0.1,0.4,0.12,42,1,1,20,2.4000000000000012,4.908868595418614,0.0,0.0
4,0.3471099522654538,damping=0.4,0.09876056425870812,48.595393317163534,0.4096564142249023,45.6636966667645,0.1,0.4,0.12,42,1,1,25,3.0000000000000018,5.341448369663765,0.0,0.0
4,0.34485031366070257,damping=0.4,0.12134827745272925,48.27904391249836,0.40461237692783614,44.63225859904236,0.1,0.4,0.12,42,1,1,30,3.6000000000000023,5.498752758841327,0.0,0.0
5,0.3422271310951735,damping=0.4,0.14267825657060285,47.91179835332429,0.42727248887265956,43.58618208482216,0.1,0.4,0.12,42,1,1,35,4.200000000000003,5.906561415933735,0.0,0.0
5,0.33939190841430245,damping=0.4,0.1631296307134309,47.51486717800234,0.4166643918790876,42.53717909920306,0.1,0.4,0.12,42,1,1,40,4.800000000000003,5.940559285615143,0.0,0.0
5,0.3368468551534102,damping=0.4,0.1850673699572006,47.158559721477424,0.436861825305095,41.4808505597736,0.1,0.4,0.12,42,1,1,45,5.400000000000004,6.182230720135177,0.0,0.0
5,0.33450903834340345,damping=0.4,0.20766720841652953,46.83126536807649,0.4242629508438387,40.42566051945419,0.1,0.4,0.12,42,1,1,50,6.000000000000004,6.094852745624714,0.0,0.0
6,0.33207769221684724,damping=0.4,0.2299210623899356,46.490876910358615,0.44340247131804866,39.36559621567139,0.1,0.4,0.12,42,1,1,55,6.600000000000005,6.318634160901505,0.0,0.0
8,0.3295597591534978,damping=0.4,0.25168610979279066,46.13836628148969,0.429890173925934,38.30835753477757,0.1,0.4,0.12,42,1,1,60,7.2000000000000055,6.248033125429582,0.0,0.0
11,0.32653379126552545,damping=0.4,0.2717234468152374,45.714730777173564,0.44878253662640893,37.24728084503092,0.1,0.4,0.12,42,1,1,65,7.800000000000006,6.441732451937316,0.0,0.0
15,0.3230862368681766,damping=0.4,0.29024386350795867,45.232073161544726,0.4347362500674872,36.1898417503817,0.1,0.4,0.12,42,1,1,70,8.400000000000004,6.35424994225955,0.0,0.0
19,0.31945472476998665,damping=0.4,0.30840648080381383,44.72366146779813,0.45343257837105383,35.129175203521505,0.1,0.4,0.12,42,1,1,75,9.0,6.5744109320744055,0.0,0.0
21,0.3162659842131247,damping=0.4,0.32820995153955573,44.27723778983746,0.4389449144191272,34.072747811312524,0.1,0.4,0.12,42,1,1,80,9.599999999999996,6.501320815463227,0.0,0.0
27,0.3133832893611743,damping=0.4,0.3492288338800672,43.873660510564406,0.45749173360305045,33.01359044622211,0.1,0.4,0.12,42,1,1,85,10.199999999999992,6.661775053885685,0.0,0.0
31,0.3104213433446132,damping=0.4,0.3698888612197737,43.458988068245844,0.44252701028242514,31.95928909180457,0.1,0.4,0.12,42,1,1,90,10.799999999999988,6.53766720687063,0.0,0.0
38,0.3073857437155871,damping=0.4,0.39046643888097854,43.03400412018219,0.4607701776581426,30.902923036757684,0.1,0.4,0.12,42,1,1,95,11.399999999999984,6.713245915337175,0.0,0.0
47,0.30378621498835007,damping=0.4,0.4093000924862913,42.53007009836901,0.44533468452431235,29.852168945756155,0.1,0.4,0.12,42,1,1,100,11.99999999999998,6.585636134269114,0.0,0.0
56,0.29974000390818717,damping=0.4,0.427072898971305,41.96360054714621,0.46331971145255146,28.80004143220548,0.1,0.4,0.12,42,1,1,105,12.599999999999977,6.768011649928902,0.0,0.0
75,0.29554399706114104,damping=0.4,0.44451128823112973,41.376159588559744,0.4474973463030548,27.754215292659353,0.1,0.4,0.12,42,1,1,110,13.199999999999973,6.660640776488972,0.0,0.0
81,0.29186193605717764,damping=0.4,0.46379992282706206,40.86067104800487,0.46520911671939325,26.70765956591311,0.1,0.4,0.12,42,1,1,115,13.799999999999969,6.851339930439342,0.0,0.0
87,0.2885346456941027,damping=0.4,0.48409472318724855,40.39485039717438,0.44896193135718876,25.668115591911285,0.1,0.4,0.12,42,1,1,120,14.399999999999965,6.695960151285526,0.0,0.0
94,0.2851399787540545,damping=0.4,0.5043691823657467,39.91959702556763,0.4662247068617439,24.628636437507872,0.1,0.4,0.12,42,1,1,125,14.999999999999961,6.8434079085750135,0.0,0.0
99,0.28168543482821784,damping=0.4,0.5244386697538954,39.4359608759505,0.44946405443776016,23.597085107387088,0.1,0.4,0.12,42,1,1,130,15.599999999999957,6.697795843063968,0.0,0.0
102,0.2776439484119861,damping=0.4,0.5432288804377505,38.87015277767805,0.4662110319559636,22.56656003663382,0.1,0.4,0.12,42,1,1,135,16.199999999999957,6.843687910648112,0.0,0.0
99,0.2731641570562656,damping=0.4,0.5609860055643906,38.24298198787719,0.4490107241375655,21.544915615613714,0.1,0.4,0.12,42,1,1,140,16.79999999999996,6.702079328627805,0.0,0.0
100,0.2685521075952285,damping=0.4,0.5787488485270633,37.59729506333199,0.4652343026988011,20.525259012174494,0.1,0.4,0.12,42,1,1,145,17.399999999999967,6.867970380170368,0.0,0.0
104,0.2644956596469111,damping=0.4,0.5979638460928913,37.02939235056755,0.4476114663209064,19.51543853480963,0.1,0.4,0.12,42,1,1,150,17.99999999999997,6.735962116630867,0.0,0.0
106,0.2608185607563549,damping=0.4,0.6182649367099773,36.51459850588969,0.463170507858324,18.50866257667057,0.1,0.4,0.12,42,1,1,155,18.599999999999977,6.852795125543618,0.0,0.0
107,0.2570891554357303,damping=0.4,0.6383603393638203,35.99248176100224,0.4449953086996916,17.51287732144645,0.1,0.4,0.12,42,1,1,160,19.19999999999998,6.675939853772356,0.0,0.0
107,0.25331314666512833,damping=0.4,0.65848392176213,35.46384053311797,0.4596513207401689,16.52149901778865,0.1,0.4,0.12,42,1,1,165,19.799999999999986,6.795748009709991,0.0,0.0
109,0.2487669895676207,damping=0.4,0.6769820184925215,34.8273785394669,0.4409025012817897,15.542505792305514,0.1,0.4,0.12,42,1,1,170,20.39999999999999,6.618717233325533,0.0,0.0
111,0.24397090626507517,damping=0.4,0.6952169209361299,34.155926877110524,0.45458752118337953,14.569447642498401,0.1,0.4,0.12,42,1,1,175,20.999999999999996,6.744192298326042,0.0,0.0
114,0.23906752878482312,damping=0.4,0.7132810431210707,33.46945402987524,0.4352908643160846,13.61026758841536,0.1,0.4,0.12,42,1,1,180,21.6,6.580958988865168,0.0,0.0
114,0.23474619317834536,damping=0.4,0.7326713595628652,32.86446704496835,0.44783023592712057,12.658723370329742,0.1,0.4,0.12,42,1,1,185,22.200000000000006,6.700790340506547,0.0,0.0
115,0.23082790814104592,damping=0.4,0.7526336370273925,32.31590713974643,0.4278508493554183,11.722814511936392,0.1,0.4,0.12,42,1,1,190,22.80000000000001,6.491249515489186,0.0,0.0
120,0.22687169257820394,damping=0.4,0.772487526574138,31.762036960948553,0.43885492321144876,10.796693098478485,0.1,0.4,0.12,42,1,1,195,23.400000000000016,6.557961278443007,0.0,0.0
120,0.22288573433907174,damping=0.4,0.7920078335802379,31.204002807470044,0.41798906073123665,9.888485336705038,0.1,0.4,0.12,42,1,1,200,24.00000000000002,6.345789118444067,0.0,0.0
120,0.21815246702617286,damping=0.4,0.8103536163712336,30.5413453836642,0.4271072493659958,8.99279064813938,0.1,0.4,0.12,42,1,1,205,24.600000000000026,6.400736023807869,0.0,0.0
120,0.21320309310941254,damping=0.4,0.8281588203708453,29.848433035317758,0.4052566572484621,8.117784248694107,0.1,0.4,0.12,42,1,1,210,25.20000000000003,6.188361670818068,0.0,0.0
123,0.2081732963624936,damping=0.4,0.8457823920640416,29.144261490749106,0.4120737599949297,7.2586152354363,0.1,0.4,0.12,42,1,1,215,25.800000000000036,6.238740012868609,0.0,0.0
123,0.2037307548427608,damping=0.4,0.8637879148357229,28.522305677986513,0.3889659794119187,6.423612257825207,0.1,0.4,0.12,42,1,1,220,26.40000000000004,6.016579071718091,0.0,0.0
126,0.19969207147495108,damping=0.4,0.8818298157312615,27.95689000649315,0.392692611991939,5.608812420639637,0.1,0.4,0.12,42,1,1,225,27.000000000000046,5.997640810258297,0.0,0.0
127,0.19563854649522602,damping=0.4,0.8990530269521028,27.389396509331643,0.36773614842181557,4.82297471812884,0.1,0.4,0.12,42,1,1,230,27.60000000000005,5.716716099458501,0.0,0.0
127,0.191577134837803,damping=0.4,0.9154770490461969,26.82079887729242,0.36662065755420936,4.063851388164628,0.1,0.4,0.12,42,1,1,235,28.200000000000056,5.653385727459557,0.0,0.0
127,0.18685065704815434,damping=0.4,0.9302431287569177,26.159091986741608,0.3372976951852478,3.3433196385904536,0.1,0.4,0.12,42,1,1,240,28.80000000000006,5.3283162319495245,0.0,0.0
127,0.181966022504296,damping=0.4,0.9437477722390398,25.47524315060144,0.3277542037038478,2.6629161835711357,0.1,0.4,0.12,42,1,1,245,29.400000000000066,5.189667329767426,0.0,0.0
126,0.17706663546423182,damping=0.4,0.9557236570617392,24.789328964992453,0.29358662658887275,2.034166651552764,0.1,0.4,0.12,42,1,1,250,30.00000000000007,4.810791818695813,0.0,0.0
127,0.17290422757666216,damping=0.4,0.9663956415584655,24.2065918607327,0.27420155250562844,1.4603079670811057,0.1,0.4,0.12,42,1,1,255,30.600000000000076,4.558246235156576,0.0,0.0
127,0.16893853083808216,damping=0.4,0.9748613833281772,23.6513943173315,0.233275961123655,0.9546311748111871,0.1,0.4,0.12,42,1,1,260,31.20000000000008,4.064414577955237,0.0,0.0
127,0.16500341128714674,damping=0.4,0.9807154500046821,23.100477580200543,0.19835778436049079,0.5264556963099065,0.1,0.4,0.12,42,1,1,265,31.800000000000086,3.6291060862108626,0.0,0.0
128,0.1611138223370124,damping=0.4,0.9835426467276834,22.555935127181737,0.14481497866334198,0.47110298916094007,0.1,0.4,0.12,42,1,132,270,32.40000000000008,2.9847748474993274,0.0,0.0
127,0.15696660112557867,damping=0.4,0.9827850811446427,21.975324157581014,0.08354058804406281,0.4206063423219821,0.1,0.4,0.12,42,1,132,275,33.000000000000064,2.29198105132436,0.0,0.0
126,0.1534010752689237,damping=0.4,0.9835535609114889,21.476150537649318,0.03542803238342348,0.3627623762613227,0.1,0.4,0.12,42,1,132,280,33.60000000000005,1.6337357116242932,0.0,0.0
126,0.14949777438689776,damping=0.4,0.9842182478483293,20.929688414165685,0.01846371136858486,0.3059156877734993,0.1,0.4,0.12,42,1,132,285,34.20000000000004,1.2480358529923288,0.0,0.0
126,0.14586525413542126,damping=0.4,0.9851637827034665,20.421135578958975,0.019504622818221705,0.2559284779997752,0.1,0.4,0.12,42,1,132,290,34.800000000000026,1.0442871854674785,0.0,0.0
127,0.14239637216856033,damping=0.4,0.9861873035346789,19.935492103598445,0.018644168264299696,0.21561839185371465,0.1,0.4,0.12,42,1,132,295,35.40000000000001,0.9462609263752061,0.0,0.0
127,0.13901289617900564,damping=0.4,0.9869223004526841,19.461805465060788,0.013307383900975358,0.1859600052483713,0.1,0.4,0.12,42,1,132,300,36.0,0.8098805881906955,0.0,0.0
1,0.3541644395871605,damping=0.4,0.00959332011651522,49.58302154220247,0.208971985463154,49.31434937310884,0.1,0.4,0.12,42,2,1,5,0.6,1.6899215281859241,0.0,0.0
3,0.3525164087385139,damping=0.4,0.027771879354323813,49.35229722339195,0.2983206550264755,48.55406484556298,0.1,0.4,0.12,42,2,1,10,1.2000000000000002,3.156103635622441,0.0,0.0
4,0.3508103098558331,damping=0.4,0.050710504053004916,49.11344337981664,0.36148964364121605,47.65053375713983,0.1,0.4,0.12,42,2,1,15,1.8000000000000007,4.4832636104358325,0.0,0.0
4,0.34900904215268586,damping=0.4,0.0746741653848157,48.86126590137602,0.3765297405971229,46.678014062400166,0.1,0.4,0.12,42,2,1,20,2.4000000000000012,4.908868595418614,0.0,0.0
4,0.3471099522654538,damping=0.4,0.09876056425870812,48.595393317163534,0.4096564142249023,45.6636966667645,0.1,0.4,0.12,42,2,1,25,3.0000000000000018,5.341448369663765,0.0,0.0
4,0.34485031366070257,damping=0.4,0.12134827745272925,48.27904391249836,0.40461237692783614,44.63225859904236,0.1,0.4,0.12,42,2,1,30,3.6000000000000023,5.498752758841327,0.0,0.0
5,0.3422271310951735,damping=0.4,0.14267825657060285,47.91179835332429,0.42727248887265956,43.58618208482216,0.1,0.4,0.12,42,2,1,35,4.200000000000003,5.906561415933735,0.0,0.0
5,0.33939190841430245,damping=0.4,0.1631296307134309,47.51486717800234,0.4166643918790876,42.53717909920306,0.1,0.4,0.12,42,2,1,40,4.800000000000003,5.940559285615143,0.0,0.0
5,0.3368468551534102,damping=0.4,0.1850673699572006,47.158559721477424,0.436861825305095,41.4808505597736,0.1,0.4,0.12,42,2,1,45,5.400000000000004,6.182230720135177,0.0,0.0
5,0.33450903834340345,damping=0.4,0.20766720841652953,46.83126536807649,0.4242629508438387,40.42566051945419,0.1,0.4,0.12,42,2,1,50,6.000000000000004,6.094852745624714,0.0,0.0
6,0.33207769221684724,damping=0.4,0.2299210623899356,46.490876910358615,0.44340247131804866,39.36559621567139,0.1,0.4,0.12,42,2,1,55,6.600000000000005,6.318634160901505,0.0,0.0
8,0.3295597591534978,damping=0.4,0.25168610979279066,46.13836628148969,0.429890173925934,38.30835753477757,0.1,0.4,0.12,42,2,1,60,7.2000000000000055,6.248033125429582,0.0,0.0
11,0.32653379126552545,damping=0.4,0.2717234468152374,45.714730777173564,0.44878253662640893,37.24728084503092,0.1,0.4,0.12,42,2,1,65,7.800000000000006,6.441732451937316,0.0,0.0
15,0.3230862368681766,damping=0.4,0.29024386350795867,45.232073161544726,0.4347362500674872,36.1898417503817,0.1,0.4,0.12,42,2,1,70,8.400000000000004,6.35424994225955,0.0,0.0
19,0.31945472476998665,damping=0.4,0.30840648080381383,44.72366146779813,0.45343257837105383,35.129175203521505,0.1,0.4,0.12,42,2,1,75,9.0,6.5744109320744055,0.0,0.0
21,0.3162659842131247,damping=0.4,0.32820995153955573,44.27723778983746,0.4389449144191272,34.072747811312524,0.1,0.4,0.12,42,2,1,80,9.599999999999996,6.501320815463227,0.0,0.0
27,0.3133832893611743,damping=0.4,0.3492288338800672,43.873660510564406,0.45749173360305045,33.01359044622211,0.1,0.4,0.12,42,2,1,85,10.199999999999992,6.661775053885685,0.0,0.0
31,0.3104213433446132,damping=0.4,0.3698888612197737,43.458988068245844,0.44252701028242514,31.95928909180457,0.1,0.4,0.12,42,2,1,90,10.799999999999988,6.53766720687063,0.0,0.0
38,0.3073857437155871,damping=0.4,0.39046643888097854,43.03400412018219,0.4607701776581426,30.902923036757684,0.1,0.4,0.12,42,2,1,95,11.399999999999984,6.713245915337175,0.0,0.0
47,0.30378621498835007,damping=0.4,0.4093000924862913,42.53007009836901,0.44533468452431235,29.852168945756155,0.1,0.4,0.12,42,2,1,100,11.99999999999998,6.585636134269114,0.0,0.0
56,0.29974000390818717,damping=0.4,0.427072898971305,41.96360054714621,0.46331971145255146,28.80004143220548,0.1,0.4,0.12,42,2,1,105,12.599999999999977,6.768011649928902,0.0,0.0
75,0.29554399706114104,damping=0.4,0.44451128823112973,41.376159588559744,0.4474973463030548,27.754215292659353,0.1,0.4,0.12,42,2,1,110,13.199999999999973,6.660640776488972,0.0,0.0
81,0.29186193605717764,damping=0.4,0.46379992282706206,40.86067104800487,0.46520911671939325,26.70765956591311,0.1,0.4,0.12,42,2,1,115,13.799999999999969,6.851339930439342,0.0,0.0
87,0.2885346456941027,damping=0.4,0.48409472318724855,40.39485039717438,0.44896193135718876,25.668115591911285,0.1,0.4,0.12,42,2,1,120,14.399999999999965,6.695960151285526,0.0,0.0
94,0.2851399787540545,damping=0.4,0.5043691823657467,39.91959702556763,0.4662247068617439,24.628636437507872,0.1,0.4,0.12,42,2,1,125,14.999999999999961,6.8434079085750135,0.0,0.0
99,0.28168543482821784,damping=0.4,0.5244386697538954,39.4359608759505,0.44946405443776016,23.597085107387088,0.1,0.4,0.12,42,2,1,130,15.599999999999957,6.697795843063968,0.0,0.0
102,0.2776439484119861,damping=0.4,0.5432288804377505,38.87015277767805,0.4662110319559636,22.56656003663382,0.1,0.4,0.12,42,2,1,135,16.199999999999957,6.843687910648112,0.0,0.0
99,0.2731641570562656,damping=0.4,0.5609860055643906,38.24298198787719,0.4490107241375655,21.544915615613714,0.1,0.4,0.12,42,2,1,140,16.79999999999996,6.702079328627805,0.0,0.0
100,0.2685521075952285,damping=0.4,0.5787488485270633,37.59729506333199,0.4652343026988011,20.525259012174494,0.1,0.4,0.12,42,2,1,145,17.399999999999967,6.867970380170368,0.0,0.0
104,0.2644956596469111,damping=0.4,0.5979638460928913,37.02939235056755,0.4476114663209064,19.51543853480963,0.1,0.4,0.12,42,2,1,150,17.99999999999997,6.735962116630867,0.0,0.0
106,0.2608185607563549,damping=0.4,0.6182649367099773,36.51459850588969,0.463170507858324,18.50866257667057,0.1,0.4,0.12,42,2,1,155,18.599999999999977,6.852795125543618,0.0,0.0
107,0.2570891554357303,damping=0.4,0.6383603393638203,35.99248176100224,0.4449953086996916,17.51287732144645,0.1,0.4,0.12,42,2,1,160,19.19999999999998,6.675939853772356,0.0,0.0
107,0.25331314666512833,damping=0.4,0.65848392176213,35.46384053311797,0.4596513207401689,16.52149901778865,0.1,0.4,0.12,42,2,1,165,19.799999999999986,6.795748009709991,0.0,0.0
109,0.2487669895676207,damping=0.4,0.6769820184925215,34.8273785394669,0.4409025012817897,15.542505792305514,0.1,0.4,0.12,42,2,1,170,20.39999999999999,6.618717233325533,0.0,0.0
111,0.24397090626507517,damping=0.4,0.6952169209361299,34.155926877110524,0.45458752118337953,14.569447642498401,0.1,0.4,0.12,42,2,1,175,20.999999999999996,6.744192298326042,0.0,0.0
114,0.23906752878482312,damping=0.4,0.7132810431210707,33.46945402987524,0.4352908643160846,13.61026758841536,0.1,0.4,0.12,42,2,1,180,21.6,6.580958988865168,0.0,0.0
114,0.23474619317834536,damping=0.4,0.7326713595628652,32.86446704496835,0.44783023592712057,12.658723370329742,0.1,0.4,0.12,42,2,1,185,22.200000000000006,6.700790340506547,0.0,0.0
115,0.23082790814104592,damping=0.4,0.7526336370273925,32.31590713974643,0.4278508493554183,11.722814511936392,0.1,0.4,0.12,42,2,1,190,22.80000000000001,6.491249515489186,0.0,0.0
120,0.22687169257820394,damping=0.4,0.772487526574138,31.762036960948553,0.43885492321144876,10.796693098478485,0.1,0.4,0.12,42,2,1,195,23.400000000000016,6.557961278443007,0.0,0.0
120,0.22288573433907174,damping=0.4,0.7920078335802379,31.204002807470044,0.41798906073123665,9.888485336705038,0.1,0.4,0.12,42,2,1,200,24.00000000000002,6.345789118444067,0.0,0.0
120,0.21815246702617286,damping=0.4,0.8103536163712336,30.5413453836642,0.4271072493659958,8.99279064813938,0.1,0.4,0.12,42,2,1,205,24.600000000000026,6.400736023807869,0.0,0.0
120,0.21320309310941254,damping=0.4,0.8281588203708453,29.848433035317758,0.4052566572484621,8.117784248694107,0.1,0.4,0.12,42,2,1,210,25.20000000000003,6.188361670818068,0.0,0.0
123,0.2081732963624936,damping=0.4,0.8457823920640416,29.144261490749106,0.4120737599949297,7.2586152354363,0.1,0.4,0.12,42,2,1,215,25.800000000000036,6.238740012868609,0.0,0.0
123,0.2037307548427608,damping=0.4,0.8637879148357229,28.522305677986513,0.3889659794119187,6.423612257825207,0.1,0.4,0.12,42,2,1,220,26.40000000000004,6.016579071718091,0.0,0.0
126,0.19969207147495108,damping=0.4,0.8818298157312615,27.95689000649315,0.392692611991939,5.608812420639637,0.1,0.4,0.12,42,2,1,225,27.000000000000046,5.997640810258297,0.0,0.0
127,0.19563854649522602,damping=0.4,0.8990530269521028,27.389396509331643,0.36773614842181557,4.82297471812884,0.1,0.4,0.12,42,2,1,230,27.60000000000005,5.716716099458501,0.0,0.0
127,0.191577134837803,damping=0.4,0.9154770490461969,26.82079887729242,0.36662065755420936,4.063851388164628,0.1,0.4,0.12,42,2,1,235,28.200000000000056,5.653385727459557,0.0,0.0
127,0.18685065704815434,damping=0.4,0.9302431287569177,26.159091986741608,0.3372976951852478,3.3433196385904536,0.1,0.4,0.12,42,2,1,240,28.80000000000006,5.3283162319495245,0.0,0.0
127,0.181966022504296,damping=0.4,0.9437477722390398,25.47524315060144,0.3277542037038478,2.6629161835711357,0.1,0.4,0.12,42,2,1,245,29.400000000000066,5.189667329767426,0.0,0.0
126,0.17706663546423182,damping=0.4,0.9557236570617392,24.789328964992453,0.29358662658887275,2.034166651552764,0.1,0.4,0.12,42,2,1,250,30.00000000000007,4.810791818695813,0.0,0.0
127,0.17290422757666216,damping=0.4,0.9663956415584655,24.2065918607327,0.27420155250562844,1.4603079670811057,0.1,0.4,0.12,42,2,1,255,30.600000000000076,4.558246235156576,0.0,0.0
127,0.16893853083808216,damping=0.4,0.9748613833281772,23.6513943173315,0.233275961123655,0.9546311748111871,0.1,0.4,0.12,42,2,1,260,31.20000000000008,4.064414577955237,0.0,0.0
127,0.16500341128714674,damping=0.4,0.9807154500046821,23.100477580200543,0.19835778436049079,0.5264556963099065,0.1,0.4,0.12,42,2,1,265,31.800000000000086,3.6291060862108626,0.0,0.0
128,0.1611138223370124,damping=0.4,0.9835426467276834,22.555935127181737,0.14481497866334198,0.47110298916094007,0.1,0.4,0.12,42,2,132,270,32.40000000000008,2.9847748474993274,0.0,0.0
127,0.15696660112557867,damping=0.4,0.9827850811446427,21.975324157581014,0.08354058804406281,0.4206063423219821,0.1,0.4,0.12,42,2,132,275,33.000000000000064,2.29198105132436,0.0,0.0
126,0.1534010752689237,damping=0.4,0.9835535609114889,21.476150537649318,0.03542803238342348,0.3627623762613227,0.1,0.4,0.12,42,2,132,280,33.60000000000005,1.6337357116242932,0.0,0.0
126,0.14949777438689776,damping=0.4,0.9842182478483293,20.929688414165685,0.01846371136858486,0.3059156877734993,0.1,0.4,0.12,42,2,132,285,34.20000000000004,1.2480358529923288,0.0,0.0
126,0.14586525413542126,damping=0.4,0.9851637827034665,20.421135578958975,0.019504622818221705,0.2559284779997752,0.1,0.4,0.12,42,2,132,290,34.800000000000026,1.0442871854674785,0.0,0.0
127,0.14239637216856033,damping=0.4,0.9861873035346789,19.935492103598445,0.018644168264299696,0.21561839185371465,0.1,0.4,0.12,42,2,132,295,35.40000000000001,0.9462609263752061,0.0,0.0
127,0.13901289617900564,damping=0.4,0.9869223004526841,19.461805465060788,0.013307383900975358,0.1859600052483713,0.1,0.4,0.12,42,2,132,300,36.0,0.8098805881906955,0.0,0.0
1,0.3541644395871605,damping=0.4,0.00959332011651522,49.58302154220247,0.208971985463154,49.31434937310884,0.1,0.4,0.12,42,3,1,5,0.6,1.6899215281859241,0.0,0.0
3,0.3525164087385139,damping=0.4,0.027771879354323813,49.35229722339195,0.2983206550264755,48.55406484556298,0.1,0.4,0.12,42,3,1,10,1.2000000000000002,3.156103635622441,0.0,0.0
4,0.3508103098558331,damping=0.4,0.050710504053004916,49.11344337981664,0.36148964364121605,47.65053375713983,0.1,0.4,0.12,42,3,1,15,1.8000000000000007,4.4832636104358325,0.0,0.0
4,0.34900904215268586,damping=0.4,0.0746741653848157,48.86126590137602,0.3765297405971229,46.678014062400166,0.1,0.4,0.12,42,3,1,20,2.4000000000000012,4.908868595418614,0.0,0.0
4,0.3471099522654538,damping=0.4,0.09876056425870812,48.595393317163534,0.4096564142249023,45.6636966667645,0.1,0.4,0.12,42,3,1,25,3.0000000000000018,5.341448369663765,0.0,0.0
4,0.34485031366070257,damping=0.4,0.12134827745272925,48.27904391249836,0.40461237692783614,44.63225859904236,0.1,0.4,0.12,42,3,1,30,3.6000000000000023,5.498752758841327,0.0,0.0
5,0.3422271310951735,damping=0.4,0.14267825657060285,47.91179835332429,0.42727248887265956,43.58618208482216,0.1,0.4,0.12,42,3,1,35,4.200000000000003,5.906561415933735,0.0,0.0
5,0.33939190841430245,damping=0.4,0.1631296307134309,47.51486717800234,0.4166643918790876,42.53717909920306,0.1,0.4,0.12,42,3,1,40,4.800000000000003,5.940559285615143,0.0,0.0
5,0.3368468551534102,damping=0.4,0.1850673699572006,47.158559721477424,0.436861825305095,41.4808505597736,0.1,0.4,0.12,42,3,1,45,5.400000000000004,6.182230720135177,0.0,0.0
5,0.33450903834340345,damping=0.4,0.20766720841652953,46.83126536807649,0.4242629508438387,40.42566051945419,0.1,0.4,0.12,42,3,1,50,6.000000000000004,6.094852745624714,0.0,0.0
6,0.33207769221684724,damping=0.4,0.2299210623899356,46.490876910358615,0.44340247131804866,39.36559621567139,0.1,0.4,0.12,42,3,1,55,6.600000000000005,6.318634160901505,0.0,0.0
8,0.3295597591534978,damping=0.4,0.25168610979279066,46.13836628148969,0.429890173925934,38.30835753477757,0.1,0.4,0.12,42,3,1,60,7.2000000000000055,6.248033125429582,0.0,0.0
11,0.32653379126552545,damping=0.4,0.2717234468152374,45.714730777173564,0.44878253662640893,37.24728084503092,0.1,0.4,0.12,42,3,1,65,7.800000000000006,6.441732451937316,0.0,0.0
15,0.3230862368681766,damping=0.4,0.29024386350795867,45.232073161544726,0.4347362500674872,36.1898417503817,0.1,0.4,0.12,42,3,1,70,8.400000000000004,6.35424994225955,0.0,0.0
19,0.31945472476998665,damping=0.4,0.30840648080381383,44.72366146779813,0.45343257837105383,35.129175203521505,0.1,0.4,0.12,42,3,1,75,9.0,6.5744109320744055,0.0,0.0
21,0.3162659842131247,damping=0.4,0.32820995153955573,44.27723778983746,0.4389449144191272,34.072747811312524,0.1,0.4,0.12,42,3,1,80,9.599999999999996,6.501320815463227,0.0,0.0
27,0.3133832893611743,damping=0.4,0.3492288338800672,43.873660510564406,0.45749173360305045,33.01359044622211,0.1,0.4,0.12,42,3,1,85,10.199999999999992,6.661775053885685,0.0,0.0
31,0.3104213433446132,damping=0.4,0.3698888612197737,43.458988068245844,0.44252701028242514,31.95928909180457,0.1,0.4,0.12,42,3,1,90,10.799999999999988,6.53766720687063,0.0,0.0
38,0.3073857437155871,damping=0.4,0.39046643888097854,43.03400412018219,0.4607701776581426,30.902923036757684,0.1,0.4,0.12,42,3,1,95,11.399999999999984,6.713245915337175,0.0,0.0
47,0.30378621498835007,damping=0.4,0.4093000924862913,42.53007009836901,0.44533468452431235,29.852168945756155,0.1,0.4,0.12,42,3,1,100,11.99999999999998,6.585636134269114,0.0,0.0
56,0.29974000390818717,damping=0.4,0.427072898971305,41.96360054714621,0.46331971145255146,28.80004143220548,0.1,0.4,0.12,42,3,1,105,12.599999999999977,6.768011649928902,0.0,0.0
75,0.29554399706114104,damping=0.4,0.44451128823112973,41.376159588559744,0.4474973463030548,27.754215292659353,0.1,0.4,0.12,42,3,1,110,13.199999999999973,6.660640776488972,0.0,0.0
81,0.29186193605717764,damping=0.4,0.46379992282706206,40.86067104800487,0.46520911671939325,26.70765956591311,0.1,0.4,0.12,42,3,1,115,13.799999999999969,6.851339930439342,0.0,0.0
87,0.2885346456941027,damping=0.4,0.48409472318724855,40.39485039717438,0.44896193135718876,25.668115591911285,0.1,0.4,0.12,42,3,1,120,14.399999999999965,6.695960151285526,0.0,0.0
94,0.2851399787540545,damping=0.4,0.5043691823657467,39.91959702556763,0.4662247068617439,24.628636437507872,0.1,0.4,0.12,42,3,1,125,14.999999999999961,6.8434079085750135,0.0,0.0
99,0.28168543482821784,damping=0.4,0.5244386697538954,39.4359608759505,0.44946405443776016,23.597085107387088,0.1,0.4,0.12,42,3,1,130,15.599999999999957,6.697795843063968,0.0,0.0
102,0.2776439484119861,damping=0.4,0.5432288804377505,38.87015277767805,0.4662110319559636,22.56656003663382,0.1,0.4,0.12,42,3,1,135,16.199999999999957,6.843687910648112,0.0,0.0
99,0.2731641570562656,damping=0.4,0.5609860055643906,38.24298198787719,0.4490107241375655,21.544915615613714,0.1,0.4,0.12,42,3,1,140,16.79999999999996,6.702079328627805,0.0,0.0
100,0.2685521075952285,damping=0.4,0.5787488485270633,37.59729506333199,0.4652343026988011,20.525259012174494,0.1,0.4,0.12,42,3,1,145,17.399999999999967,6.867970380170368,0.0,0.0
104,0.2644956596469111,damping=0.4,0.5979638460928913,37.02939235056755,0.4476114663209064,19.51543853480963,0.1,0.4,0.12,42,3,1,150,17.99999999999997,6.735962116630867,0.0,0.0
106,0.2608185607563549,damping=0.4,0.6182649367099773,36.51459850588969,0.463170507858324,18.50866257667057,0.1,0.4,0.12,42,3,1,155,18.599999999999977,6.852795125543618,0.0,0.0
107,0.2570891554357303,damping=0.4,0.6383603393638203,35.99248176100224,0.4449953086996916,17.51287732144645,0.1,0.4,0.12,42,3,1,160,19.19999999999998,6.675939853772356,0.0,0.0
107,0.25331314666512833,damping=0.4,0.65848392176213,35.46384053311797,0.4596513207401689,16.52149901778865,0.1,0.4,0.12,42,3,1,165,19.799999999999986,6.795748009709991,0.0,0.0
109,0.2487669895676207,damping=0.4,0.6769820184925215,34.8273785394669,0.4409025012817897,15.542505792305514,0.1,0.4,0.12,42,3,1,170,20.39999999999999,6.618717233325533,0.0,0.0
111,0.24397090626507517,damping=0.4,0.6952169209361299,34.155926877110524,0.45458752118337953,14.569447642498401,0.1,0.4,0.12,42,3,1,175,20.999999999999996,6.744192298326042,0.0,0.0
114,0.23906752878482312,damping=0.4,0.7132810431210707,33.46945402987524,0.4352908643160846,13.61026758841536,0.1,0.4,0.12,42,3,1,180,21.6,6.580958988865168,0.0,0.0
114,0.23474619317834536,damping=0.4,0.7326713595628652,32.86446704496835,0.44783023592712057,12.658723370329742,0.1,0.4,0.12,42,3,1,185,22.200000000000006,6.700790340506547,0.0,0.0
115,0.23082790814104592,damping=0.4,0.7526336370273925,32.31590713974643,0.4278508493554183,11.722814511936392,0.1,0.4,0.12,42,3,1,190,22.80000000000001,6.491249515489186,0.0,0.0
120,0.22687169257820394,damping=0.4,0.772487526574138,31.762036960948553,0.43885492321144876,10.796693098478485,0.1,0.4,0.12,42,3,1,195,23.400000000000016,6.557961278443007,0.0,0.0
120,0.22288573433907174,damping=0.4,0.7920078335802379,31.204002807470044,0.41798906073123665,9.888485336705038,0.1,0.4,0.12,42,3,1,200,24.00000000000002,6.345789118444067,0.0,0.0
120,0.21815246702617286,damping=0.4,0.8103536163712336,30.5413453836642,0.4271072493659958,8.99279064813938,0.1,0.4,0.12,42,3,1,205,24.600000000000026,6.400736023807869,0.0,0.0
120,0.21320309310941254,damping=0.4,0.8281588203708453,29.848433035317758,0.4052566572484621,8.117784248694107,0.1,0.4,0.12,42,3,1,210,25.20000000000003,6.188361670818068,0.0,0.0
123,0.2081732963624936,damping=0.4,0.8457823920640416,29.144261490749106,0.4120737599949297,7.2586152354363,0.1,0.4,0.12,42,3,1,215,25.800000000000036,6.238740012868609,0.0,0.0
123,0.2037307548427608,damping=0.4,0.8637879148357229,28.522305677986513,0.3889659794119187,6.423612257825207,0.1,0.4,0.12,42,3,1,220,26.40000000000004,6.016579071718091,0.0,0.0
126,0.19969207147495108,damping=0.4,0.8818298157312615,27.95689000649315,0.392692611991939,5.608812420639637,0.1,0.4,0.12,42,3,1,225,27.000000000000046,5.997640810258297,0.0,0.0
127,0.19563854649522602,damping=0.4,0.8990530269521028,27.389396509331643,0.36773614842181557,4.82297471812884,0.1,0.4,0.12,42,3,1,230,27.60000000000005,5.716716099458501,0.0,0.0
127,0.191577134837803,damping=0.4,0.9154770490461969,26.82079887729242,0.36662065755420936,4.063851388164628,0.1,0.4,0.12,42,3,1,235,28.200000000000056,5.653385727459557,0.0,0.0
127,0.18685065704815434,damping=0.4,0.9302431287569177,26.159091986741608,0.3372976951852478,3.3433196385904536,0.1,0.4,0.12,42,3,1,240,28.80000000000006,5.3283162319495245,0.0,0.0
127,0.181966022504296,damping=0.4,0.9437477722390398,25.47524315060144,0.3277542037038478,2.6629161835711357,0.1,0.4,0.12,42,3,1,245,29.400000000000066,5.189667329767426,0.0,0.0
126,0.17706663546423182,damping=0.4,0.9557236570617392,24.789328964992453,0.29358662658887275,2.034166651552764,0.1,0.4,0.12,42,3,1,250,30.00000000000007,4.810791818695813,0.0,0.0
127,0.17290422757666216,damping=0.4,0.9663956415584655,24.2065918607327,0.27420155250562844,1.4603079670811057,0.1,0.4,0.12,42,3,1,255,30.600000000000076,4.558246235156576,0.0,0.0
127,0.16893853083808216,damping=0.4,0.9748613833281772,23.6513943173315,0.233275961123655,0.9546311748111871,0.1,0.4,0.12,42,3,1,260,31.20000000000008,4.064414577955237,0.0,0.0
127,0.16500341128714674,damping=0.4,0.9807154500046821,23.100477580200543,0.19835778436049079,0.5264556963099065,0.1,0.4,0.12,42,3,1,265,31.800000000000086,3.6291060862108626,0.0,0.0
128,0.1611138223370124,damping=0.4,0.9835426467276834,22.555935127181737,0.14481497866334198,0.47110298916094007,0.1,0.4,0.12,42,3,132,270,32.40000000000008,2.9847748474993274,0.0,0.0
127,0.15696660112557867,damping=0.4,0.9827850811446427,21.975324157581014,0.08354058804406281,0.4206063423219821,0.1,0.4,0.12,42,3,132,275,33.000000000000064,2.29198105132436,0.0,0.0
126,0.1534010752689237,damping=0.4,0.9835535609114889,21.476150537649318,0.03542803238342348,0.3627623762613227,0.1,0.4,0.12,42,3,132,280,33.60000000000005,1.6337357116242932,0.0,0.0
126,0.14949777438689776,damping=0.4,0.9842182478483293,20.929688414165685,0.01846371136858486,0.3059156877734993,0.1,0.4,0.12,42,3,132,285,34.20000000000004,1.2480358529923288,0.0,0.0
126,0.14586525413542126,damping=0.4,0.9851637827034665,20.421135578958975,0.019504622818221705,0.2559284779997752,0.1,0.4,0.12,42,3,132,290,34.800000000000026,1.0442871854674785,0.0,0.0
127,0.14239637216856033,damping=0.4,0.9861873035346789,19.935492103598445,0.018644168264299696,0.21561839185371465,0.1,0.4,0.12,42,3,132,295,35.40000000000001,0.9462609263752061,0.0,0.0
127,0.13901289617900564,damping=0.4,0.9869223004526841,19.461805465060788,0.013307383900975358,0.1859600052483713,0.1,0.4,0.12,42,3,132,300,36.0,0.8098805881906955,0.0,0.0
1,0.3541644395871605,damping=0.4,0.00959332011651522,49.58302154220247,0.208971985463154,49.31434937310884,0.1,0.4,0.12,42,4,1,5,0.6,1.6899215281859241,0.0,0.0
3,0.3525164087385139,damping=0.4,0.027771879354323813,49.35229722339195,0.2983206550264755,48.55406484556298,0.1,0.4,0.12,42,4,1,10,1.2000000000000002,3.156103635622441,0.0,0.0
4,0.3508103098558331,damping=0.4,0.050710504053004916,49.11344337981664,0.36148964364121605,47.65053375713983,0.1,0.4,0.12,42,4,1,15,1.8000000000000007,4.4832636104358325,0.0,0.0
4,0.34900904215268586,damping=0.4,0.0746741653848157,48.86126590137602,0.3765297405971229,46.678014062400166,0.1,0.4,0.12,42,4,1,20,2.4000000000000012,4.908868595418614,0.0,0.0
4,0.3471099522654538,damping=0.4,0.09876056425870812,48.595393317163534,0.4096564142249023,45.6636966667645,0.1,0.4,0.12,42,4,1,25,3.0000000000000018,5.341448369663765,0.0,0.0
4,0.34485031366070257,damping=0.4,0.12134827745272925,48.27904391249836,0.40461237692783614,44.63225859904236,0.1,0.4,0.12,42,4,1,30,3.6000000000000023,5.498752758841327,0.0,0.0
5,0.3422271310951735,damping=0.4,0.14267825657060285,47.91179835332429,0.42727248887265956,43.58618208482216,0.1,0.4,0.12,42,4,1,35,4.200000000000003,5.906561415933735,0.0,0.0
5,0.33939190841430245,damping=0.4,0.1631296307134309,47.51486717800234,0.4166643918790876,42.53717909920306,0.1,0.4,0.12,42,4,1,40,4.800000000000003,5.940559285615143,0.0,0.0
5,0.3368468551534102,damping=0.4,0.1850673699572006,47.158559721477424,0.436861825305095,41.4808505597736,0.1,0.4,0.12,42,4,1,45,5.400000000000004,6.182230720135177,0.0,0.0
5,0.33450903834340345,damping=0.4,0.20766720841652953,46.83126536807649,0.4242629508438387,40.42566051945419,0.1,0.4,0.12,42,4,1,50,6.000000000000004,6.094852745624714,0.0,0.0
6,0.33207769221684724,damping=0.4,0.2299210623899356,46.490876910358615,0.44340247131804866,39.36559621567139,0.1,0.4,0.12,42,4,1,55,6.600000000000005,6.318634160901505,0.0,0.0
8,0.3295597591534978,damping=0.4,0.25168610979279066,46.13836628148969,0.429890173925934,38.30835753477757,0.1,0.4,0.12,42,4,1,60,7.2000000000000055,6.248033125429582,0.0,0.0
11,0.32653379126552545,damping=0.4,0.2717234468152374,45.714730777173564,0.44878253662640893,37.24728084503092,0.1,0.4,0.12,42,4,1,65,7.800000000000006,6.441732451937316,0.0,0.0
15,0.3230862368681766,damping=0.4,0.29024386350795867,45.232073161544726,0.4347362500674872,36.1898417503817,0.1,0.4,0.12,42,4,1,70,8.400000000000004,6.35424994225955,0.0,0.0
19,0.31945472476998665,damping=0.4,0.30840648080381383,44.72366146779813,0.45343257837105383,35.129175203521505,0.1,0.4,0.12,42,4,1,75,9.0,6.5744109320744055,0.0,0.0
21,0.3162659842131247,damping=0.4,0.32820995153955573,44.27723778983746,0.4389449144191272,34.072747811312524,0.1,0.4,0.12,42,4,1,80,9.599999999999996,6.501320815463227,0.0,0.0
27,0.3133832893611743,damping=0.4,0.3492288338800672,43.873660510564406,0.45749173360305045,33.01359044622211,0.1,0.4,0.12,42,4,1,85,10.199999999999992,6.661775053885685,0.0,0.0
31,0.3104213433446132,damping=0.4,0.3698888612197737,43.458988068245844,0.44252701028242514,31.95928909180457,0.1,0.4,0.12,42,4,1,90,10.799999999999988,6.53766720687063,0.0,0.0
38,0.3073857437155871,damping=0.4,0.39046643888097854,43.03400412018219,0.4607701776581426,30.902923036757684,0.1,0.4,0.12,42,4,1,95,11.399999999999984,6.713245915337175,0.0,0.0
47,0.30378621498835007,damping=0.4,0.4093000924862913,42.53007009836901,0.44533468452431235,29.852168945756155,0.1,0.4,0.12,42,4,1,100,11.99999999999998,6.585636134269114,0.0,0.0
56,0.29974000390818717,damping=0.4,0.427072898971305,41.96360054714621,0.46331971145255146,28.80004143220548,0.1,0.4,0.12,42,4,1,105,12.599999999999977,6.768011649928902,0.0,0.0
75,0.29554399706114104,damping=0.4,0.44451128823112973,41.376159588559744,0.4474973463030548,27.754215292659353,0.1,0.4,0.12,42,4,1,110,13.199999999999973,6.660640776488972,0.0,0.0
81,0.29186193605717764,damping=0.4,0.46379992282706206,40.86067104800487,0.46520911671939325,26.70765956591311,0.1,0.4,0.12,42,4,1,115,13.799999999999969,6.851339930439342,0.0,0.0
87,0.2885346456941027,damping=0.4,0.48409472318724855,40.39485039717438,0.44896193135718876,25.668115591911285,0.1,0.4,0.12,42,4,1,120,14.399999999999965,6.695960151285526,0.0,0.0
94,0.2851399787540545,damping=0.4,0.5043691823657467,39.91959702556763,0.4662247068617439,24.628636437507872,0.1,0.4,0.12,42,4,1,125,14.999999999999961,6.8434079085750135,0.0,0.0
99,0.28168543482821784,damping=0.4,0.5244386697538954,39.4359608759505,0.44946405443776016,23.597085107387088,0.1,0.4,0.12,42,4,1,130,15.599999999999957,6.697795843063968,0.0,0.0
102,0.2776439484119861,damping=0.4,0.5432288804377505,38.87015277767805,0.4662110319559636,22.56656003663382,0.1,0.4,0.12,42,4,1,135,16.199999999999957,6.843687910648112,0.0,0.0
99,0.2731641570562656,damping=0.4,0.5609860055643906,38.24298198787719,0.4490107241375655,21.544915615613714,0.1,0.4,0.12,42,4,1,140,16.79999999999996,6.702079328627805,0.0,0.0
100,0.2685521075952285,damping=0.4,0.5787488485270633,37.59729506333199,0.4652343026988011,20.525259012174494,0.1,0.4,0.12,42,4,1,145,17.399999999999967,6.867970380170368,0.0,0.0
104,0.2644956596469111,damping=0.4,0.5979638460928913,37.02939235056755,0.4476114663209064,19.51543853480963,0.1,0.4,0.12,42,4,1,150,17.99999999999997,6.735962116630867,0.0,0.0
106,0.2608185607563549,damping=0.4,0.6182649367099773,36.51459850588969,0.463170507858324,18.50866257667057,0.1,0.4,0.12,42,4,1,155,18.599999999999977,6.852795125543618,0.0,0.0
107,0.2570891554357303,damping=0.4,0.6383603393638203,35.99248176100224,0.4449953086996916,17.51287732144645,0.1,0.4,0.12,42,4,1,160,19.19999999999998,6.675939853772356,0.0,0.0
107,0.25331314666512833,damping=0.4,0.65848392176213,35.46384053311797,0.4596513207401689,16.52149901778865,0.1,0.4,0.12,42,4,1,165,19.799999999999986,6.795748009709991,0.0,0.0
109,0.2487669895676207,damping=0.4,0.6769820184925215,34.8273785394669,0.4409025012817897,15.542505792305514,0.1,0.4,0.12,42,4,1,170,20.39999999999999,6.618717233325533,0.0,0.0
111,0.24397090626507517,damping=0.4,0.6952169209361299,34.155926877110524,0.45458752118337953,14.569447642498401,0.1,0.4,0.12,42,4,1,175,20.999999999999996,6.744192298326042,0.0,0.0
114,0.23906752878482312,damping=0.4,0.7132810431210707,33.46945402987524,0.4352908643160846,13.61026758841536,0.1,0.4,0.12,42,4,1,180,21.6,6.580958988865168,0.0,0.0
114,0.23474619317834536,damping=0.4,0.7326713595628652,32.86446704496835,0.44783023592712057,12.658723370329742,0.1,0.4,0.12,42,4,1,185,22.200000000000006,6.700790340506547,0.0,0.0
115,0.23082790814104592,damping=0.4,0.7526336370273925,32.31590713974643,0.4278508493554183,11.722814511936392,0.1,0.4,0.12,42,4,1,190,22.80000000000001,6.491249515489186,0.0,0.0
120,0.22687169257820394,damping=0.4,0.772487526574138,31.762036960948553,0.43885492321144876,10.796693098478485,0.1,0.4,0.12,42,4,1,195,23.400000000000016,6.557961278443007,0.0,0.0
120,0.22288573433907174,damping=0.4,0.7920078335802379,31.204002807470044,0.41798906073123665,9.888485336705038,0.1,0.4,0.12,42,4,1,200,24.00000000000002,6.345789118444067,0.0,0.0
120,0.21815246702617286,damping=0.4,0.8103536163712336,30.5413453836642,0.4271072493659958,8.99279064813938,0.1,0.4,0.12,42,4,1,205,24.600000000000026,6.400736023807869,0.0,0.0
120,0.21320309310941254,damping=0.4,0.8281588203708453,29.848433035317758,0.4052566572484621,8.117784248694107,0.1,0.4,0.12,42,4,1,210,25.20000000000003,6.188361670818068,0.0,0.0
123,0.2081732963624936,damping=0.4,0.8457823920640416,29.144261490749106,0.4120737599949297,7.2586152354363,0.1,0.4,0.12,42,4,1,215,25.800000000000036,6.238740012868609,0.0,0.0
123,0.2037307548427608,damping=0.4,0.8637879148357229,28.522305677986513,0.3889659794119187,6.423612257825207,0.1,0.4,0.12,42,4,1,220,26.40000000000004,6.016579071718091,0.0,0.0
126,0.19969207147495108,damping=0.4,0.8818298157312615,27.95689000649315,0.392692611991939,5.608812420639637,0.1,0.4,0.12,42,4,1,225,27.000000000000046,5.997640810258297,0.0,0.0
127,0.19563854649522602,damping=0.4,0.8990530269521028,27.389396509331643,0.36773614842181557,4.82297471812884,0.1,0.4,0.12,42,4,1,230,27.60000000000005,5.716716099458501,0.0,0.0
127,0.191577134837803,damping=0.4,0.9154770490461969,26.82079887729242,0.36662065755420936,4.063851388164628,0.1,0.4,0.12,42,4,1,235,28.200000000000056,5.653385727459557,0.0,0.0
127,0.18685065704815434,damping=0.4,0.9302431287569177,26.159091986741608,0.3372976951852478,3.3433196385904536,0.1,0.4,0.12,42,4,1,240,28.80000000000006,5.3283162319495245,0.0,0.0
127,0.181966022504296,damping=0.4,0.9437477722390398,25.47524315060144,0.3277542037038478,2.6629161835711357,0.1,0.4,0.12,42,4,1,245,29.400000000000066,5.189667329767426,0.0,0.0
126,0.17706663546423182,damping=0.4,0.9557236570617392,24.789328964992453,0.29358662658887275,2.034166651552764,0.1,0.4,0.12,42,4,1,250,30.00000000000007,4.810791818695813,0.0,0.0
127,0.17290422757666216,damping=0.4,0.9663956415584655,24.2065918607327,0.27420155250562844,1.4603079670811057,0.1,0.4,0.12,42,4,1,255,30.600000000000076,4.558246235156576,0.0,0.0
127,0.16893853083808216,damping=0.4,0.9748613833281772,23.6513943173315,0.233275961123655,0.9546311748111871,0.1,0.4,0.12,42,4,1,260,31.20000000000008,4.064414577955237,0.0,0.0
127,0.16500341128714674,damping=0.4,0.9807154500046821,23.100477580200543,0.19835778436049079,0.5264556963099065,0.1,0.4,0.12,42,4,1,265,31.800000000000086,3.6291060862108626,0.0,0.0
128,0.1611138223370124,damping=0.4,0.9835426467276834,22.555935127181737,0.14481497866334198,0.47110298916094007,0.1,0.4,0.12,42,4,132,270,32.40000000000008,2.9847748474993274,0.0,0.0
127,0.15696660112557867,damping=0.4,0.9827850811446427,21.975324157581014,0.08354058804406281,0.4206063423219821,0.1,0.4,0.12,42,4,132,275,33.000000000000064,2.29198105132436,0.0,0.0
126,0.1534010752689237,damping=0.4,0.9835535609114889,21.476150537649318,0.03542803238342348,0.3627623762613227,0.1,0.4,0.12,42,4,132,280,33.60000000000005,1.6337357116242932,0.0,0.0
126,0.14949777438689776,damping=0.4,0.9842182478483293,20.929688414165685,0.01846371136858486,0.3059156877734993,0.1,0.4,0.12,42,4,132,285,34.20000000000004,1.2480358529923288,0.0,0.0
126,0.14586525413542126,damping=0.4,0.9851637827034665,20.421135578958975,0.019504622818221705,0.2559284779997752,0.1,0.4,0.12,42,4,132,290,34.800000000000026,1.0442871854674785,0.0,0.0
127,0.14239637216856033,damping=0.4,0.9861873035346789,19.935492103598445,0.018644168264299696,0.21561839185371465,0.1,0.4,0.12,42,4,132,295,35.40000000000001,0.9462609263752061,0.0,0.0
127,0.13901289617900564,damping=0.4,0.9869223004526841,19.461805465060788,0.013307383900975358,0.1859600052483713,0.1,0.4,0.12,42,4,132,300,36.0,0.8098805881906955,0.0,0.0
1,0.35342714233082045,damping=0.5,0.009583643309435392,49.47979992631486,0.20890570979602727,49.211977827169704,0.1,0.5,0.12,42,0,1,5,0.6,1.68881944172465,0.0,0.0
3,0.35138251393390046,damping=0.5,0.02771046518205881,49.19355195074606,0.2981732132776403,48.39976931585485,0.1,0.5,0.12,42,0,1,10,1.2000000000000002,3.151069678957366,0.0,0.0
4,0.34926275398459333,damping=0.5,0.05053783515316792,48.89678555784307,0.3612328757971815,47.445695719572484,0.1,0.5,0.12,42,0,1,15,1.8000000000000007,4.472318652699408,0.0,0.0
4,0.34702880589274177,damping=0.5,0.07433131199792078,48.584032824983844,0.3761777302959257,46.42410979723518,0.1,0.5,0.12,42,0,1,20,2.4000000000000012,4.89499645396165,0.0,0.0
4,0.34467763237455307,damping=0.5,0.09819245202573244,48.25486853243743,0.40916613844694616,45.362265537018,0.1,0.5,0.12,42,0,1,25,3.0000000000000018,5.324420138850133,0.0,0.0
4,0.34194931540133994,damping=0.5,0.1205022349317269,47.872904156187595,0.40403653586018284,44.28485208595847,0.1,0.5,0.12,42,0,1,30,3.6000000000000023,5.477718215517666,0.0,0.0
5,0.33884454172018,damping=0.5,0.14151423014133346,47.43823584082521,0.42655396553500996,43.19437465692682,0.1,0.5,0.12,42,0,1,35,4.200000000000003,5.879674636958329,0.0,0.0
5,0.3355162175094282,damping=0.5,0.1616156283665932,46.97227045131995,0.4158611208576647,42.102538382036805,0.1,0.5,0.12,42,0,1,40,4.800000000000003,5.909978143436637,0.0,0.0
5,0.3324620607722982,damping=0.5,0.18318807164104597,46.544688508121745,0.435895008951216,41.00496929432301,0.1,0.5,0.12,42,0,1,45,5.400000000000004,6.147715880517558,0.0,0.0
5,0.3295971868041783,damping=0.5,0.20539881813704805,46.143606152584965,0.42321676678027564,39.91011392047814,0.1,0.5,0.12,42,0,1,50,6.000000000000004,6.057592320085273,0.0,0.0
5,0.32662496918917394,damping=0.5,0.22724404192058134,45.72749568648435,0.4421837188806486,38.81197982885342,0.1,0.5,0.12,42,0,1,55,6.600000000000005,6.27667420509961,0.0,0.0
7,0.3235535377718313,damping=0.5,0.2485851200960528,45.29749528805638,0.42859739565575045,37.718241226272326,0.1,0.5,0.12,42,0,1,60,7.2000000000000055,6.2030296313950055,0.0,0.0
10,0.31997062264739734,damping=0.5,0.268182969785146,44.79588717063563,0.4472991415464209,36.62226053873751,0.1,0.5,0.12,42,0,1,65,7.800000000000006,6.392645186100314,0.0,0.0
12,0.3159658204718327,damping=0.5,0.2862536956047107,44.23521486605658,0.43318127256386363,35.531484757244215,0.1,0.5,0.12,42,0,1,70,8.400000000000004,6.302735641728222,0.0,0.0
15,0.3117747203972442,damping=0.5,0.30397117345329233,43.64846085561419,0.4516699734303261,34.43907967183293,0.1,0.5,0.12,42,0,1,75,9.0,6.518539472593435,0.0,0.0
20,0.3080127584745548,damping=0.5,0.3233642593480384,43.12178618643767,0.4371129655486262,33.352479962789104,0.1,0.5,0.12,42,0,1,80,9.599999999999996,6.442223458326963,0.0,0.0
21,0.30454194394757167,damping=0.5,0.344002844295055,42.635872152660035,0.4554301612563937,32.264754891360475,0.1,0.5,0.12,42,0,1,85,10.199999999999992,6.597348874981269,0.0,0.0
27,0.30098503141935834,damping=0.5,0.3642937363152339,42.13790439871017,0.4403968407782729,31.18345495032431,0.1,0.5,0.12,42,0,1,90,10.799999999999988,6.47078657139015,0.0,0.0
30,0.29734857481496835,damping=0.5,0.38452581163947847,41.62880047409557,0.45838823574299725,30.101702523487376,0.1,0.5,0.12,42,0,1,95,11.399999999999984,6.641700140504007,0.0,0.0
38,0.29315711028101893,damping=0.5,0.4030089564631391,41.04199543934265,0.4428850992237937,29.027133257022058,0.1,0.5,0.12,42,0,1,100,11.99999999999998,6.512024681206665,0.0,0.0
41,0.2885287662833873,damping=0.5,0.420441819956591,40.39402727967422,0.4605909420866357,27.952812341346707,0.1,0.5,0.12,42,0,1,105,12.599999999999977,6.689477430438386,0.0,0.0
53,0.28375420324923445,damping=0.5,0.43756277449632064,39.72558845489282,0.44469764788697985,26.88637126400382,0.1,0.5,0.12,42,0,1,110,13.199999999999973,6.5803214268405945,0.0,0.0
65,0.2794809571956649,damping=0.5,0.4566298427368104,39.12733400739309,0.46209667991272685,25.820839389787047,0.1,0.5,0.12,42,0,1,115,13.799999999999969,6.765830945342046,0.0,0.0
76,0.27555007273150967,damping=0.5,0.4767743205146451,38.57701018241136,0.4457738731387253,24.76391117963922,0.1,0.5,0.12,42,0,1,120,14.399999999999965,6.607712297846395,0.0,0.0
84,0.2715506099323868,damping=0.5,0.4969462686896974,38.01708539053415,0.46268699186728046,23.708708753768168,0.1,0.5,0.12,42,0,1,125,14.999999999999961,6.750058271197235,0.0,0.0
89,0.2674908619595367,damping=0.5,0.5169572066752648,37.448720674335135,0.4458455818312632,22.663042941183445,0.1,0.5,0.12,42,0,1,130,15.599999999999957,6.60272957645589,0.0,0.0
94,0.26286302547417434,damping=0.5,0.5357003829723866,36.80082356638441,0.46219951338633414,21.620091985798993,0.1,0.5,0.12,42,0,1,135,16.199999999999957,6.743168658237972,0.0,0.0
98,0.2578143126019041,damping=0.5,0.5534253152486561,36.094003764266574,0.44490822766467253,20.5876552392482,0.1,0.5,0.12,42,0,1,140,16.79999999999996,6.599161914458797,0.0,0.0
98,0.25264180078916104,damping=0.5,0.5712138463095201,35.36985211048255,0.4606838821801646,19.558934777254933,0.1,0.5,0.12,42,0,1,145,17.399999999999967,6.758642737506124,0.0,0.0
98,0.2480131217069257,damping=0.5,0.5905923877684058,34.721837038969596,0.4429540230573267,18.541722081041137,0.1,0.5,0.12,42,0,1,150,17.99999999999997,6.624090053623628,0.0,0.0
99,0.2437537939962823,damping=0.5,0.6111825635208741,34.12553115947952,0.45799891791923425,17.52933786362999,0.1,0.5,0.12,42,0,1,155,18.599999999999977,6.733049740539006,0.0,0.0
104,0.23944573655268675,damping=0.5,0.6316280401138629,33.52240311737614,0.4396968241601425,16.529668536943255,0.1,0.5,0.12,42,0,1,160,19.19999999999998,6.553799557077872,0.0,0.0
106,0.23509539401839744,damping=0.5,0.6521816462726757,32.91335516257564,0.45376011586848897,15.536262613302931,0.1,0.5,0.12,42,0,1,165,19.799999999999986,6.666408306370936,0.0,0.0
106,0.23001040523137262,damping=0.5,0.6710990233287507,32.20145673239217,0.4348566010728621,14.557037072365087,0.1,0.5,0.12,42,0,1,170,20.39999999999999,6.486300535145671,0.0,0.0
106,0.2246932816139121,damping=0.5,0.6898182334824655,31.457059425947694,0.4478472490485301,13.58570230803301,0.1,0.5,0.12,42,0,1,175,20.999999999999996,6.602541023329667,0.0,0.0
107,0.2192818557071754,damping=0.5,0.7084348700802102,30.699459799004554,0.428352600290585,12.63014406621664,0.1,0.5,0.12,42,0,1,180,21.6,6.435458095738995,0.0,0.0
107,0.21444115926202847,damping=0.5,0.7285581759270708,30.02176229668399,0.44006461895734766,11.68431863390844,0.1,0.5,0.12,42,0,1,185,22.200000000000006,6.545052836174858,0.0,0.0
107,0.20999521503842447,damping=0.5,0.7493774351849078,29.399330105379427,0.41982639056584303,10.75617564026849,0.1,0.5,0.12,42,0,1,190,22.80000000000001,6.329836682555026,0.0,0.0
109,0.20551962256517778,damping=0.5,0.7701642157682906,28.77274715912489,0.4298307723881933,9.840115593307909,0.1,0.5,0.12,42,0,1,195,23.400000000000016,6.384942709246277,0.0,0.0
110,0.20102326821420197,damping=0.5,0.7906727573490556,28.143257549988274,0.4086189530564078,8.944229763699438,0.1,0.5,0.12,42,0,1,200,24.00000000000002,6.167372139751553,0.0,0.0
114,0.19582636128409994,damping=0.5,0.8100079792844904,27.415690579773994,0.41650134885793555,8.06343907174746,0.1,0.5,0.12,42,0,1,205,24.600000000000026,6.207606212227718,0.0,0.0
114,0.19043770263614893,damping=0.5,0.8288340979489123,26.66127836906085,0.3941675322982102,7.205918780393985,0.1,0.5,0.12,42,0,1,210,25.20000000000003,5.98678724974074,0.0,0.0
114,0.18498749063737252,damping=0.5,0.8475253109791203,25.898248689232155,0.3994052379468149,6.367255205889414,0.1,0.5,0.12,42,0,1,215,25.800000000000036,6.017967194424786,0.0,0.0
115,0.18011260386127165,damping=0.5,0.8666650500269806,25.215764540578032,0.37559155434034264,5.555848871337162,0.1,0.5,0.12,42,0,1,220,26.40000000000004,5.784943701714437,0.0,0.0
116,0.17563515968261778,damping=0.5,0.8858463518017877,24.58892235556649,0.37721778134091244,4.768363861241155,0.1,0.5,0.12,42,0,1,225,27.000000000000046,5.740996834166762,0.0,0.0
120,0.17115731227969974,damping=0.5,0.9041148209788809,23.962023719157962,0.351178100495079,4.013778310195479,0.1,0.5,0.12,42,0,1,230,27.60000000000005,5.444763597226989,0.0,0.0
120,0.16668730987069869,damping=0.5,0.9214412209312106,23.336223381897817,0.34711527692864996,3.2908129540313715,0.1,0.5,0.12,42,0,1,235,28.200000000000056,5.348528318114889,0.0,0.0
120,0.16161734772645395,damping=0.5,0.9368709391305977,22.62642868170355,0.3160340295339406,2.611855388659162,0.1,0.5,0.12,42,0,1,240,28.80000000000006,4.998848504594481,0.0,0.0
120,0.15642694550078062,damping=0.5,0.950721607835265,21.899772370109286,0.30206088567444317,1.9800454372410208,0.1,0.5,0.12,42,0,1,245,29.400000000000066,4.8099147293341975,0.0,0.0
117,0.1512535768823432,damping=0.5,0.9625958476097641,21.17550076352805,0.2647705298151081,1.408146521638283,0.1,0.5,0.12,42,0,1,250,30.00000000000007,4.3892185534871135,0.0,0.0
120,0.1467892105801953,damping=0.5,0.9725434048534397,20.550489481227345,0.23797374811614722,0.9024913475325662,0.1,0.5,0.12,42,0,1,255,30.600000000000076,4.056692164170223,0.0,0.0
120,0.14253554732615423,damping=0.5,0.9794735024106265,19.95497662566159,0.19083875595976488,0.4795022698402265,0.1,0.5,0.12,42,0,1,260,31.20000000000008,3.4881952005070516,0.0,0.0
120,0.13834552293913363,damping=0.5,0.9827412266503256,19.36837321147871,0.14197345644397008,0.4259250266463024,0.1,0.5,0.12,42,0,132,265,31.800000000000086,2.911773844205446,0.0,0.0
121,0.1345646757239654,damping=0.5,0.9822823505635359,18.83905460135516,0.07754951124801682,0.37526745587752885,0.1,0.5,0.12,42,0,132,270,32.40000000000008,2.1427597383263337,0.0,0.0
122,0.1308310552850208,damping=0.5,0.983203795435325,18.31634773990291,0.032558997787994245,0.3182279535128535,0.1,0.5,0.12,42,0,132,275,33.000000000000064,1.5256793876459387,0.0,0.0
122,0.1267600840928266,damping=0.5,0.9839453788201499,17.746411772995724,0.016854559147559695,0.26366475662688516,0.1,0.5,0.12,42,0,132,280,33.60000000000005,1.1353001759437864,0.0,0.0
119,0.12266879095665639,damping=0.5,0.984767972961014,17.173630733931894,0.01660398653487196,0.21660799221837534,0.1,0.5,0.12,42,0,132,285,34.20000000000004,0.9514311876781943,0.0,0.0
118,0.11896982983652418,damping=0.5,0.985831191829529,16.655776177113385,0.01661411889936418,0.17940053224285513,0.1,0.5,0.12,42,0,132,290,34.800000000000026,0.8403612921435297,0.0,0.0
118,0.11544463690057061,damping=0.5,0.9866337970180337,16.162249166079885,0.011631763497377925,0.15475204705678466,0.1,0.5,0.12,42,0,43,295,35.40000000000001,0.7361668391546851,0.0,0.0
118,0.11202629140968556,damping=0.5,0.9871716453158785,15.68368079735598,0.00965784177080087,0.14646860784135957,0.1,0.5,0.12,42,0,43,300,36.0,0.6074106193182776,0.0,0.0
1,0.35342714233082045,damping=0.5,0.009583643309435392,49.47979992631486,0.20890570979602727,49.211977827169704,0.1,0.5,0.12,42,1,1,5,0.6,1.68881944172465,0.0,0.0
3,0.35138251393390046,damping=0.5,0.02771046518205881,49.19355195074606,0.2981732132776403,48.39976931585485,0.1,0.5,0.12,42,1,1,10,1.2000000000000002,3.151069678957366,0.0,0.0
4,0.34926275398459333,damping=0.5,0.05053783515316792,48.89678555784307,0.3612328757971815,47.445695719572484,0.1,0.5,0.12,42,1,1,15,1.8000000000000007,4.472318652699408,0.0,0.0
4,0.34702880589274177,damping=0.5,0.07433131199792078,48.584032824983844,0.3761777302959257,46.42410979723518,0.1,0.5,0.12,42,1,1,20,2.4000000000000012,4.89499645396165,0.0,0.0
4,0.34467763237455307,damping=0.5,0.09819245202573244,48.25486853243743,0.40916613844694616,45.362265537018,0.1,0.5,0.12,42,1,1,25,3.0000000000000018,5.324420138850133,0.0,0.0
4,0.34194931540133994,damping=0.5,0.1205022349317269,47.872904156187595,0.40403653586018284,44.28485208595847,0.1,0.5,0.12,42,1,1,30,3.6000000000000023,5.477718215517666,0.0,0.0
5,0.33884454172018,damping=0.5,0.14151423014133346,47.43823584082521,0.42655396553500996,43.19437465692682,0.1,0.5,0.12,42,1,1,35,4.200000000000003,5.879674636958329,0.0,0.0
5,0.3355162175094282,damping=0.5,0.1616156283665932,46.97227045131995,0.4158611208576647,42.102538382036805,0.1,0.5,0.12,42,1,1,40,4.800000000000003,5.909978143436637,0.0,0.0
5,0.3324620607722982,damping=0.5,0.18318807164104597,46.544688508121745,0.435895008951216,41.00496929432301,0.1,0.5,0.12,42,1,1,45,5.400000000000004,6.147715880517558,0.0,0.0
5,0.3295971868041783,damping=0.5,0.20539881813704805,46.143606152584965,0.42321676678027564,39.91011392047814,0.1,0.5,0.12,42,1,1,50,6.000000000000004,6.057592320085273,0.0,0.0
5,0.32662496918917394,damping=0.5,0.22724404192058134,45.72749568648435,0.4421837188806486,38.81197982885342,0.1,0.5,0.12,42,1,1,55,6.600000000000005,6.27667420509961,0.0,0.0
7,0.3235535377718313,damping=0.5,0.2485851200960528,45.29749528805638,0.42859739565575045,37.718241226272326,0.1,0.5,0.12,42,1,1,60,7.2000000000000055,6.2030296313950055,0.0,0.0
10,0.31997062264739734,damping=0.5,0.268182969785146,44.79588717063563,0.4472991415464209,36.62226053873751,0.1,0.5,0.12,42,1,1,65,7.800000000000006,6.392645186100314,0.0,0.0
12,0.3159658204718327,damping=0.5,0.2862536956047107,44.23521486605658,0.43318127256386363,35.531484757244215,0.1,0.5,0.12,42,1,1,70,8.400000000000004,6.302735641728222,0.0,0.0
15,0.3117747203972442,damping=0.5,0.30397117345329233,43.64846085561419,0.4516699734303261,34.43907967183293,0.1,0.5,0.12,42,1,1,75,9.0,6.518539472593435,0.0,0.0
20,0.3080127584745548,damping=0.5,0.3233642593480384,43.12178618643767,0.4371129655486262,33.352479962789104,0.1,0.5,0.12,42,1,1,80,9.599999999999996,6.442223458326963,0.0,0.0
21,0.30454194394757167,damping=0.5,0.344002844295055,42.635872152660035,0.4554301612563937,32.264754891360475,0.1,0.5,0.12,42,1,1,85,10.199999999999992,6.597348874981269,0.0,0.0
27,0.30098503141935834,damping=0.5,0.3642937363152339,42.13790439871017,0.4403968407782729,31.18345495032431,0.1,0.5,0.12,42,1,1,90,10.799999999999988,6.47078657139015,0.0,0.0
30,0.29734857481496835,damping=0.5,0.38452581163947847,41.62880047409557,0.45838823574299725,30.101702523487376,0.1,0.5,0.12,42,1,1,95,11.399999999999984,6.641700140504007,0.0,0.0
38,0.29315711028101893,damping=0.5,0.4030089564631391,41.04199543934265,0.4428850992237937,29.027133257022058,0.1,0.5,0.12,42,1,1,100,11.99999999999998,6.512024681206665,0.0,0.0
41,0.2885287662833873,damping=0.5,0.420441819956591,40.39402727967422,0.4605909420866357,27.952812341346707,0.1,0.5,0.12,42,1,1,105,12.599999999999977,6.689477430438386,0.0,0.0
53,0.28375420324923445,damping=0.5,0.43756277449632064,39.72558845489282,0.44469764788697985,26.88637126400382,0.1,0.5,0.12,42,1,1,110,13.199999999999973,6.5803214268405945,0.0,0.0
65,0.2794809571956649,damping=0.5,0.4566298427368104,39.12733400739309,0.46209667991272685,25.820839389787047,0.1,0.5,0.12,42,1,1,115,13.799999999999969,6.765830945342046,0.0,0.0
76,0.27555007273150967,damping=0.5,0.4767743205146451,38.57701018241136,0.4457738731387253,24.76391117963922,0.1,0.5,0.12,42,1,1,120,14.399999999999965,6.607712297846395,0.0,0.0
84,0.2715506099323868,damping=0.5,0.4969462686896974,38.01708539053415,0.46268699186728046,23.708708753768168,0.1,0.5,0.12,42,1,1,125,14.999999999999961,6.750058271197235,0.0,0.0
89,0.2674908619595367,damping=0.5,0.5169572066752648,37.448720674335135,0.4458455818312632,22.663042941183445,0.1,0.5,0.12,42,1,1,130,15.599999999999957,6.60272957645589,0.0,0.0
94,0.26286302547417434,damping=0.5,0.5357003829723866,36.80082356638441,0.46219951338633414,21.620091985798993,0.1,0.5,0.12,42,1,1,135,16.199999999999957,6.743168658237972,0.0,0.0
98,0.2578143126019041,damping=0.5,0.5534253152486561,36.094003764266574,0.44490822766467253,20.5876552392482,0.1,0.5,0.12,42,1,1,140,16.79999999999996,6.599161914458797,0.0,0.0
98,0.25264180078916104,damping=0.5,0.5712138463095201,35.36985211048255,0.4606838821801646,19.558934777254933,0.1,0.5,0.12,42,1,1,145,17.399999999999967,6.758642737506124,0.0,0.0
98,0.2480131217069257,damping=0.5,0.5905923877684058,34.721837038969596,0.4429540230573267,18.541722081041137,0.1,0.5,0.12,42,1,1,150,17.99999999999997,6.624090053623628,0.0,0.0
99,0.2437537939962823,damping=0.5,0.6111825635208741,34.12553115947952,0.45799891791923425,17.52933786362999,0.1,0.5,0.12,42,1,1,155,18.599999999999977,6.733049740539006,0.0,0.0
104,0.23944573655268675,damping=0.5,0.6316280401138629,33.52240311737614,0.4396968241601425,16.529668536943255,0.1,0.5,0.12,42,1,1,160,19.19999999999998,6.553799557077872,0.0,0.0
106,0.23509539401839744,damping=0.5,0.6521816462726757,32.91335516257564,0.45376011586848897,15.536262613302931,0.1,0.5,0.12,42,1,1,165,19.799999999999986,6.666408306370936,0.0,0.0
106,0.23001040523137262,damping=0.5,0.6710990233287507,32.20145673239217,0.4348566010728621,14.557037072365087,0.1,0.5,0.12,42,1,1,170,20.39999999999999,6.486300535145671,0.0,0.0
106,0.2246932816139121,damping=0.5,0.6898182334824655,31.457059425947694,0.4478472490485301,13.58570230803301,0.1,0.5,0.12,42,1,1,175,20.999999999999996,6.602541023329667,0.0,0.0
107,0.2192818557071754,damping=0.5,0.7084348700802102,30.699459799004554,0.428352600290585,12.63014406621664,0.1,0.5,0.12,42,1,1,180,21.6,6.435458095738995,0.0,0.0
107,0.21444115926202847,damping=0.5,0.7285581759270708,30.02176229668399,0.44006461895734766,11.68431863390844,0.1,0.5,0.12,42,1,1,185,22.200000000000006,6.545052836174858,0.0,0.0
107,0.20999521503842447,damping=0.5,0.7493774351849078,29.399330105379427,0.41982639056584303,10.75617564026849,0.1,0.5,0.12,42,1,1,190,22.80000000000001,6.329836682555026,0.0,0.0
109,0.20551962256517778,damping=0.5,0.7701642157682906,28.77274715912489,0.4298307723881933,9.840115593307909,0.1,0.5,0.12,42,1,1,195,23.400000000000016,6.384942709246277,0.0,0.0
110,0.20102326821420197,damping=0.5,0.7906727573490556,28.143257549988274,0.4086189530564078,8.944229763699438,0.1,0.5,0.12,42,1,1,200,24.00000000000002,6.167372139751553,0.0,0.0
114,0.19582636128409994,damping=0.5,0.8100079792844904,27.415690579773994,0.41650134885793555,8.06343907174746,0.1,0.5,0.12,42,1,1,205,24.600000000000026,6.207606212227718,0.0,0.0
114,0.19043770263614893,damping=0.5,0.8288340979489123,26.66127836906085,0.3941675322982102,7.205918780393985,0.1,0.5,0.12,42,1,1,210,25.20000000000003,5.98678724974074,0.0,0.0
114,0.18498749063737252,damping=0.5,0.8475253109791203,25.898248689232155,0.3994052379468149,6.367255205889414,0.1,0.5,0.12,42,1,1,215,25.800000000000036,6.017967194424786,0.0,0.0
115,0.18011260386127165,damping=0.5,0.8666650500269806,25.215764540578032,0.37559155434034264,5.555848871337162,0.1,0.5,0.12,42,1,1,220,26.40000000000004,5.784943701714437,0.0,0.0
116,0.17563515968261778,damping=0.5,0.8858463518017877,24.58892235556649,0.37721778134091244,4.768363861241155,0.1,0.5,0.12,42,1,1,225,27.000000000000046,5.740996834166762,0.0,0.0
120,0.17115731227969974,damping=0.5,0.9041148209788809,23.962023719157962,0.351178100495079,4.013778310195479,0.1,0.5,0.12,42,1,1,230,27.60000000000005,5.444763597226989,0.0,0.0
120,0.16668730987069869,damping=0.5,0.9214412209312106,23.336223381897817,0.34711527692864996,3.2908129540313715,0.1,0.5,0.12,42,1,1,235,28.200000000000056,5.348528318114889,0.0,0.0
120,0.16161734772645395,damping=0.5,0.9368709391305977,22.62642868170355,0.3160340295339406,2.611855388659162,0.1,0.5,0.12,42,1,1,240,28.80000000000006,4.998848504594481,0.0,0.0
120,0.15642694550078062,damping=0.5,0.950721607835265,21.899772370109286,0.30206088567444317,1.9800454372410208,0.1,0.5,0.12,42,1,1,245,29.400000000000066,4.8099147293341975,0.0,0.0
117,0.1512535768823432,damping=0.5,0.9625958476097641,21.17550076352805,0.2647705298151081,1.408146521638283,0.1,0.5,0.12,42,1,1,250,30.00000000000007,4.3892185534871135,0.0,0.0
120,0.1467892105801953,damping=0.5,0.9725434048534397,20.550489481227345,0.23797374811614722,0.9024913475325662,0.1,0.5,0.12,42,1,1,255,30.600000000000076,4.056692164170223,0.0,0.0
120,0.14253554732615423,damping=0.5,0.9794735024106265,19.95497662566159,0.19083875595976488,0.4795022698402265,0.1,0.5,0.12,42,1,1,260,31.20000000000008,3.4881952005070516,0.0,0.0
120,0.13834552293913363,damping=0.5,0.9827412266503256,19.36837321147871,0.14197345644397008,0.4259250266463024,0.1,0.5,0.12,42,1,132,265,31.800000000000086,2.911773844205446,0.0,0.0
121,0.1345646757239654,damping=0.5,0.9822823505635359,18.83905460135516,0.07754951124801682,0.37526745587752885,0.1,0.5,0.12,42,1,132,270,32.40000000000008,2.1427597383263337,0.0,0.0
122,0.1308310552850208,damping=0.5,0.983203795435325,18.31634773990291,0.032558997787994245,0.3182279535128535,0.1,0.5,0.12,42,1,132,275,33.000000000000064,1.5256793876459387,0.0,0.0
122,0.1267600840928266,damping=0.5,0.9839453788201499,17.746411772995724,0.016854559147559695,0.26366475662688516,0.1,0.5,0.12,42,1,132,280,33.60000000000005,1.1353001759437864,0.0,0.0
119,0.12266879095665639,damping=0.5,0.984767972961014,17.173630733931894,0.01660398653487196,0.21660799221837534,0.1,0.5,0.12,42,1,132,285,34.20000000000004,0.9514311876781943,0.0,0.0
118,0.11896982983652418,damping=0.5,0.985831191829529,16.655776177113385,0.01661411889936418,0.17940053224285513,0.1,0.5,0.12,42,1,132,290,34.800000000000026,0.8403612921435297,0.0,0.0
118,0.11544463690057061,damping=0.5,0.9866337970180337,16.162249166079885,0.011631763497377925,0.15475204705678466,0.1,0.5,0.12,42,1,43,295,35.40000000000001,0.7361668391546851,0.0,0.0
118,0.11202629140968556,damping=0.5,0.9871716453158785,15.68368079735598,0.00965784177080087,0.14646860784135957,0.1,0.5,0.12,42,1,43,300,36.0,0.6074106193182776,0.0,0.0
1,0.35342714233082045,damping=0.5,0.009583643309435392,49.47979992631486,0.20890570979602727,49.211977827169704,0.1,0.5,0.12,42,2,1,5,0.6,1.68881944172465,0.0,0.0
3,0.35138251393390046,damping=0.5,0.02771046518205881,49.19355195074606,0.2981732132776403,48.39976931585485,0.1,0.5,0.12,42,2,1,10,1.2000000000000002,3.151069678957366,0.0,0.0
4,0.34926275398459333,damping=0.5,0.05053783515316792,48.89678555784307,0.3612328757971815,47.445695719572484,0.1,0.5,0.12,42,2,1,15,1.8000000000000007,4.472318652699408,0.0,0.0
4,0.34702880589274177,damping=0.5,0.07433131199792078,48.584032824983844,0.3761777302959257,46.42410979723518,0.1,0.5,0.12,42,2,1,20,2.4000000000000012,4.89499645396165,0.0,0.0
4,0.34467763237455307,damping=0.5,0.09819245202573244,48.25486853243743,0.40916613844694616,45.362265537018,0.1,0.5,0.12,42,2,1,25,3.0000000000000018,5.324420138850133,0.0,0.0
4,0.34194931540133994,damping=0.5,0.1205022349317269,47.872904156187595,0.40403653586018284,44.28485208595847,0.1,0.5,0.12,42,2,1,30,3.6000000000000023,5.477718215517666,0.0,0.0
5,0.33884454172018,damping=0.5,0.14151423014133346,47.43823584082521,0.42655396553500996,43.19437465692682,0.1,0.5,0.12,42,2,1,35,4.200000000000003,5.879674636958329,0.0,0.0
5,0.3355162175094282,damping=0.5,0.1616156283665932,46.97227045131995,0.4158611208576647,42.102538382036805,0.1,0.5,0.12,42,2,1,40,4.800000000000003,5.909978143436637,0.0,0.0
5,0.3324620607722982,damping=0.5,0.18318807164104597,46.544688508121745,0.435895008951216,41.00496929432301,0.1,0.5,0.12,42,2,1,45,5.400000000000004,6.147715880517558,0.0,0.0
5,0.3295971868041783,damping=0.5,0.20539881813704805,46.143606152584965,0.42321676678027564,39.91011392047814,0.1,0.5,0.12,42,2,1,50,6.000000000000004,6.057592320085273,0.0,0.0
5,0.32662496918917394,damping=0.5,0.22724404192058134,45.72749568648435,0.4421837188806486,38.81197982885342,0.1,0.5,0.12,42,2,1,55,6.600000000000005,6.27667420509961,0.0,0.0
7,0.3235535377718313,damping=0.5,0.2485851200960528,45.29749528805638,0.42859739565575045,37.718241226272326,0.1,0.5,0.12,42,2,1,60,7.2000000000000055,6.2030296313950055,0.0,0.0
10,0.31997062264739734,damping=0.5,0.268182969785146,44.79588717063563,0.4472991415464209,36.62226053873751,0.1,0.5,0.12,42,2,1,65,7.800000000000006,6.392645186100314,0.0,0.0
12,0.3159658204718327,damping=0.5,0.2862536956047107,44.23521486605658,0.43318127256386363,35.531484757244215,0.1,0.5,0.12,42,2,1,70,8.400000000000004,6.302735641728222,0.0,0.0
15,0.3117747203972442,damping=0.5,0.30397117345329233,43.64846085561419,0.4516699734303261,34.43907967183293,0.1,0.5,0.12,42,2,1,75,9.0,6.518539472593435,0.0,0.0
20,0.3080127584745548,damping=0.5,0.3233642593480384,43.12178618643767,0.4371129655486262,33.352479962789104,0.1,0.5,0.12,42,2,1,80,9.599999999999996,6.442223458326963,0.0,0.0
21,0.30454194394757167,damping=0.5,0.344002844295055,42.635872152660035,0.4554301612563937,32.264754891360475,0.1,0.5,0.12,42,2,1,85,10.199999999999992,6.597348874981269,0.0,0.0
27,0.30098503141935834,damping=0.5,0.3642937363152339,42.13790439871017,0.4403968407782729,31.18345495032431,0.1,0.5,0.12,42,2,1,90,10.799999999999988,6.47078657139015,0.0,0.0
30,0.29734857481496835,damping=0.5,0.38452581163947847,41.62880047409557,0.45838823574299725,30.101702523487376,0.1,0.5,0.12,42,2,1,95,11.399999999999984,6.641700140504007,0.0,0.0
38,0.29315711028101893,damping=0.5,0.4030089564631391,41.04199543934265,0.4428850992237937,29.027133257022058,0.1,0.5,0.12,42,2,1,100,11.99999999999998,6.512024681206665,0.0,0.0
41,0.2885287662833873,damping=0.5,0.420441819956591,40.39402727967422,0.4605909420866357,27.952812341346707,0.1,0.5,0.12,42,2,1,105,12.599999999999977,6.689477430438386,0.0,0.0
53,0.28375420324923445,damping=0.5,0.43756277449632064,39.72558845489282,0.44469764788697985,26.88637126400382,0.1,0.5,0.12,42,2,1,110,13.199999999999973,6.5803214268405945,0.0,0.0
65,0.2794809571956649,damping=0.5,0.4566298427368104,39.12733400739309,0.46209667991272685,25.820839389787047,0.1,0.5,0.12,42,2,1,115,13.799999999999969,6.765830945342046,0.0,0.0
76,0.27555007273150967,damping=0.5,0.4767743205146451,38.57701018241136,0.4457738731387253,24.76391117963922,0.1,0.5,0.12,42,2,1,120,14.399999999999965,6.607712297846395,0.0,0.0
84,0.2715506099323868,damping=0.5,0.4969462686896974,38.01708539053415,0.46268699186728046,23.708708753768168,0.1,0.5,0.12,42,2,1,125,14.999999999999961,6.750058271197235,0.0,0.0
89,0.2674908619595367,damping=0.5,0.5169572066752648,37.448720674335135,0.4458455818312632,22.663042941183445,0.1,0.5,0.12,42,2,1,130,15.599999999999957,6.60272957645589,0.0,0.0
94,0.26286302547417434,damping=0.5,0.5357003829723866,36.80082356638441,0.46219951338633414,21.620091985798993,0.1,0.5,0.12,42,2,1,135,16.199999999999957,6.743168658237972,0.0,0.0
98,0.2578143126019041,damping=0.5,0.5534253152486561,36.094003764266574,0.44490822766467253,20.5876552392482,0.1,0.5,0.12,42,2,1,140,16.79999999999996,6.599161914458797,0.0,0.0
98,0.25264180078916104,damping=0.5,0.5712138463095201,35.36985211048255,0.4606838821801646,19.558934777254933,0.1,0.5,0.12,42,2,1,145,17.399999999999967,6.758642737506124,0.0,0.0
98,0.2480131217069257,damping=0.5,0.5905923877684058,34.721837038969596,0.4429540230573267,18.541722081041137,0.1,0.5,0.12,42,2,1,150,17.99999999999997,6.624090053623628,0.0,0.0
99,0.2437537939962823,damping=0.5,0.6111825635208741,34.12553115947952,0.45799891791923425,17.52933786362999,0.1,0.5,0.12,42,2,1,155,18.599999999999977,6.733049740539006,0.0,0.0
104,0.23944573655268675,damping=0.5,0.6316280401138629,33.52240311737614,0.4396968241601425,16.529668536943255,0.1,0.5,0.12,42,2,1,160,19.19999999999998,6.553799557077872,0.0,0.0
106,0.23509539401839744,damping=0.5,0.6521816462726757,32.91335516257564,0.45376011586848897,15.536262613302931,0.1,0.5,0.12,42,2,1,165,19.799999999999986,6.666408306370936,0.0,0.0
106,0.23001040523137262,damping=0.5,0.6710990233287507,32.20145673239217,0.4348566010728621,14.557037072365087,0.1,0.5,0.12,42,2,1,170,20.39999999999999,6.486300535145671,0.0,0.0
106,0.2246932816139121,damping=0.5,0.6898182334824655,31.457059425947694,0.4478472490485301,13.58570230803301,0.1,0.5,0.12,42,2,1,175,20.999999999999996,6.602541023329667,0.0,0.0
107,0.2192818557071754,damping=0.5,0.7084348700802102,30.699459799004554,0.428352600290585,12.63014406621664,0.1,0.5,0.12,42,2,1,180,21.6,6.435458095738995,0.0,0.0
107,0.21444115926202847,damping=0.5,0.7285581759270708,30.02176229668399,0.44006461895734766,11.68431863390844,0.1,0.5,0.12,42,2,1,185,22.200000000000006,6.545052836174858,0.0,0.0
107,0.20999521503842447,damping=0.5,0.7493774351849078,29.399330105379427,0.41982639056584303,10.75617564026849,0.1,0.5,0.12,42,2,1,190,22.80000000000001,6.329836682555026,0.0,0.0
109,0.20551962256517778,damping=0.5,0.7701642157682906,28.77274715912489,0.4298307723881933,9.840115593307909,0.1,0.5,0.12,42,2,1,195,23.400000000000016,6.384942709246277,0.0,0.0
110,0.20102326821420197,damping=0.5,0.7906727573490556,28.143257549988274,0.4086189530564078,8.944229763699438,0.1,0.5,0.12,42,2,1,200,24.00000000000002,6.167372139751553,0.0,0.0
114,0.19582636128409994,damping=0.5,0.8100079792844904,27.415690579773994,0.41650134885793555,8.06343907174746,0.1,0.5,0.12,42,2,1,205,24.600000000000026,6.207606212227718,0.0,0.0
114,0.19043770263614893,damping=0.5,0.8288340979489123,26.66127836906085,0.3941675322982102,7.205918780393985,0.1,0.5,0.12,42,2,1,210,25.20000000000003,5.98678724974074,0.0,0.0
114,0.18498749063737252,damping=0.5,0.8475253109791203,25.898248689232155,0.3994052379468149,6.367255205889414,0.1,0.5,0.12,42,2,1,215,25.800000000000036,6.017967194424786,0.0,0.0
115,0.18011260386127165,damping=0.5,0.8666650500269806,25.215764540578032,0.37559155434034264,5.555848871337162,0.1,0.5,0.12,42,2,1,220,26.40000000000004,5.784943701714437,0.0,0.0
116,0.17563515968261778,damping=0.5,0.8858463518017877,24.58892235556649,0.37721778134091244,4.768363861241155,0.1,0.5,0.12,42,2,1,225,27.000000000000046,5.740996834166762,0.0,0.0
120,0.17115731227969974,damping=0.5,0.9041148209788809,23.962023719157962,0.351178100495079,4.013778310195479,0.1,0.5,0.12,42,2,1,230,27.60000000000005,5.444763597226989,0.0,0.0
120,0.16668730987069869,damping=0.5,0.9214412209312106,23.336223381897817,0.34711527692864996,3.2908129540313715,0.1,0.5,0.12,42,2,1,235,28.200000000000056,5.348528318114889,0.0,0.0
120,0.16161734772645395,damping=0.5,0.9368709391305977,22.62642868170355,0.3160340295339406,2.611855388659162,0.1,0.5,0.12,42,2,1,240,28.80000000000006,4.998848504594481,0.0,0.0
120,0.15642694550078062,damping=0.5,0.950721607835265,21.899772370109286,0.30206088567444317,1.9800454372410208,0.1,0.5,0.12,42,2,1,245,29.400000000000066,4.8099147293341975,0.0,0.0
117,0.1512535768823432,damping=0.5,0.9625958476097641,21.17550076352805,0.2647705298151081,1.408146521638283,0.1,0.5,0.12,42,2,1,250,30.00000000000007,4.3892185534871135,0.0,0.0
120,0.1467892105801953,damping=0.5,0.9725434048534397,20.550489481227345,0.23797374811614722,0.9024913475325662,0.1,0.5,0.12,42,2,1,255,30.600000000000076,4.056692164170223,0.0,0.0
120,0.14253554732615423,damping=0.5,0.9794735024106265,19.95497662566159,0.19083875595976488,0.4795022698402265,0.1,0.5,0.12,42,2,1,260,31.20000000000008,3.4881952005070516,0.0,0.0
120,0.13834552293913363,damping=0.5,0.9827412266503256,19.36837321147871,0.14197345644397008,0.4259250266463024,0.1,0.5,0.12,42,2,132,265,31.800000000000086,2.911773844205446,0.0,0.0
121,0.1345646757239654,damping=0.5,0.9822823505635359,18.83905460135516,0.07754951124801682,0.37526745587752885,0.1,0.5,0.12,42,2,132,270,32.40000000000008,2.1427597383263337,0.0,0.0
122,0.1308310552850208,damping=0.5,0.983203795435325,18.31634773990291,0.032558997787994245,0.3182279535128535,0.1,0.5,0.12,42,2,132,275,33.000000000000064,1.5256793876459387,0.0,0.0
122,0.1267600840928266,damping=0.5,0.9839453788201499,17.746411772995724,0.016854559147559695,0.26366475662688516,0.1,0.5,0.12,42,2,132,280,33.60000000000005,1.1353001759437864,0.0,0.0
119,0.12266879095665639,damping=0.5,0.984767972961014,17.173630733931894,0.01660398653487196,0.21660799221837534,0.1,0.5,0.12,42,2,132,285,34.20000000000004,0.9514311876781943,0.0,0.0
118,0.11896982983652418,damping=0.5,0.985831191829529,16.655776177113385,0.01661411889936418,0.17940053224285513,0.1,0.5,0.12,42,2,132,290,34.800000000000026,0.8403612921435297,0.0,0.0
118,0.11544463690057061,damping=0.5,0.9866337970180337,16.162249166079885,0.011631763497377925,0.15475204705678466,0.1,0.5,0.12,42,2,43,295,35.40000000000001,0.7361668391546851,0.0,0.0
118,0.11202629140968556,damping=0.5,0.9871716453158785,15.68368079735598,0.00965784177080087,0.14646860784135957,0.1,0.5,0.12,42,2,43,300,36.0,0.6074106193182776,0.0,0.0
1,0.35342714233082045,damping=0.5,0.009583643309435392,49.47979992631486,0.20890570979602727,49.211977827169704,0.1,0.5,0.12,42,3,1,5,0.6,1.68881944172465,0.0,0.0
3,0.35138251393390046,damping=0.5,0.02771046518205881,49.19355195074606,0.2981732132776403,48.39976931585485,0.1,0.5,0.12,42,3,1,10,1.2000000000000002,3.151069678957366,0.0,0.0
4,0.34926275398459333,damping=0.5,0.05053783515316792,48.89678555784307,0.3612328757971815,47.445695719572484,0.1,0.5,0.12,42,3,1,15,1.8000000000000007,4.472318652699408,0.0,0.0
4,0.34702880589274177,damping=0.5,0.07433131199792078,48.584032824983844,0.3761777302959257,46.42410979723518,0.1,0.5,0.12,42,3,1,20,2.4000000000000012,4.89499645396165,0.0,0.0
4,0.34467763237455307,damping=0.5,0.09819245202573244,48.25486853243743,0.40916613844694616,45.362265537018,0.1,0.5,0.12,42,3,1,25,3.0000000000000018,5.324420138850133,0.0,0.0
4,0.34194931540133994,damping=0.5,0.1205022349317269,47.872904156187595,0.40403653586018284,44.28485208595847,0.1,0.5,0.12,42,3,1,30,3.6000000000000023,5.477718215517666,0.0,0.0
5,0.33884454172018,damping=0.5,0.14151423014133346,47.43823584082521,0.42655396553500996,43.19437465692682,0.1,0.5,0.12,42,3,1,35,4.200000000000003,5.879674636958329,0.0,0.0
5,0.3355162175094282,damping=0.5,0.1616156283665932,46.97227045131995,0.4158611208576647,42.102538382036805,0.1,0.5,0.12,42,3,1,40,4.800000000000003,5.909978143436637,0.0,0.0
5,0.3324620607722982,damping=0.5,0.18318807164104597,46.544688508121745,0.435895008951216,41.00496929432301,0.1,0.5,0.12,42,3,1,45,5.400000000000004,6.147715880517558,0.0,0.0
5,0.3295971868041783,damping=0.5,0.20539881813704805,46.143606152584965,0.42321676678027564,39.91011392047814,0.1,0.5,0.12,42,3,1,50,6.000000000000004,6.057592320085273,0.0,0.0
5,0.32662496918917394,damping=0.5,0.22724404192058134,45.72749568648435,0.4421837188806486,38.81197982885342,0.1,0.5,0.12,42,3,1,55,6.600000000000005,6.27667420509961,0.0,0.0
7,0.3235535377718313,damping=0.5,0.2485851200960528,45.29749528805638,0.42859739565575045,37.718241226272326,0.1,0.5,0.12,42,3,1,60,7.2000000000000055,6.2030296313950055,0.0,0.0
10,0.31997062264739734,damping=0.5,0.268182969785146,44.79588717063563,0.4472991415464209,36.62226053873751,0.1,0.5,0.12,42,3,1,65,7.800000000000006,6.392645186100314,0.0,0.0
12,0.3159658204718327,damping=0.5,0.2862536956047107,44.23521486605658,0.43318127256386363,35.531484757244215,0.1,0.5,0.12,42,3,1,70,8.400000000000004,6.302735641728222,0.0,0.0
15,0.3117747203972442,damping=0.5,0.30397117345329233,43.64846085561419,0.4516699734303261,34.43907967183293,0.1,0.5,0.12,42,3,1,75,9.0,6.518539472593435,0.0,0.0
20,0.3080127584745548,damping=0.5,0.3233642593480384,43.12178618643767,0.4371129655486262,33.352479962789104,0.1,0.5,0.12,42,3,1,80,9.599999999999996,6.442223458326963,0.0,0.0
21,0.30454194394757167,damping=0.5,0.344002844295055,42.635872152660035,0.4554301612563937,32.264754891360475,0.1,0.5,0.12,42,3,1,85,10.199999999999992,6.597348874981269,0.0,0.0
27,0.30098503141935834,damping=0.5,0.3642937363152339,42.13790439871017,0.4403968407782729,31.18345495032431,0.1,0.5,0.12,42,3,1,90,10.799999999999988,6.47078657139015,0.0,0.0
30,0.29734857481496835,damping=0.5,0.38452581163947847,41.62880047409557,0.45838823574299725,30.101702523487376,0.1,0.5,0.12,42,3,1,95,11.399999999999984,6.641700140504007,0.0,0.0
38,0.29315711028101893,damping=0.5,0.4030089564631391,41.04199543934265,0.4428850992237937,29.027133257022058,0.1,0.5,0.12,42,3,1,100,11.99999999999998,6.512024681206665,0.0,0.0
41,0.2885287662833873,damping=0.5,0.420441819956591,40.39402727967422,0.4605909420866357,27.952812341346707,0.1,0.5,0.12,42,3,1,105,12.599999999999977,6.689477430438386,0.0,0.0
53,0.28375420324923445,damping=0.5,0.43756277449632064,39.72558845489282,0.44469764788697985,26.88637126400382,0.1,0.5,0.12,42,3,1,110,13.199999999999973,6.5803214268405945,0.0,0.0
65,0.2794809571956649,damping=0.5,0.4566298427368104,39.12733400739309,0.46209667991272685,25.820839389787047,0.1,0.5,0.12,42,3,1,115,13.799999999999969,6.765830945342046,0.0,0.0
76,0.27555007273150967,damping=0.5,0.4767743205146451,38.57701018241136,0.4457738731387253,24.76391117963922,0.1,0.5,0.12,42,3,1,120,14.399999999999965,6.607712297846395,0.0,0.0
84,0.2715506099323868,damping=0.5,0.4969462686896974,38.01708539053415,0.46268699186728046,23.708708753768168,0.1,0.5,0.12,42,3,1,125,14.999999999999961,6.750058271197235,0.0,0.0
89,0.2674908619595367,damping=0.5,0.5169572066752648,37.448720674335135,0.4458455818312632,22.663042941183445,0.1,0.5,0.12,42,3,1,130,15.599999999999957,6.60272957645589,0.0,0.0
94,0.26286302547417434,damping=0.5,0.5357003829723866,36.80082356638441,0.46219951338633414,21.620091985798993,0.1,0.5,0.12,42,3,1,135,16.199999999999957,6.743168658237972,0.0,0.0
98,0.2578143126019041,damping=0.5,0.5534253152486561,36.094003764266574,0.44490822766467253,20.5876552392482,0.1,0.5,0.12,42,3,1,140,16.79999999999996,6.599161914458797,0.0,0.0
98,0.25264180078916104,damping=0.5,0.5712138463095201,35.36985211048255,0.4606838821801646,19.558934777254933,0.1,0.5,0.12,42,3,1,145,17.399999999999967,6.758642737506124,0.0,0.0
98,0.2480131217069257,damping=0.5,0.5905923877684058,34.721837038969596,0.4429540230573267,18.541722081041137,0.1,0.5,0.12,42,3,1,150,17.99999999999997,6.624090053623628,0.0,0.0
99,0.2437537939962823,damping=0.5,0.6111825635208741,34.12553115947952,0.45799891791923425,17.52933786362999,0.1,0.5,0.12,42,3,1,155,18.599999999999977,6.733049740539006,0.0,0.0
104,0.23944573655268675,damping=0.5,0.6316280401138629,33.52240311737614,0.4396968241601425,16.529668536943255,0.1,0.5,0.12,42,3,1,160,19.19999999999998,6.553799557077872,0.0,0.0
106,0.23509539401839744,damping=0.5,0.6521816462726757,32.91335516257564,0.45376011586848897,15.536262613302931,0.1,0.5,0.12,42,3,1,165,19.799999999999986,6.666408306370936,0.0,0.0
106,0.23001040523137262,damping=0.5,0.6710990233287507,32.20145673239217,0.4348566010728621,14.557037072365087,0.1,0.5,0.12,42,3,1,170,20.39999999999999,6.486300535145671,0.0,0.0
106,0.2246932816139121,damping=0.5,0.6898182334824655,31.457059425947694,0.4478472490485301,13.58570230803301,0.1,0.5,0.12,42,3,1,175,20.999999999999996,6.602541023329667,0.0,0.0
107,0.2192818557071754,damping=0.5,0.7084348700802102,30.699459799004554,0.428352600290585,12.63014406621664,0.1,0.5,0.12,42,3,1,180,21.6,6.435458095738995,0.0,0.0
107,0.21444115926202847,damping=0.5,0.7285581759270708,30.02176229668399,0.44006461895734766,11.68431863390844,0.1,0.5,0.12,42,3,1,185,22.200000000000006,6.545052836174858,0.0,0.0
107,0.20999521503842447,damping=0.5,0.7493774351849078,29.399330105379427,0.41982639056584303,10.75617564026849,0.1,0.5,0.12,42,3,1,190,22.80000000000001,6.329836682555026,0.0,0.0
109,0.20551962256517778,damping=0.5,0.7701642157682906,28.77274715912489,0.4298307723881933,9.840115593307909,0.1,0.5,0.12,42,3,1,195,23.400000000000016,6.384942709246277,0.0,0.0
110,0.20102326821420197,damping=0.5,0.7906727573490556,28.143257549988274,0.4086189530564078,8.944229763699438,0.1,0.5,0.12,42,3,1,200,24.00000000000002,6.167372139751553,0.0,0.0
114,0.19582636128409994,damping=0.5,0.8100079792844904,27.415690579773994,0.41650134885793555,8.06343907174746,0.1,0.5,0.12,42,3,1,205,24.600000000000026,6.207606212227718,0.0,0.0
114,0.19043770263614893,damping=0.5,0.8288340979489123,26.66127836906085,0.3941675322982102,7.205918780393985,0.1,0.5,0.12,42,3,1,210,25.20000000000003,5.98678724974074,0.0,0.0
114,0.18498749063737252,damping=0.5,0.8475253109791203,25.898248689232155,0.3994052379468149,6.367255205889414,0.1,0.5,0.12,42,3,1,215,25.800000000000036,6.017967194424786,0.0,0.0
115,0.18011260386127165,damping=0.5,0.8666650500269806,25.215764540578032,0.37559155434034264,5.555848871337162,0.1,0.5,0.12,42,3,1,220,26.40000000000004,5.784943701714437,0.0,0.0
116,0.17563515968261778,damping=0.5,0.8858463518017877,24.58892235556649,0.37721778134091244,4.768363861241155,0.1,0.5,0.12,42,3,1,225,27.000000000000046,5.740996834166762,0.0,0.0
120,0.17115731227969974,damping=0.5,0.9041148209788809,23.962023719157962,0.351178100495079,4.013778310195479,0.1,0.5,0.12,42,3,1,230,27.60000000000005,5.444763597226989,0.0,0.0
120,0.16668730987069869,damping=0.5,0.9214412209312106,23.336223381897817,0.34711527692864996,3.2908129540313715,0.1,0.5,0.12,42,3,1,235,28.200000000000056,5.348528318114889,0.0,0.0
120,0.16161734772645395,damping=0.5,0.9368709391305977,22.62642868170355,0.3160340295339406,2.611855388659162,0.1,0.5,0.12,42,3,1,240,28.80000000000006,4.998848504594481,0.0,0.0
120,0.15642694550078062,damping=0.5,0.950721607835265,21.899772370109286,0.30206088567444317,1.9800454372410208,0.1,0.5,0.12,42,3,1,245,29.400000000000066,4.8099147293341975,0.0,0.0
117,0.1512535768823432,damping=0.5,0.9625958476097641,21.17550076352805,0.2647705298151081,1.408146521638283,0.1,0.5,0.12,42,3,1,250,30.00000000000007,4.3892185534871135,0.0,0.0
120,0.1467892105801953,damping=0.5,0.9725434048534397,20.550489481227345,0.23797374811614722,0.9024913475325662,0.1,0.5,0.12,42,3,1,255,30.600000000000076,4.056692164170223,0.0,0.0
120,0.14253554732615423,damping=0.5,0.9794735024106265,19.95497662566159,0.19083875595976488,0.4795022698402265,0.1,0.5,0.12,42,3,1,260,31.20000000000008,3.4881952005070516,0.0,0.0
120,0.13834552293913363,damping=0.5,0.9827412266503256,19.36837321147871,0.14197345644397008,0.4259250266463024,0.1,0.5,0.12,42,3,132,265,31.800000000000086,2.911773844205446,0.0,0.0
121,0.1345646757239654,damping=0.5,0.9822823505635359,18.83905460135516,0.07754951124801682,0.37526745587752885,0.1,0.5,0.12,42,3,132,270,32.40000000000008,2.1427597383263337,0.0,0.0
122,0.1308310552850208,damping=0.5,0.983203795435325,18.31634773990291,0.032558997787994245,0.3182279535128535,0.1,0.5,0.12,42,3,132,275,33.000000000000064,1.5256793876459387,0.0,0.0
122,0.1267600840928266,damping=0.5,0.9839453788201499,17.746411772995724,0.016854559147559695,0.26366475662688516,0.1,0.5,0.12,42,3,132,280,33.60000000000005,1.1353001759437864,0.0,0.0
119,0.12266879095665639,damping=0.5,0.984767972961014,17.173630733931894,0.01660398653487196,0.21660799221837534,0.1,0.5,0.12,42,3,132,285,34.20000000000004,0.9514311876781943,0.0,0.0
118,0.11896982983652418,damping=0.5,0.985831191829529,16.655776177113385,0.01661411889936418,0.17940053224285513,0.1,0.5,0.12,42,3,132,290,34.800000000000026,0.8403612921435297,0.0,0.0
118,0.11544463690057061,damping=0.5,0.9866337970180337,16.162249166079885,0.011631763497377925,0.15475204705678466,0.1,0.5,0.12,42,3,43,295,35.40000000000001,0.7361668391546851,0.0,0.0
118,0.11202629140968556,damping=0.5,0.9871716453158785,15.68368079735598,0.00965784177080087,0.14646860784135957,0.1,0.5,0.12,42,3,43,300,36.0,0.6074106193182776,0.0,0.0
1,0.35342714233082045,damping=0.5,0.009583643309435392,49.47979992631486,0.20890570979602727,49.211977827169704,0.1,0.5,0.12,42,4,1,5,0.6,1.68881944172465,0.0,0.0
3,0.35138251393390046,damping=0.5,0.02771046518205881,49.19355195074606,0.2981732132776403,48.39976931585485,0.1,0.5,0.12,42,4,1,10,1.2000000000000002,3.151069678957366,0.0,0.0
4,0.34926275398459333,damping=0.5,0.05053783515316792,48.89678555784307,0.3612328757971815,47.445695719572484,0.1,0.5,0.12,42,4,1,15,1.8000000000000007,4.472318652699408,0.0,0.0
4,0.34702880589274177,damping=0.5,0.07433131199792078,48.584032824983844,0.3761777302959257,46.42410979723518,0.1,0.5,0.12,42,4,1,20,2.4000000000000012,4.89499645396165,0.0,0.0
4,0.34467763237455307,damping=0.5,0.09819245202573244,48.25486853243743,0.40916613844694616,45.362265537018,0.1,0.5,0.12,42,4,1,25,3.0000000000000018,5.324420138850133,0.0,0.0
4,0.34194931540133994,damping=0.5,0.1205022349317269,47.872904156187595,0.40403653586018284,44.28485208595847,0.1,0.5,0.12,42,4,1,30,3.6000000000000023,5.477718215517666,0.0,0.0
5,0.33884454172018,damping=0.5,0.14151423014133346,47.43823584082521,0.42655396553500996,43.19437465692682,0.1,0.5,0.12,42,4,1,35,4.200000000000003,5.879674636958329,0.0,0.0
5,0.3355162175094282,damping=0.5,0.1616156283665932,46.97227045131995,0.4158611208576647,42.102538382036805,0.1,0.5,0.12,42,4,1,40,4.800000000000003,5.909978143436637,0.0,0.0
5,0.3324620607722982,damping=0.5,0.18318807164104597,46.544688508121745,0.435895008951216,41.00496929432301,0.1,0.5,0.12,42,4,1,45,5.400000000000004,6.147715880517558,0.0,0.0
5,0.3295971868041783,damping=0.5,0.20539881813704805,46.143606152584965,0.42321676678027564,39.91011392047814,0.1,0.5,0.12,42,4,1,50,6.000000000000004,6.057592320085273,0.0,0.0
5,0.32662496918917394,damping=0.5,0.22724404192058134,45.72749568648435,0.4421837188806486,38.81197982885342,0.1,0.5,0.12,42,4,1,55,6.600000000000005,6.27667420509961,0.0,0.0
7,0.3235535377718313,damping=0.5,0.2485851200960528,45.29749528805638,0.42859739565575045,37.718241226272326,0.1,0.5,0.12,42,4,1,60,7.2000000000000055,6.2030296313950055,0.0,0.0
10,0.31997062264739734,damping=0.5,0.268182969785146,44.79588717063563,0.4472991415464209,36.62226053873751,0.1,0.5,0.12,42,4,1,65,7.800000000000006,6.392645186100314,0.0,0.0
12,0.3159658204718327,damping=0.5,0.2862536956047107,44.23521486605658,0.43318127256386363,35.531484757244215,0.1,0.5,0.12,42,4,1,70,8.400000000000004,6.302735641728222,0.0,0.0
15,0.3117747203972442,damping=0.5,0.30397117345329233,43.64846085561419,0.4516699734303261,34.43907967183293,0.1,0.5,0.12,42,4,1,75,9.0,6.518539472593435,0.0,0.0
20,0.3080127584745548,damping=0.5,0.3233642593480384,43.12178618643767,0.4371129655486262,33.352479962789104,0.1,0.5,0.12,42,4,1,80,9.599999999999996,6.442223458326963,0.0,0.0
21,0.30454194394757167,damping=0.5,0.344002844295055,42.635872152660035,0.4554301612563937,32.264754891360475,0.1,0.5,0.12,42,4,1,85,10.199999999999992,6.597348874981269,0.0,0.0
27,0.30098503141935834,damping=0.5,0.3642937363152339,42.13790439871017,0.4403968407782729,31.18345495032431,0.1,0.5,0.12,42,4,1,90,10.799999999999988,6.47078657139015,0.0,0.0
30,0.29734857481496835,damping=0.5,0.38452581163947847,41.62880047409557,0.45838823574299725,30.101702523487376,0.1,0.5,0.12,42,4,1,95,11.399999999999984,6.641700140504007,0.0,0.0
38,0.29315711028101893,damping=0.5,0.4030089564631391,41.04199543934265,0.4428850992237937,29.027133257022058,0.1,0.5,0.12,42,4,1,100,11.99999999999998,6.512024681206665,0.0,0.0
41,0.2885287662833873,damping=0.5,0.420441819956591,40.39402727967422,0.4605909420866357,27.952812341346707,0.1,0.5,0.12,42,4,1,105,12.599999999999977,6.689477430438386,0.0,0.0
53,0.28375420324923445,damping=0.5,0.43756277449632064,39.72558845489282,0.44469764788697985,26.88637126400382,0.1,0.5,0.12,42,4,1,110,13.199999999999973,6.5803214268405945,0.0,0.0
65,0.2794809571956649,damping=0.5,0.4566298427368104,39.12733400739309,0.46209667991272685,25.820839389787047,0.1,0.5,0.12,42,4,1,115,13.799999999999969,6.765830945342046,0.0,0.0
76,0.27555007273150967,damping=0.5,0.4767743205146451,38.57701018241136,0.4457738731387253,24.76391117963922,0.1,0.5,0.12,42,4,1,120,14.399999999999965,6.607712297846395,0.0,0.0
84,0.2715506099323868,damping=0.5,0.4969462686896974,38.01708539053415,0.46268699186728046,23.708708753768168,0.1,0.5,0.12,42,4,1,125,14.999999999999961,6.750058271197235,0.0,0.0
89,0.2674908619595367,damping=0.5,0.5169572066752648,37.448720674335135,0.4458455818312632,22.663042941183445,0.1,0.5,0.12,42,4,1,130,15.599999999999957,6.60272957645589,0.0,0.0
94,0.26286302547417434,damping=0.5,0.5357003829723866,36.80082356638441,0.46219951338633414,21.620091985798993,0.1,0.5,0.12,42,4,1,135,16.199999999999957,6.743168658237972,0.0,0.0
98,0.2578143126019041,damping=0.5,0.5534253152486561,36.094003764266574,0.44490822766467253,20.5876552392482,0.1,0.5,0.12,42,4,1,140,16.79999999999996,6.599161914458797,0.0,0.0
98,0.25264180078916104,damping=0.5,0.5712138463095201,35.36985211048255,0.4606838821801646,19.558934777254933,0.1,0.5,0.12,42,4,1,145,17.399999999999967,6.758642737506124,0.0,0.0
98,0.2480131217069257,damping=0.5,0.5905923877684058,34.721837038969596,0.4429540230573267,18.541722081041137,0.1,0.5,0.12,42,4,1,150,17.99999999999997,6.624090053623628,0.0,0.0
99,0.2437537939962823,damping=0.5,0.6111825635208741,34.12553115947952,0.45799891791923425,17.52933786362999,0.1,0.5,0.12,42,4,1,155,18.599999999999977,6.733049740539006,0.0,0.0
104,0.23944573655268675,damping=0.5,0.6316280401138629,33.52240311737614,0.4396968241601425,16.529668536943255,0.1,0.5,0.12,42,4,1,160,19.19999999999998,6.553799557077872,0.0,0.0
106,0.23509539401839744,damping=0.5,0.6521816462726757,32.91335516257564,0.45376011586848897,15.536262613302931,0.1,0.5,0.12,42,4,1,165,19.799999999999986,6.666408306370936,0.0,0.0
106,0.23001040523137262,damping=0.5,0.6710990233287507,32.20145673239217,0.4348566010728621,14.557037072365087,0.1,0.5,0.12,42,4,1,170,20.39999999999999,6.486300535145671,0.0,0.0
106,0.2246932816139121,damping=0.5,0.6898182334824655,31.457059425947694,0.4478472490485301,13.58570230803301,0.1,0.5,0.12,42,4,1,175,20.999999999999996,6.602541023329667,0.0,0.0
107,0.2192818557071754,damping=0.5,0.7084348700802102,30.699459799004554,0.428352600290585,12.63014406621664,0.1,0.5,0.12,42,4,1,180,21.6,6.435458095738995,0.0,0.0
107,0.21444115926202847,damping=0.5,0.7285581759270708,30.02176229668399,0.44006461895734766,11.68431863390844,0.1,0.5,0.12,42,4,1,185,22.200000000000006,6.545052836174858,0.0,0.0
107,0.20999521503842447,damping=0.5,0.7493774351849078,29.399330105379427,0.41982639056584303,10.75617564026849,0.1,0.5,0.12,42,4,1,190,22.80000000000001,6.329836682555026,0.0,0.0
109,0.20551962256517778,damping=0.5,0.7701642157682906,28.77274715912489,0.4298307723881933,9.840115593307909,0.1,0.5,0.12,42,4,1,195,23.400000000000016,6.384942709246277,0.0,0.0
110,0.20102326821420197,damping=0.5,0.7906727573490556,28.143257549988274,0.4086189530564078,8.944229763699438,0.1,0.5,0.12,42,4,1,200,24.00000000000002,6.167372139751553,0.0,0.0
114,0.19582636128409994,damping=0.5,0.8100079792844904,27.415690579773994,0.41650134885793555,8.06343907174746,0.1,0.5,0.12,42,4,1,205,24.600000000000026,6.207606212227718,0.0,0.0
114,0.19043770263614893,damping=0.5,0.8288340979489123,26.66127836906085,0.3941675322982102,7.205918780393985,0.1,0.5,0.12,42,4,1,210,25.20000000000003,5.98678724974074,0.0,0.0
114,0.18498749063737252,damping=0.5,0.8475253109791203,25.898248689232155,0.3994052379468149,6.367255205889414,0.1,0.5,0.12,42,4,1,215,25.800000000000036,6.017967194424786,0.0,0.0
115,0.18011260386127165,damping=0.5,0.8666650500269806,25.215764540578032,0.37559155434034264,5.555848871337162,0.1,0.5,0.12,42,4,1,220,26.40000000000004,5.784943701714437,0.0,0.0
116,0.17563515968261778,damping=0.5,0.8858463518017877,24.58892235556649,0.37721778134091244,4.768363861241155,0.1,0.5,0.12,42,4,1,225,27.000000000000046,5.740996834166762,0.0,0.0
120,0.17115731227969974,damping=0.5,0.9041148209788809,23.962023719157962,0.351178100495079,4.013778310195479,0.1,0.5,0.12,42,4,1,230,27.60000000000005,5.444763597226989,0.0,0.0
120,0.16668730987069869,damping=0.5,0.9214412209312106,23.336223381897817,0.34711527692864996,3.2908129540313715,0.1,0.5,0.12,42,4,1,235,28.200000000000056,5.348528318114889,0.0,0.0
120,0.16161734772645395,damping=0.5,0.9368709391305977,22.62642868170355,0.3160340295339406,2.611855388659162,0.1,0.5,0.12,42,4,1,240,28.80000000000006,4.998848504594481,0.0,0.0
120,0.15642694550078062,damping=0.5,0.950721607835265,21.899772370109286,0.30206088567444317,1.9800454372410208,0.1,0.5,0.12,42,4,1,245,29.400000000000066,4.8099147293341975,0.0,0.0
117,0.1512535768823432,damping=0.5,0.9625958476097641,21.17550076352805,0.2647705298151081,1.408146521638283,0.1,0.5,0.12,42,4,1,250,30.00000000000007,4.3892185534871135,0.0,0.0
120,0.1467892105801953,damping=0.5,0.9725434048534397,20.550489481227345,0.23797374811614722,0.9024913475325662,0.1,0.5,0.12,42,4,1,255,30.600000000000076,4.056692164170223,0.0,0.0
120,0.14253554732615423,damping=0.5,0.9794735024106265,19.95497662566159,0.19083875595976488,0.4795022698402265,0.1,0.5,0.12,42,4,1,260,31.20000000000008,3.4881952005070516,0.0,0.0
120,0.13834552293913363,damping=0.5,0.9827412266503256,19.36837321147871,0.14197345644397008,0.4259250266463024,0.1,0.5,0.12,42,4,132,265,31.800000000000086,2.911773844205446,0.0,0.0
121,0.1345646757239654,damping=0.5,0.9822823505635359,18.83905460135516,0.07754951124801682,0.37526745587752885,0.1,0.5,0.12,42,4,132,270,32.40000000000008,2.1427597383263337,0.0,0.0
122,0.1308310552850208,damping=0.5,0.983203795435325,18.31634773990291,0.032558997787994245,0.3182279535128535,0.1,0.5,0.12,42,4,132,275,33.000000000000064,1.5256793876459387,0.0,0.0
122,0.1267600840928266,damping=0.5,0.9839453788201499,17.746411772995724,0.016854559147559695,0.26366475662688516,0.1,0.5,0.12,42,4,132,280,33.60000000000005,1.1353001759437864,0.0,0.0
119,0.12266879095665639,damping=0.5,0.984767972961014,17.173630733931894,0.01660398653487196,0.21660799221837534,0.1,0.5,0.12,42,4,132,285,34.20000000000004,0.9514311876781943,0.0,0.0
118,0.11896982983652418,damping=0.5,0.985831191829529,16.655776177113385,0.01661411889936418,0.17940053224285513,0.1,0.5,0.12,42,4,132,290,34.800000000000026,0.8403612921435297,0.0,0.0
118,0.11544463690057061,damping=0.5,0.9866337970180337,16.162249166079885,0.011631763497377925,0.15475204705678466,0.1,0.5,0.12,42,4,43,295,35.40000000000001,0.7361668391546851,0.0,0.0
118,0.11202629140968556,damping=0.5,0.9871716453158785,15.68368079735598,0.00965784177080087,0.14646860784135957,0.1,0.5,0.12,42,4,43,300,36.0,0.6074106193182776,0.0,0.0
