{
  "experiment": "Logic Gate & Signal Router (Experiment 8)",
  "engine_sha256": "5316e4fd6713b2d5e2dd4999780b5f7871c0a7b1c90e8f151698805653562eef",
  "graph_sha256": "b9800d5313886818c7c1980829e1ca5da7d63d9e2218e36c020df80db19b06fb",
  "total_trials": 87,
  "total_seconds": 239.02752423286438,
  "gates": {
    "gate_1_not": {
      "gate": "NOT",
      "results": {
        "0.2": {
          "off": {
            "basin": 9,
            "iton": 0.20149253731343283,
            "coherence": 0.9656068476888207
          },
          "on": {
            "basin": 1,
            "iton": 0.5135135135135135,
            "coherence": 0.9854499032471035
          },
          "inverted": true
        },
        "5.0": {
          "off": {
            "basin": 9,
            "iton": 0.0,
            "coherence": 0.9944984510722928
          },
          "on": {
            "basin": 1,
            "iton": 0.0,
            "coherence": 0.9953869188441449
          },
          "inverted": true
        },
        "20.0": {
          "off": {
            "basin": 22,
            "iton": 0.0,
            "coherence": 0.9987864110058371
          },
          "on": {
            "basin": 22,
            "iton": 0.0,
            "coherence": 0.9974861441807296
          },
          "inverted": false
        }
      },
      "pass_rate": 0.6666666666666666
    },
    "gate_2_and": {
      "gate": "AND",
      "results": {
        "0.2": {
          "states": {
            "00": {
              "basin": null,
              "mass": 0.0,
              "is_grail": false
            },
            "10": {
              "basin": 9,
              "is_grail": false,
              "iton": 0.20149253731343283
            },
            "01": {
              "basin": null,
              "mass": 0.0,
              "is_grail": false
            },
            "11": {
              "basin": 1,
              "is_grail": true,
              "iton": 0.5135135135135135
            }
          },
          "strict_pass": true,
          "relaxed_pass": true
        },
        "5.0": {
          "states": {
            "00": {
              "basin": null,
              "mass": 0.0,
              "is_grail": false
            },
            "10": {
              "basin": 9,
              "is_grail": false,
              "iton": 0.0
            },
            "01": {
              "basin": null,
              "mass": 0.0,
              "is_grail": false
            },
            "11": {
              "basin": 1,
              "is_grail": true,
              "iton": 0.0
            }
          },
          "strict_pass": true,
          "relaxed_pass": true
        },
        "20.0": {
          "states": {
            "00": {
              "basin": null,
              "mass": 0.0,
              "is_grail": false
            },
            "10": {
              "basin": 22,
              "is_grail": false,
              "iton": 0.0
            },
            "01": {
              "basin": null,
              "mass": 0.0,
              "is_grail": false
            },
            "11": {
              "basin": 22,
              "is_grail": false,
              "iton": 0.0
            }
          },
          "strict_pass": false,
          "relaxed_pass": false
        }
      },
      "strict_pass_rate": 0.6666666666666666,
      "relaxed_pass_rate": 0.6666666666666666
    },
    "gate_3_or": {
      "gate": "OR",
      "results": {
        "0.2": {
          "states": {
            "00": {
              "mass": 0.0,
              "maxRho": 0.0
            },
            "10": {
              "mass": 14.18180332405375,
              "maxRho": 0.10960372473812686,
              "basin": 1
            },
            "01": {
              "mass": 18.57767366717699,
              "maxRho": 0.14277977798526018,
              "basin": 2
            },
            "11": {
              "mass": 32.99378625941626,
              "maxRho": 0.256947581712484,
              "basin": 1
            }
          },
          "threshold": 7.090901662026875,
          "correct": true
        },
        "5.0": {
          "states": {
            "00": {
              "mass": 0.0,
              "maxRho": 0.0
            },
            "10": {
              "mass": 4.549563083318233e-10,
              "maxRho": 3.491439902961668e-12,
              "basin": 132
            },
            "01": {
              "mass": 3.0943539519704925e-11,
              "maxRho": 2.5557551856998007e-13,
              "basin": 78
            },
            "11": {
              "mass": 1.0599668511597528e-09,
              "maxRho": 8.841527708561358e-12,
              "basin": 1
            }
          },
          "threshold": 1.5471769759852463e-11,
          "correct": true
        },
        "20.0": {
          "states": {
            "00": {
              "mass": 0.0,
              "maxRho": 0.0
            },
            "10": {
              "mass": 2.84525237916451e-18,
              "maxRho": 4.589801248684026e-19,
              "basin": 7
            },
            "01": {
              "mass": 7.49236098918855e-17,
              "maxRho": 1.996995293261007e-17,
              "basin": 2
            },
            "11": {
              "mass": 7.514973867862638e-17,
              "maxRho": 1.9693846771548682e-17,
              "basin": 2
            }
          },
          "threshold": 1.422626189582255e-18,
          "correct": true
        }
      },
      "pass_rate": 1.0
    },
    "gate_4_router": {
      "gate": "ROUTER",
      "results": {
        "UNIFORM": {
          "basin": 9,
          "basin_label": "metatron",
          "basin_frac": 0.67,
          "iton": 0.20149253731343283,
          "coherence": 0.9656068476888207,
          "top5": [
            [
              7,
              0.9246952931415623
            ],
            [
              5,
              0.8245786930635377
            ],
            [
              136,
              0.7951826076047934
            ],
            [
              12,
              0.7441450712230092
            ],
            [
              69,
              0.7211908282568644
            ]
          ],
          "description": "Default weights (w0=1.0 everywhere)"
        },
        "SPIRIT_3x": {
          "basin": 1,
          "basin_label": "grail",
          "basin_frac": 0.52,
          "iton": 0.5135135135135135,
          "coherence": 0.9854499032471035,
          "top5": [
            [
              14,
              0.7628113823528887
            ],
            [
              17,
              0.7628113823528887
            ],
            [
              30,
              0.7628113823528887
            ],
            [
              41,
              0.7628113823528887
            ],
            [
              112,
              0.7628113823528887
            ]
          ],
          "description": "Spirit-adjacent edges w0=3.0"
        },
        "GRAIL_ATTRACT": {
          "basin": 9,
          "basin_label": "metatron",
          "basin_frac": 0.66,
          "iton": 0.5915492957746479,
          "coherence": 0.9227459860051119,
          "top5": [
            [
              7,
              0.6480708971314211
            ],
            [
              136,
              0.5878430799400354
            ],
            [
              5,
              0.5858704126195611
            ],
            [
              67,
              0.5847135311571815
            ],
            [
              69,
              0.5844055723974907
            ]
          ],
          "description": "Edges touching grail neighbors w0=3.0, others w0=0.5"
        },
        "HUB_SUPPRESS": {
          "basin": 9,
          "basin_label": "metatron",
          "basin_frac": 0.48,
          "iton": 0.2785714285714286,
          "coherence": 0.9658695248653913,